epoch,versal,aie,sysmon_max,aie_ch1,aie_ch2,aie_ch3,aie_ch4,aie_ch5,aie_ch6,aie_ch7,aie_ch8,aie_ch9,aie_ch10,aie_ch11,aie_ch12,VCCINT_V,VCC_SOC_V,VCC_PMC_V,VCC_RAM_V,VCCINT_PSLP_V,VCCINT_PSFP_V,VCCAUX_V,VCCAUX_PMC_V,VCC_MIO_V,VCC1V8_V,VCC3V3_V,VCC_DDR4_V,VCC1V1_LP4_V,VADJ_FMC_V,MGTYAVCC_V,MGTYAVTT_V,MGTYVCCAUX_V,VCCINT_W,VCC_SOC_W,VCC_PMC_W,VCC_RAM_W,VCCINT_PSLP_W,VCCINT_PSFP_W,VCCAUX_W,VCCAUX_PMC_W,VCC_MIO_W,VCC1V8_W,VCC3V3_W,VCC_DDR4_W,VCC1V1_LP4_W,VADJ_FMC_W,MGTYAVCC_W,MGTYAVTT_W,MGTYVCCAUX_W,total_W
1786332240.61,34.382,34.437,35.539,33.492,33.281,33.101,31.718,34.476,34.546,33.742,34.187,34.062,32.632,32.976,33.101,0.8050,0.8087,0.8000,0.8000,0.8013,0.8025,1.5038,1.5000,1.8013,1.7963,3.3150,1.2000,1.1025,0.0037,0.8788,1.2038,1.4950,1.9320,4.8323,0.1184,0.0548,0.1683,0.1757,1.5489,0.1103,0.1450,0.0126,0.0249,0.5460,1.1692,-0.0000,0.1922,0.1715,0.0022,11.2042
1786332241.61,34.593,34.484,35.539,33.468,33.437,32.890,31.960,34.312,34.421,34.453,34.531,34.078,32.765,32.953,33.234,0.8050,0.8087,0.8000,0.8013,0.7988,0.8025,1.5012,1.5000,1.8000,1.7963,3.3150,1.2000,1.1013,0.0037,0.8775,1.2038,1.4938,2.0769,4.8080,0.1112,0.0549,0.1673,0.1489,1.5380,0.1095,0.1440,0.0135,0.0249,0.6042,1.1668,-0.0000,0.1920,0.1715,0.0030,11.3345
1786332242.61,34.539,34.640,35.539,33.585,33.492,33.023,31.843,34.234,34.601,33.859,34.015,33.710,32.804,32.250,32.984,0.8037,0.8100,0.7988,0.8000,0.7988,0.8013,1.5025,1.4988,1.8000,1.7950,3.3138,1.2000,1.1025,0.0025,0.8788,1.2038,1.4950,1.3985,4.8155,0.1146,0.0544,0.1669,0.1699,1.5491,0.1094,0.1440,0.0126,0.0249,0.5454,1.1681,-0.0000,0.1900,0.1730,0.0037,10.6400
1786332243.61,34.437,34.710,35.539,33.718,32.929,33.312,32.031,34.710,34.078,33.859,33.937,34.218,33.078,32.664,33.171,0.8037,0.8100,0.8000,0.8000,0.7988,0.8013,1.5025,1.5000,1.8000,1.7950,3.3138,1.2025,1.1000,0.0037,0.8788,1.2038,1.4938,1.4950,4.8357,0.1132,0.0540,0.1673,0.1683,1.5371,0.1095,0.1431,0.0117,0.0232,0.5459,1.1660,-0.0000,0.1944,0.1730,0.0030,10.7404
1786332244.61,34.445,34.500,35.539,33.515,32.867,32.679,31.781,34.570,34.187,34.179,33.914,34.078,32.554,33.007,33.335,0.8025,0.8087,0.8000,0.8000,0.7988,0.8013,1.5025,1.5012,1.8025,1.7963,3.3150,1.2000,1.1013,0.0025,0.8788,1.2025,1.4950,1.2519,4.8282,0.1200,0.0548,0.1673,0.1570,1.5393,0.1111,0.1451,0.0126,0.0249,0.5478,1.1673,-0.0000,0.1911,0.1699,0.0022,10.4906
1786332245.61,34.445,34.320,35.539,33.156,32.984,32.929,31.882,34.320,34.765,34.406,34.210,34.132,32.734,32.679,33.398,0.8050,0.8087,0.7988,0.8000,0.7988,0.8013,1.5012,1.4988,1.8000,1.7963,3.3150,1.2000,1.1013,0.0037,0.8788,1.2025,1.4938,1.5456,4.8161,0.1126,0.0548,0.1677,0.1687,1.5388,0.1094,0.1449,0.0126,0.0232,0.5454,1.1668,-0.0000,0.1922,0.1729,0.0030,10.7746
1786332246.61,34.664,34.289,35.539,33.671,32.882,33.125,32.085,34.328,34.335,33.953,34.101,34.304,32.898,32.656,33.156,0.8037,0.8113,0.8000,0.8013,0.7975,0.8013,1.5012,1.5000,1.8013,1.7963,3.3138,1.2000,1.1025,0.0037,0.8775,1.2025,1.4938,1.9049,4.8310,0.1200,0.0537,0.1675,0.1631,1.5358,0.1095,0.1441,0.0117,0.0249,0.5448,1.1687,-0.0000,0.1909,0.1729,0.0030,11.1462
1786332247.61,34.648,34.781,35.539,33.601,33.281,33.273,32.273,34.781,34.125,33.953,33.890,34.257,32.726,32.398,33.085,0.8037,0.8113,0.8000,0.8013,0.7988,0.8013,1.5025,1.5000,1.8025,1.7963,3.3150,1.2000,1.1013,0.0025,0.8775,1.2025,1.4938,1.1815,4.8432,0.1176,0.0545,0.1673,0.1643,1.5386,0.1110,0.1433,0.0117,0.0232,0.5454,1.1657,-0.0000,0.1909,0.1714,0.0030,10.4324
1786332248.61,34.476,34.445,35.539,33.507,33.578,33.281,31.679,33.820,34.148,34.054,34.468,34.179,32.625,32.859,33.195,0.8037,0.8100,0.8000,0.8013,0.7988,0.8025,1.5038,1.5000,1.8013,1.7963,3.3138,1.2012,1.1013,0.0037,0.8775,1.2025,1.4938,1.2780,4.8276,0.1092,0.0545,0.1677,0.1569,1.5398,0.1095,0.1441,0.0126,0.0232,0.5460,1.1662,-0.0000,0.1909,0.1729,0.0030,10.5020
1786332249.61,34.429,34.312,35.539,33.414,33.382,33.312,32.000,33.914,34.312,34.437,34.062,34.296,32.851,32.804,32.898,0.8037,0.8087,0.7988,0.8013,0.7988,0.8013,1.5025,1.5000,1.8013,1.7963,3.3138,1.2000,1.1013,0.0037,0.8775,1.2025,1.4938,1.6155,4.8121,0.1142,0.0545,0.1673,0.1687,1.5378,0.1118,0.1441,0.0126,0.0232,0.5472,1.1668,0.0000,0.1898,0.1714,0.0030,10.8398
1786332250.61,34.703,34.203,35.539,33.492,33.179,32.953,31.992,34.078,34.093,33.984,34.132,33.921,32.593,32.570,32.992,0.8037,0.8113,0.7988,0.8000,0.8000,0.8013,1.5025,1.4988,1.8013,1.7963,3.3150,1.2000,1.1013,0.0037,0.8775,1.2025,1.4938,1.9772,4.8391,0.1138,0.0540,0.1676,0.1651,1.5476,0.1094,0.1441,0.0126,0.0232,0.5460,1.1662,0.0000,0.1909,0.1729,0.0022,11.2319
1786332251.61,34.414,34.343,35.539,33.304,32.843,33.187,31.867,34.210,34.343,34.148,33.906,33.750,32.820,32.601,33.109,0.8037,0.8087,0.7988,0.8000,0.7988,0.8013,1.5025,1.5000,1.8000,1.7963,3.3150,1.2000,1.1013,0.0037,0.8788,1.2025,1.4938,1.2538,4.8323,0.1150,0.0540,0.1681,0.1651,1.5401,0.1103,0.1449,0.0126,0.0232,0.5472,1.1673,-0.0000,0.1911,0.1699,0.0030,10.4978
1786332252.61,34.578,34.281,35.539,33.234,33.085,33.046,31.820,34.656,34.203,33.867,34.039,34.656,33.085,33.000,32.929,0.8050,0.8113,0.7988,0.8000,0.8000,0.8013,1.5025,1.5000,1.8000,1.7950,3.3138,1.2012,1.1025,0.0037,0.8788,1.2038,1.4950,1.8596,4.8310,0.1198,0.0544,0.1680,0.1534,1.5431,0.1103,0.1440,0.0126,0.0249,0.5478,1.1687,-0.0000,0.1911,0.1700,0.0030,11.1015
1786332253.61,34.585,34.398,35.539,33.351,33.453,33.101,32.062,34.398,34.078,34.312,33.976,34.578,32.796,32.835,33.257,0.8037,0.8087,0.7988,0.8000,0.7988,0.8000,1.5012,1.4988,1.8013,1.7963,3.3138,1.2012,1.1013,0.0037,0.8788,1.2038,1.4950,2.0013,4.8202,0.1146,0.0544,0.1677,0.1620,1.5440,0.1102,0.1432,0.0117,0.0215,0.5472,1.1662,-0.0000,0.1911,0.1730,0.0022,11.2306
1786332254.61,34.500,34.132,35.539,33.578,33.492,32.820,31.531,34.515,34.289,34.125,34.164,34.070,32.960,32.875,32.703,0.8037,0.8100,0.7988,0.8013,0.8000,0.8013,1.5012,1.4988,1.8013,1.7963,3.3163,1.2000,1.1013,0.0050,0.8788,1.2038,1.4938,1.7602,4.8317,0.1110,0.0545,0.1676,0.1679,1.5373,0.1094,0.1432,0.0108,0.0265,0.5472,1.1662,-0.0000,0.1900,0.1715,0.0022,10.9973
1786332255.61,34.843,34.304,35.539,33.468,33.359,33.281,31.890,34.156,33.929,33.882,34.054,34.492,33.093,32.593,33.242,0.8025,0.8100,0.7988,0.8013,0.7988,0.8013,1.5025,1.5000,1.8013,1.7963,3.3150,1.2012,1.1013,0.0037,0.8800,1.2038,1.4938,1.7816,4.8236,0.1118,0.0545,0.1673,0.1683,1.5483,0.1110,0.1450,0.0126,0.0232,0.5478,1.1673,-0.0000,0.1936,0.1700,0.0030,11.0288
1786332256.61,34.625,34.648,35.539,33.851,33.195,32.992,31.968,34.218,34.398,34.000,34.187,34.117,32.835,32.640,33.093,0.8037,0.8087,0.7988,0.8013,0.8000,0.8000,1.5025,1.4988,1.8000,1.7963,3.3138,1.2000,1.1013,0.0025,0.8788,1.2038,1.4938,0.8198,4.8121,0.1170,0.0541,0.1672,0.1644,1.5393,0.1102,0.1431,0.0117,0.0249,0.5460,1.1673,-0.0000,0.1922,0.1700,0.0022,10.0415
1786332257.61,34.562,34.359,35.539,33.476,33.578,32.843,31.609,34.148,34.359,34.164,33.812,34.179,32.718,32.843,33.117,0.8037,0.8100,0.8000,0.8013,0.8000,0.8013,1.5025,1.5012,1.8013,1.7950,3.3150,1.2012,1.1025,0.0050,0.8788,1.2025,1.4938,1.4709,4.8276,0.1168,0.0549,0.1672,0.1619,1.5341,0.1103,0.1450,0.0126,0.0232,0.5460,1.1687,-0.0000,0.1911,0.1714,0.0022,10.7037
1786332258.61,34.632,34.609,35.539,33.335,33.195,32.820,32.039,34.398,34.140,34.242,34.203,34.273,33.093,32.625,33.265,0.8037,0.8087,0.7988,0.8013,0.7988,0.8025,1.5012,1.5012,1.8025,1.7950,3.3150,1.1987,1.1013,0.0037,0.8788,1.2025,1.4938,1.5914,4.8161,0.1114,0.0549,0.1673,0.1621,1.5358,0.1096,0.1451,0.0135,0.0215,0.5544,1.1679,0.0000,0.1900,0.1729,0.0030,10.8169
1786332259.61,34.664,34.617,35.539,33.281,33.398,33.289,31.914,34.617,34.515,33.875,34.078,34.195,33.054,32.515,32.789,0.8025,0.8087,0.8000,0.8013,0.7988,0.8013,1.5025,1.4988,1.8013,1.7963,3.3138,1.2012,1.1013,0.0025,0.8788,1.2038,1.4938,1.2278,4.8282,0.1152,0.0545,0.1673,0.1635,1.5363,0.1102,0.1450,0.0126,0.0232,0.5484,1.1668,-0.0000,0.1922,0.1715,0.0030,10.4657
1786332260.61,34.382,34.320,35.539,33.882,33.453,33.226,31.179,34.054,34.164,33.812,33.796,34.281,33.007,32.515,33.257,0.8037,0.8087,0.8000,0.8013,0.8000,0.8013,1.5025,1.5000,1.8013,1.7963,3.3138,1.2012,1.1013,0.0037,0.8788,1.2025,1.4938,2.4595,4.8161,0.1148,0.0545,0.1676,0.1498,1.5378,0.1118,0.1450,0.0126,0.0232,0.5478,1.1673,-0.0000,0.1889,0.1729,0.0022,11.6718
1786332261.61,34.445,34.546,35.539,33.531,33.710,33.242,31.843,34.546,34.234,33.960,33.898,34.250,32.531,32.617,32.820,0.8037,0.8100,0.7988,0.8000,0.7988,0.8025,1.5025,1.4988,1.8025,1.7963,3.3138,1.2012,1.1013,0.0025,0.8788,1.2038,1.4950,0.8922,4.8236,0.1126,0.0544,0.1677,0.1705,1.5498,0.1094,0.1433,0.0126,0.0232,0.5466,1.1673,-0.0000,0.1922,0.1715,0.0030,10.1400
1786332262.61,34.500,34.570,35.539,33.562,33.031,33.531,32.195,34.687,34.460,34.000,33.796,34.437,33.078,32.835,33.062,0.8037,0.8087,0.7988,0.8000,0.7988,0.8013,1.5025,1.5000,1.8013,1.7963,3.3150,1.2000,1.1013,0.0037,0.8800,1.2038,1.4938,1.3503,4.8202,0.1186,0.0544,0.1673,0.1687,1.5386,0.1118,0.1432,0.0126,0.0232,0.5460,1.1679,0.0000,0.1914,0.1700,0.0022,10.5863
1786332263.61,34.429,34.390,35.539,33.226,33.148,32.960,31.710,34.390,34.164,33.953,34.125,33.890,32.875,32.734,33.007,0.8050,0.8100,0.7975,0.8000,0.7975,0.8025,1.5025,1.4988,1.8013,1.7963,3.3138,1.2000,1.1013,0.0025,0.8788,1.2025,1.4950,1.7388,4.8317,0.1093,0.0540,0.1671,0.1537,1.5476,0.1102,0.1441,0.0117,0.0232,0.5460,1.1662,-0.0000,0.1889,0.1729,0.0030,10.9682
1786332264.61,34.421,34.804,35.539,33.156,33.531,33.234,31.906,34.726,34.335,33.773,34.242,33.781,32.914,32.500,33.445,0.8037,0.8087,0.7988,0.8000,0.7988,0.8013,1.5025,1.5000,1.8025,1.7963,3.3150,1.2000,1.1025,0.0025,0.8788,1.2025,1.4938,1.6879,4.8282,0.1142,0.0544,0.1673,0.1639,1.5378,0.1095,0.1442,0.0126,0.0232,0.5460,1.1675,-0.0000,0.1900,0.1714,0.0030,10.9211
1786332265.61,34.375,34.531,35.539,33.703,33.437,33.007,31.664,34.367,34.109,33.820,34.203,33.984,33.125,33.078,33.500,0.8050,0.8087,0.8000,0.8013,0.7988,0.8000,1.5025,1.5000,1.8000,1.7963,3.3138,1.2000,1.1013,0.0025,0.8775,1.2025,1.4950,1.3766,4.7999,0.1144,0.0545,0.1673,0.1592,1.5348,0.1103,0.1440,0.0117,0.0232,0.5460,1.1673,-0.0000,0.1887,0.1714,0.0030,10.5722
1786332266.61,34.796,34.468,35.539,33.585,33.421,33.015,31.601,34.773,34.109,34.304,34.023,34.234,32.679,32.625,32.851,0.8050,0.8087,0.7988,0.8013,0.8013,0.8013,1.5025,1.5000,1.8000,1.7963,3.3138,1.2000,1.1013,0.0050,0.8775,1.2025,1.4938,1.6664,4.8323,0.1138,0.0549,0.1683,0.1639,1.5446,0.1088,0.1431,0.0117,0.0232,0.5448,1.1673,-0.0000,0.1898,0.1714,0.0015,10.9055
1786332267.61,34.289,34.500,35.539,33.664,33.375,33.015,31.976,34.906,34.492,34.156,34.484,33.992,33.023,32.625,33.445,0.8025,0.8100,0.7988,0.8000,0.8000,0.8000,1.5025,1.5000,1.8013,1.7963,3.3138,1.2000,1.1013,0.0037,0.8775,1.2025,1.4938,0.6741,4.8236,0.1178,0.0536,0.1676,0.1504,1.5378,0.1110,0.1450,0.0135,0.0249,0.5484,1.1679,-0.0000,0.1909,0.1699,0.0030,9.8992
1786332268.61,34.429,34.156,35.539,33.406,33.531,32.984,31.843,34.125,34.375,34.281,34.109,34.359,32.304,32.320,33.125,0.8025,0.8100,0.7988,0.8000,0.8000,0.8000,1.5025,1.5012,1.8025,1.7963,3.3138,1.2012,1.1013,0.0037,0.8788,1.2050,1.4938,2.0464,4.8195,0.1170,0.0544,0.1676,0.1684,1.5393,0.1118,0.1433,0.0126,0.0249,0.5454,1.1673,-0.0000,0.1911,0.1717,0.0022,11.2829
1786332269.61,34.421,34.578,35.539,33.531,33.671,33.539,32.015,34.195,34.093,33.804,34.015,33.976,32.500,32.640,33.007,0.8050,0.8087,0.7988,0.8000,0.7988,0.8013,1.5012,1.5000,1.8013,1.7963,3.3150,1.2000,1.1013,0.0037,0.8775,1.2025,1.4938,1.3524,4.8121,0.1134,0.0544,0.1677,0.1691,1.5373,0.1095,0.1432,0.0126,0.0249,0.5466,1.1651,0.0000,0.1920,0.1714,0.0030,10.5745
1786332270.61,34.507,34.703,35.539,33.828,33.046,33.039,32.125,34.312,34.726,34.601,34.093,33.882,32.968,32.507,33.218,0.8037,0.8087,0.7988,0.8013,0.8000,0.8013,1.5038,1.5000,1.8000,1.7963,3.3150,1.2000,1.1013,0.0037,0.8788,1.2038,1.4938,1.4226,4.8040,0.1170,0.0545,0.1684,0.1639,1.5383,0.1118,0.1440,0.0126,0.0249,0.5460,1.1679,-0.0000,0.1911,0.1715,0.0022,10.6407
1786332271.61,34.343,34.343,35.539,33.367,32.906,33.164,31.984,34.218,34.398,34.007,34.312,33.890,32.890,32.625,33.015,0.8037,0.8100,0.7988,0.8000,0.7988,0.8025,1.5025,1.5000,1.8000,1.7963,3.3163,1.2000,1.1000,0.0025,0.8788,1.2038,1.4938,1.1815,4.8276,0.1102,0.0540,0.1665,0.1685,1.5438,0.1095,0.1440,0.0126,0.0232,0.5460,1.1666,-0.0000,0.1933,0.1715,0.0037,10.4226
1786332272.61,34.460,34.843,35.539,33.437,33.773,32.937,31.679,34.242,34.210,34.109,33.617,33.976,32.601,32.710,32.898,0.8037,0.8100,0.8000,0.8013,0.7988,0.8013,1.5012,1.5000,1.8000,1.7963,3.3150,1.2000,1.1025,0.0025,0.8788,1.2025,1.4938,1.4950,4.8236,0.1136,0.0545,0.1669,0.1611,1.5335,0.1095,0.1440,0.0126,0.0249,0.5472,1.1687,-0.0000,0.1900,0.1699,0.0030,10.7178
1786332273.61,34.476,34.437,35.539,33.867,33.421,33.390,31.859,34.500,34.085,34.023,34.296,34.007,33.148,32.414,32.859,0.8037,0.8087,0.7988,0.8013,0.7988,0.8013,1.5025,1.5000,1.8013,1.7963,3.3150,1.2012,1.1025,0.0050,0.8788,1.2025,1.4938,2.0737,4.8282,0.1166,0.0541,0.1673,0.1659,1.5401,0.1088,0.1432,0.0117,0.0232,0.5466,1.1687,-0.0000,0.1900,0.1714,0.0022,11.3115
1786332274.61,34.585,34.382,35.539,33.031,32.953,33.429,31.867,34.242,34.359,33.687,34.312,34.000,32.640,32.851,33.148,0.8050,0.8087,0.8000,0.8000,0.7988,0.8013,1.5025,1.5000,1.8013,1.7963,3.3138,1.2012,1.1013,0.0037,0.8800,1.2038,1.4938,1.7630,4.8282,0.1152,0.0544,0.1677,0.1663,1.5468,0.1095,0.1441,0.0117,0.0249,0.7802,1.1668,-0.0000,0.1903,0.1700,0.0030,11.2420
1786332275.61,34.421,34.398,35.539,33.335,33.109,32.851,31.804,34.398,34.375,33.781,33.921,34.117,32.867,32.656,32.570,0.8037,0.8087,0.7988,0.8000,0.7988,0.8013,1.5025,1.5000,1.8000,1.7963,3.3150,1.2000,1.1013,0.0025,0.8775,1.2025,1.4938,1.7120,4.8161,0.1138,0.0544,0.1677,0.1651,1.5393,0.1103,0.1431,0.0126,0.0215,0.5454,1.1673,-0.0000,0.1920,0.1729,0.0030,10.9364
1786332276.61,34.656,34.351,35.539,33.726,33.328,32.929,31.351,34.265,33.921,34.148,33.968,33.765,32.812,32.828,33.015,0.8037,0.8087,0.7988,0.8013,0.7988,0.8013,1.5012,1.5000,1.8013,1.7975,3.3150,1.2025,1.1013,0.0037,0.8788,1.2038,1.4938,1.6879,4.8282,0.1134,0.0549,0.1673,0.1695,1.5463,0.1103,0.1432,0.0117,0.0215,0.5465,1.1673,-0.0000,0.1889,0.1700,0.0030,10.9300
1786332277.61,34.765,34.398,35.539,33.679,33.335,32.890,31.351,34.398,34.375,34.632,33.968,33.914,32.671,32.734,33.085,0.8037,0.8087,0.7988,0.8000,0.7988,0.8025,1.5012,1.5000,1.8013,1.7963,3.3138,1.2012,1.1013,0.0037,0.8788,1.2038,1.4938,1.2056,4.8202,0.1182,0.0540,0.1677,0.1573,1.5380,0.1103,0.1432,0.0126,0.0232,0.5466,1.1679,-0.0000,0.1889,0.1715,0.0022,10.4274
1786332278.61,34.906,34.585,35.539,33.710,33.132,33.226,31.828,34.468,34.289,34.046,34.539,34.281,32.929,33.015,33.031,0.8037,0.8075,0.8000,0.8000,0.7988,0.8000,1.5025,1.5000,1.8037,1.7950,3.3150,1.2000,1.1013,0.0037,0.8800,1.2025,1.4950,1.5914,4.8167,0.1128,0.0544,0.1673,0.1636,1.5348,0.1095,0.1443,0.0126,0.0215,0.5454,1.1668,-0.0000,0.1892,0.1729,0.0015,10.8047
1786332279.61,34.437,34.257,35.539,33.179,33.250,32.867,31.984,34.117,34.460,34.007,34.218,34.125,32.250,32.453,33.218,0.8037,0.8113,0.8000,0.8000,0.7988,0.8000,1.5025,1.5000,1.8013,1.7963,3.3150,1.2000,1.1013,0.0025,0.8788,1.2025,1.4925,1.5914,4.8391,0.1092,0.0544,0.1677,0.1608,1.5431,0.1103,0.1432,0.0126,0.0232,0.5448,1.1662,-0.0000,0.1922,0.1714,0.0030,10.8326
1786332280.61,34.242,34.390,35.539,33.500,33.179,32.859,31.617,33.882,34.578,34.156,34.070,33.960,32.593,32.812,32.968,0.8025,0.8100,0.7988,0.8013,0.7988,0.8013,1.5012,1.5000,1.8037,1.7963,3.3150,1.2000,1.1013,0.0037,0.8788,1.2025,1.4950,1.4445,4.8357,0.1134,0.0545,0.1677,0.1647,1.5335,0.1110,0.1434,0.0135,0.0232,0.5448,1.1657,-0.0000,0.1933,0.1699,0.0030,10.6817
1786332281.61,34.414,34.648,35.539,33.281,33.171,33.101,31.859,33.914,34.109,34.078,33.671,33.984,32.289,32.757,33.062,0.8025,0.8100,0.8000,0.8013,0.8000,0.8013,1.5025,1.5000,1.8013,1.7963,3.3150,1.2000,1.1013,0.0037,0.8775,1.2025,1.4938,1.7816,4.8276,0.1152,0.0545,0.1676,0.1675,1.5371,0.1103,0.1432,0.0135,0.0232,0.5460,1.1673,-0.0000,0.1909,0.1699,0.0022,11.0174
1786332282.61,34.593,34.320,35.539,33.031,33.359,33.179,32.023,34.039,34.218,33.921,33.953,34.234,32.890,33.000,33.257,0.8050,0.8087,0.8000,0.8000,0.8000,0.8013,1.5025,1.5012,1.8013,1.7963,3.3150,1.2012,1.1013,0.0037,0.8775,1.2038,1.4950,1.6422,4.8121,0.1116,0.0544,0.1676,0.1631,1.5371,0.1096,0.1441,0.0126,0.0232,0.5478,1.1673,-0.0000,0.1909,0.1715,0.0030,10.8579
1786332283.61,34.437,34.289,35.539,32.804,33.109,32.937,32.007,34.312,34.343,33.914,33.835,33.523,32.882,32.523,33.195,0.8037,0.8087,0.7975,0.8000,0.7988,0.8000,1.5025,1.4988,1.8013,1.7963,3.3163,1.1987,1.1013,0.0037,0.8788,1.2038,1.4938,2.2666,4.8242,0.1152,0.0544,0.1673,0.1676,1.5378,0.1109,0.1441,0.0117,0.0232,0.5460,1.1668,-0.0000,0.1933,0.1715,0.0030,11.5037
1786332284.61,34.195,34.335,35.539,33.679,33.851,33.109,32.007,34.320,34.164,34.296,33.945,34.171,32.898,32.554,32.789,0.8037,0.8087,0.8000,0.8013,0.7988,0.8000,1.5025,1.4988,1.8000,1.7963,3.3125,1.2012,1.1000,0.0025,0.8788,1.2025,1.4950,1.6879,4.8282,0.1144,0.0545,0.1673,0.1540,1.5468,0.1094,0.1431,0.0126,0.0248,0.5460,1.1660,-0.0000,0.1933,0.1729,0.0022,10.9235
1786332285.61,34.351,34.593,35.539,33.609,32.914,32.781,31.875,34.179,34.351,34.273,34.078,34.070,32.648,32.671,33.218,0.8050,0.8087,0.7988,0.8000,0.7988,0.8000,1.5025,1.4988,1.8037,1.7963,3.3150,1.2000,1.1013,0.0037,0.8788,1.2025,1.4938,1.3766,4.8242,0.1170,0.0544,0.1673,0.1636,1.5393,0.1109,0.1425,0.0126,0.0232,0.5460,1.1668,-0.0000,0.1911,0.1714,0.0030,10.6098
1786332286.61,34.695,34.468,35.539,33.367,32.929,32.632,31.789,34.046,34.398,34.070,33.703,33.859,32.625,32.375,33.093,0.8037,0.8087,0.7988,0.8013,0.7988,0.8013,1.5025,1.5000,1.8013,1.7963,3.3138,1.2000,1.1013,0.0037,0.8788,1.2038,1.4950,1.4468,4.8080,0.1138,0.0545,0.1673,0.1623,1.5423,0.1110,0.1423,0.0126,0.0249,0.5454,1.1668,-0.0000,0.1911,0.1700,0.0022,10.6613
1786332287.61,34.359,34.406,35.539,33.578,33.140,33.195,32.273,34.312,34.609,33.984,33.984,33.851,32.515,32.812,32.726,0.8037,0.8087,0.8000,0.8000,0.7988,0.8025,1.5038,1.5000,1.8013,1.7963,3.3150,1.2012,1.1013,0.0037,0.8788,1.2025,1.4950,1.6879,4.8242,0.1144,0.0540,0.1673,0.1533,1.5451,0.1103,0.1441,0.0108,0.0215,0.5466,1.1673,-0.0000,0.1944,0.1699,0.0030,10.9140
1786332288.61,34.468,34.343,35.539,33.460,33.382,33.070,31.585,33.929,34.085,33.906,33.695,34.351,32.828,32.687,33.312,0.8037,0.8087,0.7988,0.8013,0.7975,0.8013,1.5012,1.4988,1.8025,1.7963,3.3138,1.2012,1.1013,0.0037,0.8775,1.2025,1.4938,1.6397,4.8202,0.1126,0.0553,0.1667,0.1691,1.5350,0.1109,0.1442,0.0126,0.0232,0.5454,1.1668,0.0000,0.1920,0.1699,0.0030,10.8663
1786332289.61,34.382,34.625,35.539,33.742,33.617,33.125,32.031,33.890,34.578,33.742,34.062,33.703,32.578,32.742,33.078,0.8037,0.8100,0.8000,0.8013,0.8000,0.8013,1.5025,1.5000,1.8025,1.7963,3.3138,1.2000,1.1000,0.0037,0.8788,1.2038,1.4938,1.7602,4.8155,0.1100,0.0549,0.1672,0.1627,1.5483,0.1103,0.1442,0.0117,0.0249,0.5460,1.1655,-0.0000,0.1889,0.1715,0.0022,10.9839
1786332290.61,34.601,34.406,35.539,33.500,33.093,33.382,31.515,34.523,34.250,33.742,34.023,34.046,33.007,32.640,33.492,0.8037,0.8087,0.7988,0.8000,0.7988,0.8013,1.5025,1.5000,1.8000,1.7975,3.3138,1.1987,1.1013,0.0037,0.8775,1.2038,1.4950,1.0127,4.8080,0.1126,0.0544,0.1673,0.1687,1.5386,0.1095,0.1440,0.0135,0.0232,0.5448,1.1673,-0.0000,0.1887,0.1715,0.0022,10.2271
1786332291.61,34.414,34.351,35.539,33.218,33.382,33.195,31.656,34.382,34.320,33.703,33.632,33.648,32.476,32.164,32.851,0.8037,0.8100,0.8000,0.8000,0.7988,0.8013,1.5012,1.4988,1.7988,1.7963,3.3138,1.2000,1.1013,0.0025,0.8775,1.2038,1.4938,1.6879,4.8317,0.1136,0.0544,0.1669,0.1607,1.5373,0.1102,0.1439,0.0117,0.0232,0.5448,1.1651,-0.0000,0.1898,0.1700,0.0030,10.9140
1786332292.61,34.476,34.171,35.539,33.000,33.335,33.281,31.898,33.929,34.117,34.062,34.156,34.257,32.156,32.539,32.679,0.8037,0.8087,0.7988,0.8000,0.8000,0.8013,1.5012,1.4988,1.8013,1.7963,3.3163,1.2012,1.1013,0.0025,0.8788,1.2038,1.4938,1.2056,4.8161,0.1138,0.0544,0.1672,0.1711,1.5448,0.1094,0.1441,0.0135,0.0249,0.5460,1.1668,-0.0000,0.1900,0.1700,0.0030,10.4406
1786332293.61,34.351,34.515,35.539,33.476,32.875,33.179,31.609,33.984,34.093,34.023,33.765,34.593,32.648,32.703,33.289,0.8037,0.8087,0.8000,0.8000,0.7988,0.8013,1.5025,1.5000,1.8000,1.7963,3.3150,1.2000,1.1000,0.0025,0.8788,1.2038,1.4938,1.8567,4.8242,0.1136,0.0548,0.1677,0.1663,1.5348,0.1110,0.1440,0.0126,0.0249,0.5472,1.1660,0.0000,0.1911,0.1730,0.0022,11.0901
1786332294.61,34.734,34.421,35.539,33.554,33.203,33.367,31.804,34.468,33.867,34.367,34.093,34.000,32.257,32.593,33.171,0.8037,0.8100,0.7988,0.8013,0.7988,0.8013,1.5012,1.5000,1.8013,1.7963,3.3150,1.2000,1.1013,0.0037,0.8788,1.2025,1.4938,2.3389,4.8114,0.1170,0.0545,0.1673,0.1647,1.5395,0.1103,0.1441,0.0126,0.0232,0.5472,1.1673,-0.0000,0.1944,0.1729,0.0030,11.5683
1786332295.61,34.046,34.101,35.539,33.171,32.640,33.171,31.648,34.007,34.039,34.179,34.015,34.140,32.804,32.429,32.671,0.8037,0.8087,0.8000,0.8000,0.8000,0.8013,1.5025,1.5000,1.8013,1.7963,3.3138,1.2012,1.1013,0.0025,0.8788,1.2025,1.4938,1.8808,4.8040,0.1120,0.0540,0.1672,0.1611,1.5468,0.1103,0.1450,0.0126,0.0232,0.5466,1.1668,-0.0000,0.1900,0.1714,0.0022,11.0938
1786332296.61,34.250,34.523,35.539,33.195,33.328,33.281,31.843,33.984,33.921,33.929,34.054,34.093,32.515,32.453,32.890,0.8037,0.8087,0.8000,0.8000,0.7988,0.8013,1.5025,1.5000,1.8025,1.7963,3.3138,1.2012,1.1013,0.0037,0.8788,1.2038,1.4950,1.4950,4.8121,0.1180,0.0544,0.1669,0.1623,1.5363,0.1118,0.1442,0.0117,0.0232,0.5460,1.1662,-0.0000,0.1922,0.1730,0.0022,10.7155
1786332297.61,34.398,34.382,35.539,33.437,33.140,33.140,31.812,34.398,33.992,33.609,33.921,34.398,32.453,32.609,32.960,0.8037,0.8087,0.8000,0.8000,0.7988,0.8037,1.5025,1.5000,1.8000,1.7975,3.3138,1.2000,1.1000,0.0037,0.8788,1.2025,1.4938,2.1701,4.8161,0.1132,0.0540,0.1677,0.1575,1.5476,0.1095,0.1440,0.0126,0.0232,0.5448,1.1655,-0.0000,0.1933,0.1699,0.0030,11.3920
1786332298.61,34.390,34.437,35.539,33.164,32.750,33.281,31.906,34.062,33.953,33.789,34.531,34.203,32.757,32.664,33.250,0.8037,0.8100,0.8000,0.8000,0.7988,0.8013,1.5025,1.5000,1.8013,1.7963,3.3150,1.2012,1.1000,0.0037,0.8788,1.2025,1.4950,1.5673,4.8317,0.1152,0.0548,0.1673,0.1619,1.5371,0.1110,0.1441,0.0126,0.0249,0.5472,1.1655,-0.0000,0.1944,0.1729,0.0030,10.8106
1786332299.61,34.367,34.406,35.539,33.117,33.359,33.367,31.906,34.382,34.414,34.101,34.210,34.234,32.539,32.859,32.929,0.8050,0.8100,0.8000,0.8013,0.7988,0.8013,1.5025,1.4988,1.8013,1.7963,3.3150,1.2012,1.1000,0.0025,0.8788,1.2038,1.4950,1.2800,4.8357,0.1192,0.0541,0.1673,0.1683,1.5483,0.1109,0.1441,0.0135,0.0232,0.5454,1.1660,-0.0000,0.1900,0.1715,0.0030,10.5405
1786332300.61,34.632,34.562,35.539,33.750,33.484,33.062,31.546,34.429,34.171,33.953,34.054,33.695,32.937,32.593,33.132,0.8025,0.8100,0.7988,0.8000,0.7988,0.8025,1.5025,1.5000,1.8013,1.7963,3.3150,1.2000,1.1013,0.0037,0.8788,1.2025,1.4938,1.5167,4.8236,0.1130,0.0544,0.1669,0.1625,1.5371,0.1110,0.1432,0.0126,0.0215,0.5454,1.1668,-0.0000,0.1889,0.1699,0.0015,10.7350
1786332301.61,34.242,34.609,35.539,33.382,33.210,33.429,32.148,34.367,34.304,33.882,33.945,34.335,32.296,32.960,32.976,0.8037,0.8087,0.7988,0.8000,0.7975,0.8013,1.5012,1.4988,1.8013,1.7950,3.3150,1.2012,1.1013,0.0037,0.8788,1.2038,1.4938,1.0127,4.8242,0.1166,0.0544,0.1671,0.1631,1.5335,0.1117,0.1432,0.0126,0.0232,0.5460,1.1668,-0.0000,0.1889,0.1685,0.0030,10.2354
1786332302.61,34.515,34.312,35.539,33.703,33.585,32.945,31.851,34.320,34.015,33.781,34.054,34.007,32.632,32.773,33.343,0.8037,0.8087,0.7988,0.8000,0.7988,0.8013,1.5025,1.5000,1.8013,1.7963,3.3150,1.2000,1.1000,0.0037,0.8775,1.2025,1.4938,1.8084,4.8080,0.1122,0.0540,0.1669,0.1655,1.5393,0.1103,0.1441,0.0117,0.0249,0.5484,1.1643,-0.0000,0.1898,0.1714,0.0030,11.0221
1786332303.61,34.562,34.132,35.539,33.507,33.578,33.570,31.882,34.281,33.929,34.273,34.148,34.101,32.921,33.007,33.210,0.8025,0.8087,0.8000,0.8013,0.7988,0.8013,1.5025,1.4988,1.8037,1.7963,3.3138,1.2000,1.1025,0.0037,0.8788,1.2025,1.4950,1.9501,4.8202,0.1092,0.0545,0.1677,0.1635,1.5363,0.1102,0.1434,0.0126,0.0215,0.5472,1.1687,0.0000,0.1922,0.1714,0.0030,11.1715
1786332304.61,34.523,34.203,35.539,32.789,33.117,33.296,32.195,34.585,33.648,33.906,33.945,33.835,32.437,32.593,32.898,0.8037,0.8087,0.8000,0.8013,0.8000,0.8000,1.5025,1.4988,1.8013,1.7963,3.3138,1.2012,1.1013,0.0025,0.8775,1.2025,1.4938,1.5432,4.8202,0.1144,0.0549,0.1680,0.1652,1.5363,0.1102,0.1432,0.0126,0.0249,0.5538,1.1668,-0.0000,0.1909,0.1699,0.0030,10.7772
1786332305.61,34.289,34.351,35.539,33.265,33.218,32.718,31.742,34.054,33.820,33.460,34.070,34.164,32.757,32.398,32.843,0.8025,0.8075,0.8000,0.8013,0.7988,0.8013,1.5025,1.5000,1.8013,1.7963,3.3150,1.2012,1.1000,0.0025,0.8775,1.2025,1.4950,1.4445,4.8046,0.1124,0.0549,0.1669,0.1627,1.5476,0.1110,0.1441,0.0126,0.0232,0.5460,1.1643,0.0000,0.1920,0.1699,0.0022,10.6588
1786332306.61,34.515,34.257,35.539,33.476,33.351,32.820,31.906,34.257,34.421,34.523,34.265,33.914,32.773,32.695,33.531,0.8037,0.8100,0.7988,0.8000,0.8000,0.8013,1.5038,1.5000,1.8000,1.7963,3.3150,1.2012,1.1013,0.0037,0.8788,1.2025,1.4938,1.8326,4.8357,0.1134,0.0544,0.1676,0.1683,1.5376,0.1103,0.1431,0.0126,0.0232,0.5466,1.1668,-0.0000,0.1900,0.1714,0.0030,11.0764
1786332307.62,34.460,34.507,35.539,33.406,33.156,33.093,31.820,34.468,34.515,34.351,33.835,34.257,32.281,32.671,32.992,0.8037,0.8087,0.7988,0.8000,0.7988,0.8013,1.5025,1.5000,1.8013,1.7975,3.3163,1.2012,1.1013,0.0037,0.8775,1.2038,1.4938,2.1460,4.8202,0.1154,0.0536,0.1677,0.1635,1.5468,0.1095,0.1441,0.0126,0.0216,0.5460,1.1673,-0.0000,0.1898,0.1730,0.0030,11.3800
1786332308.62,34.789,34.390,35.539,33.125,33.281,33.320,31.656,33.968,34.093,33.929,34.226,33.835,32.406,32.515,33.273,0.8037,0.8087,0.7988,0.8000,0.7988,0.8000,1.5012,1.4988,1.8000,1.7975,3.3138,1.2000,1.1013,0.0025,0.8788,1.2025,1.4925,1.5432,4.8242,0.1174,0.0544,0.1673,0.1628,1.5388,0.1109,0.1422,0.0126,0.0249,0.5472,1.1673,-0.0000,0.1911,0.1699,0.0030,10.7772
1786332309.62,34.546,34.468,35.539,33.421,33.500,32.546,32.179,34.039,34.218,34.039,33.796,34.000,32.664,32.523,33.203,0.8037,0.8087,0.8000,0.8013,0.7988,0.8013,1.5025,1.5012,1.8013,1.7963,3.3150,1.2012,1.1013,0.0037,0.8788,1.2025,1.4950,2.2184,4.8202,0.1160,0.0545,0.1673,0.1639,1.5341,0.1118,0.1432,0.0117,0.0249,0.5466,1.1662,-0.0000,0.1911,0.1684,0.0030,11.4411
1786332310.62,34.625,34.664,35.539,33.375,33.148,33.148,31.851,34.109,34.328,33.937,34.421,34.085,32.406,32.523,32.828,0.8037,0.8100,0.8000,0.8000,0.7988,0.8013,1.5025,1.4988,1.8013,1.7963,3.3150,1.2000,1.1013,0.0037,0.8775,1.2038,1.4938,1.2780,4.8357,0.1168,0.0548,0.1677,0.1598,1.5438,0.1102,0.1450,0.0117,0.0232,0.5448,1.1673,-0.0000,0.1920,0.1730,0.0030,10.5268
1786332311.62,34.664,34.335,35.539,33.335,33.078,32.828,31.632,34.382,34.101,34.039,33.953,33.921,32.757,32.929,32.843,0.8050,0.8087,0.7988,0.8013,0.7988,0.8025,1.5025,1.5000,1.8013,1.7950,3.3138,1.2000,1.1000,0.0037,0.8788,1.2025,1.4925,2.0045,4.8161,0.1082,0.0545,0.1669,0.1653,1.5363,0.1110,0.1441,0.0135,0.0232,0.5454,1.1660,-0.0000,0.1900,0.1714,0.0022,11.2186
1786332312.62,34.265,34.398,35.539,33.226,32.992,33.179,32.070,33.921,33.914,33.773,34.109,33.929,32.367,32.789,32.625,0.8037,0.8087,0.8000,0.8013,0.7988,0.8013,1.5025,1.5000,1.7988,1.7963,3.3150,1.2000,1.1000,0.0037,0.8788,1.2038,1.4938,1.5432,4.8202,0.1136,0.0541,0.1673,0.1695,1.5378,0.1103,0.1448,0.0126,0.0232,0.5454,1.1655,-0.0000,0.1911,0.1730,0.0030,10.7745
1786332313.62,34.656,34.398,35.539,33.234,33.585,33.140,31.640,34.085,33.796,33.921,33.882,33.906,32.750,32.429,32.656,0.8037,0.8100,0.8000,0.8013,0.8000,0.8013,1.5025,1.4988,1.8025,1.7963,3.3138,1.2000,1.1013,0.0037,0.8788,1.2025,1.4950,1.8326,4.8357,0.1164,0.0545,0.1680,0.1647,1.5386,0.1117,0.1442,0.0126,0.0249,0.5520,1.1668,-0.0000,0.1933,0.1714,0.0022,11.0893
1786332314.62,34.570,34.171,35.539,33.265,33.000,33.171,31.929,34.109,34.093,33.828,33.796,33.812,32.656,32.500,33.203,0.8050,0.8087,0.7988,0.8013,0.8000,0.8013,1.5025,1.4988,1.8025,1.7963,3.3150,1.2000,1.1025,0.0037,0.8788,1.2025,1.4938,2.1011,4.8161,0.1154,0.0541,0.1676,0.1651,1.5386,0.1094,0.1451,0.0126,0.0249,0.5460,1.1687,-0.0000,0.1944,0.1714,0.0022,11.3325
1786332315.62,34.375,34.492,35.539,33.335,33.617,33.296,31.796,33.960,34.078,34.015,33.914,34.289,32.835,32.328,32.984,0.8037,0.8087,0.7988,0.7988,0.7988,0.8000,1.5025,1.5000,1.8013,1.7963,3.3138,1.2000,1.1013,0.0037,0.8788,1.2025,1.4950,1.6155,4.8161,0.1114,0.0539,0.1673,0.1616,1.5468,0.1095,0.1450,0.0126,0.0215,0.5466,1.1679,-0.0000,0.1911,0.1714,0.0015,10.8398
1786332316.62,34.632,34.507,35.539,33.234,32.898,33.078,32.031,33.960,34.289,34.359,33.820,34.367,32.765,32.296,32.867,0.8037,0.8100,0.8000,0.8000,0.7988,0.8013,1.5025,1.5000,1.8013,1.7963,3.3138,1.2000,1.1013,0.0037,0.8800,1.2012,1.4938,1.3503,4.8236,0.1120,0.0544,0.1673,0.1578,1.5348,0.1095,0.1441,0.0117,0.0215,0.5466,1.1668,-0.0000,0.1903,0.1712,0.0022,10.5641
1786332317.62,34.445,34.148,35.539,33.367,33.226,32.929,31.843,33.875,34.179,33.859,33.867,34.187,32.984,32.609,32.953,0.8050,0.8100,0.7988,0.8013,0.7988,0.8000,1.5025,1.5000,1.8013,1.7963,3.3150,1.2000,1.1025,0.0037,0.8788,1.2025,1.4950,1.2558,4.8195,0.1190,0.0541,0.1673,0.1616,1.5416,0.1103,0.1432,0.0117,0.0232,0.5454,1.1681,-0.0000,0.1900,0.1699,0.0015,10.4821
1786332318.62,34.265,34.429,35.539,32.757,32.812,32.851,31.500,34.156,34.140,33.726,33.695,34.250,32.609,32.625,32.726,0.8037,0.8087,0.7988,0.8000,0.7988,0.8000,1.5012,1.5000,1.7988,1.7950,3.3150,1.2000,1.1013,0.0037,0.8788,1.2025,1.4950,1.5432,4.8202,0.1146,0.0544,0.1673,0.3896,1.5455,0.1095,0.1439,0.0126,0.0232,0.6234,1.1662,-0.0000,0.1911,0.1699,0.0022,11.0769
1786332319.62,34.820,34.359,35.539,33.296,33.539,33.500,32.031,34.359,33.835,33.695,33.843,34.312,32.593,32.492,32.789,0.8037,0.8100,0.7988,0.8000,0.7988,0.8000,1.5012,1.5000,1.8013,1.7963,3.3150,1.2000,1.1000,0.0037,0.8800,1.2025,1.4938,1.4709,4.8195,0.1170,0.0544,0.1677,0.1632,1.5335,0.1110,0.1432,0.0117,0.0232,0.5460,1.1643,-0.0000,0.1914,0.1714,0.0022,10.6907
1786332320.62,34.359,34.445,35.539,33.398,33.203,32.929,31.734,34.562,34.437,33.921,33.500,33.625,32.859,32.507,33.335,0.8037,0.8087,0.7988,0.8013,0.7975,0.8013,1.5012,1.5000,1.8013,1.7963,3.3150,1.2012,1.1025,0.0037,0.8788,1.2038,1.4950,1.6397,4.8121,0.1194,0.0545,0.1671,0.1611,1.5485,0.1103,0.1441,0.0126,0.0232,0.5454,1.1687,-0.0000,0.1911,0.1700,0.0030,10.8706
1786332321.62,34.375,34.359,35.539,33.507,33.500,32.679,31.882,34.070,34.234,34.015,33.937,34.406,32.484,32.937,33.359,0.8037,0.8087,0.8000,0.7988,0.7988,0.8013,1.5012,1.4988,1.8013,1.7963,3.3138,1.2012,1.1013,0.0037,0.8775,1.2025,1.4938,1.8808,4.8202,0.1084,0.0543,0.1669,0.1639,1.5380,0.1109,0.1441,0.0126,0.0232,0.5472,1.1662,-0.0000,0.1909,0.1714,0.0030,11.1018
1786332322.62,34.617,34.476,35.539,33.062,33.085,32.921,31.882,33.734,34.375,33.554,34.015,33.875,33.039,32.742,32.882,0.8037,0.8100,0.7988,0.8000,0.8000,0.8025,1.5025,1.4988,1.8000,1.7963,3.3150,1.2000,1.1025,0.0050,0.8788,1.2025,1.4938,1.6397,4.8276,0.1138,0.0544,0.1676,0.1581,1.5386,0.1102,0.1440,0.0126,0.0249,0.5460,1.1687,-0.0000,0.1922,0.1729,0.0030,10.8740
1786332323.62,34.375,34.359,35.539,33.437,33.406,33.484,32.234,34.148,33.898,33.976,33.648,33.765,32.429,32.242,32.710,0.8037,0.8087,0.8013,0.8000,0.7988,0.8013,1.5025,1.5012,1.8013,1.7963,3.3150,1.2000,1.1000,0.0037,0.8788,1.2025,1.4950,1.0851,4.8202,0.1126,0.0536,0.1673,0.1671,1.5371,0.1111,0.1432,0.0117,0.0249,0.5454,1.1649,-0.0000,0.1911,0.1714,0.0037,10.3102
1786332324.62,34.234,34.523,35.539,33.171,33.351,33.164,31.679,34.421,34.125,33.664,33.867,34.109,32.476,32.757,32.867,0.8050,0.8075,0.8000,0.8000,0.7988,0.8025,1.5025,1.5000,1.8025,1.7963,3.3150,1.2000,1.1025,0.0037,0.8788,1.2025,1.4938,1.0385,4.8087,0.1132,0.0548,0.1677,0.1673,1.5356,0.1103,0.1451,0.0126,0.0232,0.5454,1.1687,-0.0000,0.1911,0.1729,0.0030,10.2579
1786332325.62,34.710,34.343,35.539,33.578,33.156,32.968,31.843,33.859,34.101,33.773,33.867,34.390,32.507,33.195,33.171,0.8037,0.8100,0.8000,0.8013,0.7988,0.8013,1.5012,1.5000,1.8013,1.7950,3.3150,1.2000,1.1025,0.0025,0.8775,1.2025,1.4938,1.7120,4.8276,0.1160,0.0545,0.1673,0.1598,1.5418,0.1088,0.1441,0.0126,0.0232,0.5460,1.1681,-0.0000,0.1887,0.1714,0.0030,10.9448
1786332326.62,34.367,34.148,35.539,33.500,33.132,32.742,31.687,34.148,34.367,33.890,33.859,34.046,32.757,32.648,33.007,0.8037,0.8100,0.7988,0.8000,0.7988,0.8000,1.5012,1.4988,1.8013,1.7963,3.3150,1.2000,1.1013,0.0050,0.8788,1.2025,1.4938,1.2538,4.8155,0.1106,0.0544,0.1673,0.1672,1.5448,0.1109,0.1441,0.0126,0.0249,0.5466,1.1662,-0.0000,0.1900,0.1729,0.0037,10.4855
1786332327.62,34.601,34.367,35.539,33.375,32.734,33.320,31.945,34.414,34.335,33.546,33.984,33.890,32.609,32.867,33.187,0.8037,0.8087,0.7988,0.8013,0.8000,0.8000,1.5038,1.5000,1.8013,1.7963,3.3150,1.2012,1.1013,0.0037,0.8788,1.2025,1.4938,1.4468,4.8121,0.1162,0.0545,0.1676,0.1656,1.5383,0.1095,0.1441,0.0126,0.0232,0.5472,1.1668,-0.0000,0.1922,0.1714,0.0030,10.6709
1786332328.62,34.273,34.234,35.539,33.140,32.882,33.351,31.671,34.234,33.859,33.789,34.062,33.726,32.726,32.125,33.093,0.8037,0.8087,0.8013,0.8000,0.7975,0.8013,1.5012,1.4988,1.8013,1.7950,3.3150,1.2000,1.1013,0.0050,0.8788,1.2038,1.4938,2.0254,4.8161,0.1170,0.0544,0.1671,0.1586,1.5478,0.1094,0.1441,0.0126,0.0232,0.5454,1.1668,-0.0000,0.1911,0.1730,0.0030,11.2550
1786332329.62,34.273,34.289,35.539,33.148,32.921,33.250,31.820,33.937,33.875,33.648,33.976,33.984,32.250,32.273,32.875,0.8037,0.8087,0.7988,0.8013,0.7988,0.8013,1.5012,1.4988,1.8013,1.7963,3.3138,1.2012,1.1013,0.0037,0.8800,1.2025,1.4938,1.6397,4.8242,0.1154,0.0541,0.1673,0.1603,1.5358,0.1109,0.1441,0.0126,0.0265,0.5460,1.1668,-0.0000,0.1903,0.1714,0.0030,10.8682
1786332330.62,34.421,34.429,35.539,33.468,32.656,32.843,31.867,34.429,34.070,34.289,33.890,33.960,32.445,32.445,33.203,0.8037,0.8087,0.8000,0.8000,0.7988,0.8013,1.5025,1.4988,1.8000,1.7950,3.3150,1.2000,1.1013,0.0037,0.8788,1.2038,1.4950,2.3389,4.8121,0.1092,0.0536,0.1673,0.1647,1.5483,0.1102,0.1440,0.0126,0.0249,0.5448,1.1668,-0.0000,0.1911,0.1730,0.0022,11.5637
1786332331.62,34.281,34.289,35.539,32.992,33.156,33.132,31.765,33.929,33.898,33.632,34.164,34.335,32.617,32.218,32.765,0.8037,0.8075,0.8000,0.8000,0.7988,0.8000,1.5025,1.4988,1.8013,1.7963,3.3150,1.2000,1.1025,0.0025,0.8788,1.2025,1.4950,1.4709,4.8087,0.1148,0.0544,0.1673,0.1632,1.5371,0.1109,0.1450,0.0135,0.0249,0.5472,1.1681,-0.0000,0.1922,0.1714,0.0022,10.6917
1786332332.62,34.320,34.406,35.539,33.226,33.289,33.390,31.453,34.156,34.398,33.656,34.023,33.828,32.460,32.156,32.796,0.8037,0.8087,0.8000,0.8000,0.7988,0.8025,1.5025,1.5000,1.8013,1.7963,3.3150,1.2012,1.1013,0.0025,0.8775,1.2038,1.4950,1.1092,4.8080,0.1116,0.0544,0.1673,0.1605,1.5356,0.1103,0.1441,0.0117,0.0232,0.5460,1.1668,-0.0000,0.1909,0.1715,0.0030,10.3139
1786332333.62,34.375,34.539,35.539,32.992,32.992,32.648,32.023,34.273,34.601,33.820,34.109,33.703,32.843,32.421,32.859,0.8037,0.8075,0.8000,0.7988,0.7988,0.8013,1.5025,1.5000,1.8000,1.7963,3.3150,1.2000,1.1013,0.0025,0.8788,1.2025,1.4938,1.4468,4.8006,0.1104,0.0543,0.1669,0.1619,1.5423,0.1110,0.1440,0.0126,0.0232,0.5460,1.1673,-0.0000,0.1900,0.1714,0.0037,10.6524
1786332334.62,34.390,34.148,35.539,33.109,33.062,32.906,31.875,34.148,34.132,34.101,33.882,33.953,32.898,32.851,32.906,0.8050,0.8100,0.7988,0.8013,0.7975,0.8013,1.5012,1.5000,1.8013,1.7950,3.3150,1.2000,1.1013,0.0037,0.8788,1.2025,1.4950,1.1351,4.8155,0.1178,0.0545,0.1671,0.1486,1.5320,0.1095,0.1441,0.0117,0.0249,0.5454,1.1668,-0.0000,0.1911,0.1729,0.0030,10.3398
1786332335.62,34.281,34.078,35.539,33.546,32.968,32.890,31.632,33.937,33.929,33.976,33.687,34.367,32.828,32.835,32.804,0.8037,0.8100,0.8000,0.8000,0.7975,0.8000,1.5012,1.5000,1.8013,1.7963,3.3150,1.2000,1.1000,0.0037,0.8788,1.2012,1.4950,1.5432,4.8317,0.1144,0.0544,0.1671,0.1672,1.5358,0.1095,0.1432,0.0135,0.0249,0.5466,1.1660,-0.0000,0.1911,0.1727,0.0037,10.7849
1786332336.62,34.429,34.421,35.539,33.515,32.945,33.312,31.929,34.328,33.789,33.703,33.531,34.000,32.546,32.523,32.687,0.8037,0.8087,0.7975,0.8000,0.8000,0.8013,1.5025,1.5000,1.8013,1.7963,3.3150,1.1987,1.1013,0.0037,0.8775,1.2025,1.4938,1.7361,4.8242,0.1140,0.0540,0.1676,0.1711,1.5476,0.1110,0.1441,0.0126,0.0249,0.5472,1.1668,-0.0000,0.1909,0.1714,0.0030,10.9863
1786332337.62,34.132,34.195,35.539,33.484,32.710,32.632,31.554,34.062,34.062,33.765,33.828,33.578,32.296,32.335,33.179,0.8037,0.8100,0.8000,0.8013,0.7988,0.8013,1.5025,1.5012,1.8013,1.7963,3.3163,1.2000,1.1025,0.0025,0.8788,1.2038,1.4938,1.8326,4.8236,0.1164,0.0541,0.1673,0.1566,1.5378,0.1111,0.1432,0.0135,0.0249,0.5514,1.1687,-0.0000,0.1900,0.1730,0.0030,11.0671
1786332338.62,34.453,33.898,35.539,33.210,33.492,33.585,32.328,33.609,34.328,33.695,33.507,33.812,32.648,32.453,33.000,0.8050,0.8087,0.7988,0.8000,0.7988,0.8013,1.5025,1.5000,1.8013,1.7963,3.3150,1.2000,1.1013,0.0050,0.8775,1.2038,1.4938,1.5939,4.8242,0.1130,0.0540,0.1665,0.1663,1.5483,0.1095,0.1432,0.0117,0.0232,0.5454,1.1673,-0.0000,0.1909,0.1715,0.0030,10.8319
1786332339.62,34.632,34.257,35.539,33.359,32.718,33.023,32.210,34.460,33.460,33.757,33.500,33.742,32.500,32.632,33.109,0.8037,0.8100,0.8000,0.8013,0.7988,0.8025,1.5025,1.5000,1.8013,1.7963,3.3163,1.2000,1.1013,0.0037,0.8788,1.2025,1.4950,1.0368,4.8155,0.1084,0.0545,0.1677,0.1533,1.5378,0.1110,0.1441,0.0135,0.0249,0.5538,1.1651,-0.0000,0.1900,0.1729,0.0030,10.2522
1786332340.62,34.359,34.460,35.539,32.812,33.296,33.640,31.968,34.273,34.156,34.062,34.062,34.187,32.523,32.531,33.054,0.8037,0.8100,0.7988,0.8013,0.8000,0.8000,1.5025,1.4988,1.8000,1.7963,3.3150,1.2000,1.1025,0.0037,0.8788,1.2025,1.4938,1.4709,4.8357,0.1158,0.0545,0.1676,0.1792,1.5453,0.1102,0.1440,0.0126,0.0232,0.5454,1.1681,-0.0000,0.1933,0.1699,0.0037,10.7393
1786332341.62,34.156,34.015,35.539,33.484,33.101,33.046,31.617,34.351,34.195,33.820,33.664,34.218,32.929,32.601,32.976,0.8037,0.8075,0.7988,0.8000,0.7988,0.8000,1.5025,1.4988,1.8000,1.7963,3.3150,1.2000,1.1025,0.0037,0.8788,1.2025,1.4950,1.7120,4.7965,0.1158,0.0544,0.1673,0.1640,1.5393,0.1117,0.1431,0.0126,0.0249,0.5448,1.1687,-0.0000,0.1911,0.1729,0.0030,10.9220
1786332342.62,34.406,34.039,35.539,33.234,32.953,33.132,31.718,34.039,34.367,33.742,34.351,33.546,32.890,32.835,32.781,0.8037,0.8087,0.7988,0.8013,0.8000,0.8013,1.5025,1.5000,1.8013,1.7963,3.3150,1.2012,1.1025,0.0037,0.8788,1.2025,1.4938,1.3262,4.8202,0.1122,0.0549,0.1672,0.1631,1.5356,0.1103,0.1441,0.0126,0.0249,0.5466,1.1681,-0.0000,0.1911,0.1714,0.0030,10.5512
1786332343.62,34.445,34.210,35.539,33.148,32.796,33.070,31.531,34.257,34.609,33.828,33.859,34.101,32.554,32.789,33.000,0.8037,0.8087,0.7988,0.8000,0.7988,0.8000,1.5025,1.5000,1.8025,1.7963,3.3150,1.2000,1.1013,0.0037,0.8775,1.2038,1.4938,1.8808,4.8040,0.1146,0.0544,0.1669,0.1660,1.5393,0.1103,0.1451,0.0135,0.0215,0.5448,1.1668,-0.0000,0.1909,0.1715,0.0022,11.0926
1786332344.62,34.187,34.187,35.539,33.867,32.906,33.140,31.757,33.750,34.500,33.835,33.921,33.734,32.289,32.640,32.875,0.8037,0.8087,0.7988,0.8013,0.7988,0.8013,1.5025,1.5000,1.8025,1.7950,3.3150,1.2012,1.1025,0.0037,0.8788,1.2025,1.4925,2.0254,4.8121,0.1158,0.0541,0.1669,0.1607,1.5356,0.1103,0.1442,0.0135,0.0232,0.5466,1.1659,-0.0000,0.1900,0.1714,0.0030,11.2385
1786332345.62,34.171,34.289,35.539,32.953,33.398,33.125,31.570,33.882,33.992,33.968,33.492,33.484,32.703,32.335,33.187,0.8037,0.8087,0.7988,0.8000,0.7975,0.8013,1.5012,1.4988,1.8025,1.7963,3.3150,1.2000,1.1013,0.0025,0.8788,1.2025,1.4950,1.6155,4.8242,0.1126,0.0544,0.1671,0.1550,1.5350,0.1102,0.1442,0.0135,0.0232,0.5454,1.1668,-0.0000,0.1911,0.1714,0.0022,10.8318
1786332346.62,34.492,34.570,35.539,33.523,33.304,33.046,31.398,34.539,34.031,33.914,33.882,33.632,32.812,32.640,33.148,0.8037,0.8087,0.7988,0.8000,0.7988,0.8013,1.5012,1.5012,1.8013,1.7963,3.3138,1.2000,1.1013,0.0037,0.8788,1.2025,1.4938,1.3262,4.8121,0.1134,0.0540,0.1669,0.1506,1.5463,0.1096,0.1450,0.0126,0.0232,0.5466,1.1668,-0.0000,0.1933,0.1729,0.0022,10.5417
1786332347.62,34.437,34.164,35.539,33.445,33.070,33.109,31.765,34.210,33.968,34.117,34.140,34.156,32.953,32.718,32.437,0.8025,0.8075,0.7988,0.8000,0.7988,0.8013,1.5025,1.4988,1.8013,1.7963,3.3150,1.2000,1.1013,0.0025,0.8788,1.2025,1.4950,1.4926,4.8127,0.1130,0.0544,0.1665,0.1683,1.5386,0.1094,0.1441,0.0135,0.0232,0.5460,1.1662,-0.0000,0.1944,0.1714,0.0022,10.7166
1786332348.62,34.226,34.289,35.539,33.328,33.179,33.000,32.210,33.960,34.289,34.406,33.984,34.023,33.070,32.351,33.078,0.8037,0.8087,0.7988,0.8000,0.7988,0.8013,1.5025,1.5000,1.8000,1.7963,3.3150,1.1987,1.1013,0.0050,0.8788,1.2038,1.4938,2.4354,4.8040,0.1186,0.0544,0.1665,0.1671,1.5453,0.1110,0.1431,0.0126,0.0249,0.5460,1.1662,0.0000,0.1889,0.1715,0.0030,11.6585
1786332349.62,34.343,34.492,35.539,33.359,33.523,32.585,31.648,33.906,34.046,33.859,34.046,33.968,32.710,32.531,33.117,0.8037,0.8100,0.7988,0.8013,0.7988,0.8000,1.5025,1.5000,1.8013,1.7963,3.3150,1.2000,1.1013,0.0037,0.8775,1.2025,1.4938,2.2425,4.8317,0.1130,0.0545,0.1673,0.1676,1.5363,0.1118,0.1441,0.0117,0.0215,0.5460,1.1662,0.0000,0.1887,0.1729,0.0030,11.4787
1786332350.62,34.328,34.679,35.539,33.453,32.843,32.953,31.906,34.679,34.203,34.054,33.929,33.890,32.695,32.601,32.843,0.8037,0.8087,0.8000,0.7988,0.7988,0.8013,1.5025,1.5000,1.8013,1.7963,3.3163,1.2000,1.1013,0.0037,0.8788,1.2025,1.4938,2.0013,4.8242,0.1208,0.0539,0.1673,0.1671,1.5416,0.1103,0.1441,0.0126,0.0232,0.5454,1.1662,-0.0000,0.1911,0.1699,0.0037,11.2427
1786332351.62,34.484,34.218,35.539,33.195,33.210,33.054,32.265,34.187,34.203,33.968,33.906,33.757,33.062,32.351,32.898,0.8037,0.8100,0.8000,0.8000,0.7988,0.8013,1.5025,1.4988,1.8013,1.7963,3.3163,1.2000,1.1025,0.0037,0.8775,1.2025,1.4938,2.0496,4.8155,0.1152,0.0540,0.1677,0.1643,1.5453,0.1102,0.1432,0.0117,0.0232,0.5448,1.1675,-0.0000,0.1887,0.1714,0.0037,11.2759
1786332352.62,34.203,34.242,35.539,33.382,33.031,33.156,31.859,34.015,34.296,33.937,33.750,34.179,32.804,32.382,32.812,0.8037,0.8087,0.8000,0.8000,0.7988,0.8013,1.5012,1.5000,1.8000,1.7950,3.3150,1.2012,1.1025,0.0037,0.8775,1.2025,1.4938,1.6397,4.8161,0.1148,0.0544,0.1677,0.1651,1.5328,0.1110,0.1431,0.0126,0.0249,0.5466,1.1675,-0.0000,0.1876,0.1714,0.0045,10.8596
1786332353.62,34.460,34.187,35.539,33.445,33.632,32.906,31.531,33.929,34.367,34.273,34.023,34.289,32.382,32.781,32.867,0.8037,0.8100,0.7988,0.8013,0.7988,0.8013,1.5025,1.4988,1.8000,1.7950,3.3138,1.2000,1.1025,0.0037,0.8775,1.2025,1.4938,1.4226,4.8317,0.1118,0.0545,0.1673,0.1603,1.5371,0.1094,0.1440,0.0126,0.0265,0.5442,1.1681,-0.0000,0.1920,0.1729,0.0030,10.6578
1786332354.62,34.312,34.140,35.539,33.390,33.460,32.796,32.140,34.140,34.109,33.789,34.093,33.367,32.875,32.476,33.039,0.8037,0.8100,0.7988,0.8013,0.8000,0.8013,1.5025,1.5000,1.8013,1.7963,3.3163,1.2000,1.1000,0.0025,0.8788,1.2038,1.4950,1.6155,4.8236,0.1090,0.0541,0.1676,0.1759,1.5371,0.1118,0.1441,0.0117,0.0216,0.5466,1.1660,-0.0000,0.1911,0.1730,0.0030,10.8516
1786332355.62,34.359,34.125,35.539,33.273,32.914,33.289,31.429,34.023,34.140,33.968,33.710,34.078,32.882,32.757,32.859,0.8037,0.8075,0.7988,0.8013,0.7988,0.8013,1.5025,1.5000,1.8013,1.7950,3.3150,1.1987,1.1013,0.0037,0.8775,1.2038,1.4938,1.0851,4.8046,0.1154,0.0545,0.1673,0.1671,1.5386,0.1095,0.1432,0.0126,0.0232,0.5448,1.1668,-0.0000,0.1941,0.1700,0.0022,10.2990
1786332356.62,34.273,34.445,35.539,33.335,32.976,33.007,31.562,34.140,34.265,33.851,33.796,34.085,32.382,32.304,32.968,0.8037,0.8100,0.7988,0.7988,0.8000,0.8000,1.5025,1.5000,1.8000,1.7963,3.3163,1.2000,1.1025,0.0050,0.8775,1.2025,1.4938,1.7120,4.8276,0.1146,0.0535,0.1676,0.4240,1.5468,0.1103,0.1440,0.0126,0.0232,0.5460,1.1681,-0.0000,0.1920,0.1714,0.0037,11.2173
1786332357.62,34.484,34.289,35.539,33.570,33.070,33.164,31.835,33.875,34.195,33.906,33.953,33.687,32.648,32.523,32.984,0.8050,0.8087,0.7988,0.8000,0.7988,0.8000,1.5025,1.4988,1.8013,1.7963,3.3150,1.2012,1.1013,0.0025,0.8788,1.2025,1.4938,1.4490,4.8161,0.1094,0.0544,0.1673,0.1624,1.5356,0.1109,0.1441,0.0126,0.0215,0.5472,1.1662,-0.0000,0.1911,0.1699,0.0022,10.6600
1786332358.62,34.609,34.320,35.539,33.148,33.093,32.867,31.867,34.281,34.320,33.984,34.000,34.070,32.671,32.875,33.093,0.8037,0.8087,0.7988,0.8000,0.7988,0.8000,1.5025,1.4988,1.8000,1.7963,3.3150,1.2000,1.1025,0.0037,0.8788,1.2038,1.4938,1.2056,4.8121,0.1130,0.0544,0.1669,0.1528,1.5438,0.1109,0.1431,0.0117,0.0215,0.5460,1.1675,-0.0000,0.1911,0.1700,0.0037,10.4143
1786332359.62,34.609,34.140,35.539,33.062,33.164,33.015,31.335,34.046,34.265,33.945,33.984,33.578,32.609,32.476,33.382,0.8037,0.8087,0.7988,0.8000,0.7988,0.8025,1.5012,1.5000,1.8013,1.7963,3.3163,1.2012,1.1013,0.0037,0.8775,1.2025,1.4950,1.7361,4.8242,0.1178,0.0544,0.1673,0.1681,1.5403,0.1118,0.1432,0.0126,0.0249,0.5484,1.1668,-0.0000,0.1898,0.1699,0.0022,10.9776
1786332360.62,34.500,34.062,35.539,33.242,33.015,32.765,31.648,33.835,33.625,34.054,33.914,33.812,32.351,32.843,32.937,0.8037,0.8087,0.7988,0.8000,0.7988,0.8013,1.5025,1.5000,1.8013,1.7963,3.3163,1.2000,1.1013,0.0050,0.8788,1.2025,1.4925,1.3744,4.8525,0.1126,0.0544,0.1673,0.3914,1.5371,0.1103,0.1450,0.0117,0.0249,0.6108,1.1673,-0.0000,0.1911,0.1714,0.0030,10.9251
1786332361.62,34.500,34.289,35.539,33.203,33.296,33.015,31.468,33.882,33.820,33.976,34.031,33.898,32.953,32.492,33.132,0.8037,0.8100,0.7988,0.8000,0.8000,0.8025,1.5025,1.4988,1.8013,1.7950,3.3150,1.2012,1.1013,0.0025,0.8788,1.2025,1.4938,2.0737,4.8276,0.1134,0.0544,0.1676,0.5557,1.5378,0.1094,0.1432,0.0126,0.0249,0.5586,1.1673,0.0000,0.1933,0.1714,0.0022,11.7131
1786332362.62,34.609,34.664,35.539,33.382,33.343,32.765,31.804,33.929,34.296,33.843,33.945,33.968,32.351,32.601,32.843,0.8037,0.8087,0.7988,0.8013,0.7988,0.8013,1.5012,1.4988,1.8000,1.7963,3.3150,1.2012,1.1013,0.0037,0.8788,1.2038,1.4938,1.5191,4.8242,0.1154,0.0545,0.1669,0.3449,1.5455,0.1102,0.1431,0.0126,0.0232,0.5538,1.1668,-0.0000,0.1911,0.1715,0.0030,10.9458
1786332363.62,34.648,34.226,35.539,33.179,32.984,33.203,31.796,34.007,34.445,34.156,34.062,34.328,32.601,32.585,33.429,0.8037,0.8113,0.8000,0.8000,0.7988,0.8013,1.5025,1.5000,1.8013,1.7963,3.3150,1.2000,1.1013,0.0037,0.8800,1.2038,1.4938,1.9772,4.8229,0.1164,0.0544,0.1673,0.3445,1.5386,0.1103,0.1432,0.0126,0.0232,0.5646,1.1662,-0.0000,0.1914,0.1700,0.0030,11.4058
1786332364.62,34.468,34.539,35.539,33.648,33.398,32.945,31.765,34.304,33.921,34.109,33.757,34.085,32.781,32.781,32.843,0.8037,0.8100,0.7988,0.8013,0.7988,0.8013,1.5025,1.5000,1.8000,1.7950,3.3150,1.2012,1.1013,0.0037,0.8788,1.2038,1.4938,2.0978,4.8114,0.1150,0.0545,0.1673,0.3746,1.5386,0.1103,0.1422,0.0126,0.0215,0.5526,1.1662,-0.0000,0.1911,0.1700,0.0015,11.5272
1786332365.62,34.515,34.445,35.539,33.296,33.289,33.007,31.867,34.273,34.460,34.132,34.031,34.250,32.906,32.585,33.062,0.8037,0.8100,0.7988,0.8000,0.7988,0.8013,1.5025,1.5000,1.8013,1.7963,3.3150,1.2012,1.1013,0.0050,0.8788,1.2025,1.4938,2.0254,4.8317,0.1082,0.0544,0.1673,0.3758,1.5363,0.1103,0.1459,0.0126,0.0232,0.5532,1.1668,-0.0000,0.1933,0.1714,0.0022,11.4780
1786332366.62,34.539,34.382,35.539,33.492,33.375,32.695,31.789,34.007,33.937,33.984,33.703,34.281,32.765,32.265,32.921,0.8037,0.8100,0.8000,0.8000,0.7975,0.8000,1.5025,1.5000,1.8013,1.7963,3.3163,1.2012,1.1000,0.0050,0.8800,1.2025,1.4938,1.8084,4.8236,0.1156,0.0540,0.1675,0.3704,1.5468,0.1095,0.1432,0.0117,0.0232,0.5538,1.1655,-0.0000,0.1914,0.1714,0.0030,11.2588
1786332367.62,34.593,34.585,35.539,33.546,33.312,33.078,31.773,34.492,33.976,33.820,33.953,34.070,32.671,32.406,33.078,0.8037,0.8100,0.8000,0.7988,0.8000,0.8013,1.5025,1.5000,1.8013,1.7950,3.3150,1.2000,1.1013,0.0037,0.8788,1.2025,1.4938,1.7120,4.8317,0.1140,0.0543,0.1676,0.3714,1.5341,0.1103,0.1432,0.0126,0.0232,0.5508,1.1668,-0.0000,0.1922,0.1714,0.0030,11.1583
1786332368.62,34.585,34.429,35.539,33.507,33.562,33.359,31.437,34.429,34.304,34.015,34.039,34.257,32.500,32.390,33.281,0.8037,0.8075,0.7988,0.8013,0.7988,0.8013,1.5025,1.5000,1.8013,1.7950,3.3150,1.2000,1.1000,0.0037,0.8788,1.2038,1.4938,1.6397,4.8208,0.1198,0.0549,0.1677,0.3662,1.5393,0.1103,0.1432,0.0135,0.0249,0.5550,1.1655,0.0000,0.1922,0.1715,0.0022,11.0866
1786332369.62,34.468,34.445,35.539,33.234,33.226,33.039,31.304,34.187,34.203,34.085,33.867,34.601,32.687,32.554,32.812,0.8037,0.8100,0.7988,0.8013,0.7988,0.8013,1.5012,1.5000,1.8000,1.7963,3.3150,1.2000,1.1013,0.0050,0.8788,1.2025,1.4938,1.3744,4.8276,0.1150,0.0545,0.1669,0.3718,1.5470,0.1110,0.1440,0.0126,0.0249,0.5520,1.1668,0.0000,0.1933,0.1714,0.0030,10.8362
1786332370.62,34.781,34.304,35.539,33.679,33.062,33.242,31.500,34.156,34.171,34.039,34.054,34.195,32.890,32.796,32.851,0.8025,0.8087,0.8000,0.8013,0.7988,0.8013,1.5012,1.5000,1.8025,1.7975,3.3150,1.1987,1.1013,0.0037,0.8788,1.2038,1.4938,1.7334,4.8121,0.1100,0.0549,0.1673,0.3686,1.5365,0.1103,0.1433,0.0117,0.0215,0.5514,1.1679,-0.0000,0.1933,0.1715,0.0030,11.1567
1786332371.62,34.445,34.250,35.539,33.125,33.609,33.203,31.398,33.929,33.992,34.531,34.203,34.000,32.382,32.296,32.804,0.8050,0.8087,0.7988,0.8013,0.7988,0.8013,1.5025,1.5000,1.8000,1.7963,3.3150,1.2000,1.1000,0.0025,0.8775,1.2038,1.4938,1.4973,4.8161,0.1118,0.0541,0.1673,0.3742,1.5461,0.1103,0.1440,0.0135,0.0232,0.5502,1.1666,-0.0000,0.1887,0.1715,0.0030,10.9378
1786332372.62,34.757,34.273,35.539,33.210,33.171,33.117,31.390,34.210,34.328,34.109,34.429,34.304,32.226,32.242,33.234,0.8050,0.8087,0.7988,0.8013,0.7988,0.8013,1.5025,1.5000,1.8013,1.7963,3.3138,1.2012,1.1025,0.0025,0.8788,1.2038,1.4938,2.3184,4.8161,0.1150,0.0545,0.1673,0.3758,1.5378,0.1118,0.1450,0.0117,0.0232,0.5526,1.1681,-0.0000,0.1911,0.1730,0.0022,11.7636
1786332373.62,34.710,34.460,35.539,33.687,32.992,33.265,31.710,34.265,34.578,34.078,33.781,34.171,32.164,32.507,33.140,0.8037,0.8100,0.8000,0.8013,0.7988,0.8013,1.5025,1.4988,1.8000,1.7963,3.3163,1.2012,1.1013,0.0050,0.8775,1.2025,1.4938,1.6638,4.8236,0.1152,0.0541,0.1673,0.3694,1.5356,0.1102,0.1431,0.0126,0.0232,0.5532,1.1657,-0.0000,0.1898,0.1729,0.0022,11.1016
1786332374.62,34.320,34.406,35.539,33.203,32.992,32.625,31.656,34.406,34.273,33.757,33.875,34.101,32.843,32.773,32.750,0.8037,0.8087,0.8000,0.8000,0.7988,0.8000,1.5025,1.5000,1.8025,1.7963,3.3138,1.1987,1.1013,0.0037,0.8788,1.2038,1.4925,1.6638,4.8161,0.1152,0.0544,0.1673,0.3692,1.5386,0.1110,0.1451,0.0126,0.0232,0.5562,1.1668,-0.0000,0.1889,0.1730,0.0030,11.1044
1786332375.62,34.265,34.492,35.539,33.617,33.679,33.046,31.460,34.437,34.250,33.937,34.132,34.125,32.757,32.593,32.937,0.8037,0.8087,0.8000,0.8000,0.7988,0.8000,1.5025,1.4988,1.8025,1.7975,3.3150,1.2012,1.1013,0.0037,0.8788,1.2025,1.4938,1.8808,4.8242,0.1112,0.0544,0.1673,0.3596,1.5341,0.1102,0.1442,0.0117,0.0232,0.5532,1.1673,-0.0000,0.1944,0.1699,0.0022,11.3078
1786332376.62,34.710,34.437,35.539,33.664,33.601,32.859,31.718,34.226,33.804,34.132,33.820,34.109,32.742,32.445,32.695,0.8050,0.8087,0.7988,0.8013,0.7988,0.8000,1.5025,1.5000,1.8013,1.7963,3.3150,1.2025,1.1013,0.0037,0.8788,1.2025,1.4938,1.7871,4.8202,0.1162,0.0545,0.1673,0.3708,1.5393,0.1095,0.1432,0.0126,0.0232,0.5562,1.1662,-0.0000,0.1889,0.1714,0.0030,11.2295
1786332377.62,34.945,34.375,35.539,33.437,33.085,33.070,31.437,34.523,34.265,33.921,33.773,33.882,32.609,32.414,33.375,0.8050,0.8087,0.7988,0.8013,0.7975,0.8025,1.5012,1.5000,1.8013,1.7975,3.3150,1.2000,1.1000,0.0037,0.8788,1.2025,1.4938,2.2218,4.8161,0.1138,0.0549,0.1671,0.3752,1.5343,0.1103,0.1441,0.0126,0.0232,0.5580,1.1643,-0.0000,0.1911,0.1699,0.0022,11.6588
1786332378.62,34.570,34.437,35.539,33.382,32.796,33.156,31.671,33.851,34.148,33.718,34.031,34.179,32.515,32.546,33.234,0.8037,0.8087,0.7988,0.7988,0.7988,0.8013,1.5025,1.5000,1.8025,1.7963,3.3150,1.2000,1.1013,0.0050,0.8800,1.2038,1.4938,1.6397,4.8323,0.1106,0.0543,0.1677,0.3706,1.5371,0.1103,0.1433,0.0126,0.0249,0.5514,1.1668,-0.0000,0.1903,0.1700,0.0030,11.0847
1786332379.62,34.968,34.539,35.539,33.210,33.265,32.937,31.804,34.132,34.273,34.242,33.726,33.937,32.593,32.867,32.601,0.8037,0.8087,0.7988,0.8013,0.7988,0.8013,1.5025,1.5000,1.8013,1.7963,3.3163,1.2000,1.1013,0.0025,0.8800,1.2025,1.4938,2.3148,4.8161,0.1134,0.0545,0.1677,0.3730,1.5506,0.1103,0.1441,0.0117,0.0232,0.5556,1.1673,-0.0000,0.1925,0.1714,0.0022,11.7684
1786332380.62,34.460,34.578,35.539,33.453,33.093,33.273,31.710,34.171,34.000,34.140,33.984,34.070,32.531,32.625,33.203,0.8037,0.8087,0.8000,0.8000,0.7975,0.8000,1.5025,1.4988,1.8025,1.7963,3.3150,1.1987,1.1025,0.0050,0.8788,1.2038,1.4950,1.6879,4.8040,0.1132,0.0540,0.1667,0.3684,1.5386,0.1109,0.1442,0.0117,0.0232,0.5508,1.1687,-0.0000,0.1911,0.1730,0.0022,11.1086
1786332381.62,34.828,34.406,35.539,33.539,33.437,33.070,31.734,34.054,34.156,34.265,33.867,33.906,32.867,32.726,33.046,0.8037,0.8075,0.8000,0.8000,0.8000,0.8013,1.5025,1.5012,1.8013,1.7975,3.3163,1.2000,1.1000,0.0025,0.8775,1.2025,1.4938,2.1701,4.7965,0.1148,0.0548,0.1676,0.3710,1.5498,0.1103,0.1432,0.0126,0.0232,0.5550,1.1638,-0.0000,0.1909,0.1714,0.0022,11.5973
1786332382.62,34.484,34.296,35.539,33.375,33.445,33.125,31.656,34.007,34.132,34.093,34.046,34.375,32.875,32.703,32.820,0.8037,0.8087,0.7988,0.8000,0.7988,0.8013,1.5025,1.5000,1.8013,1.7950,3.3138,1.2012,1.1013,0.0037,0.8788,1.2038,1.4950,2.2184,4.8161,0.1158,0.0540,0.1677,0.3694,1.5386,0.1110,0.1432,0.0135,0.0232,0.5526,1.1662,0.0000,0.1911,0.1700,0.0030,11.6538
1786332383.62,34.750,34.562,35.539,33.734,33.429,33.031,31.781,34.289,33.859,34.031,34.296,33.945,32.796,32.671,33.171,0.8037,0.8100,0.7988,0.8000,0.7988,0.8013,1.5025,1.4988,1.8013,1.7963,3.3138,1.2000,1.1000,0.0050,0.8788,1.2025,1.4938,2.0496,4.8073,0.1130,0.0544,0.1673,0.3449,1.5386,0.1117,0.1432,0.0117,0.0265,0.5550,1.1660,-0.0000,0.1911,0.1729,0.0030,11.4562
1786332384.62,34.570,34.492,35.539,33.484,33.210,33.179,32.132,33.734,34.453,34.007,34.203,33.882,32.421,32.398,33.210,0.8037,0.8100,0.8000,0.8013,0.7988,0.8013,1.5025,1.5012,1.8013,1.7963,3.3163,1.1987,1.1000,0.0037,0.8788,1.2038,1.4950,2.0978,4.8276,0.1112,0.0545,0.1673,0.3441,1.5341,0.1103,0.1432,0.0117,0.0232,0.5550,1.1655,-0.0000,0.1933,0.1700,0.0030,11.5118
1786332385.62,34.921,34.273,35.539,33.390,33.343,32.679,31.984,34.085,34.148,34.187,33.843,34.187,33.195,32.484,33.125,0.8037,0.8100,0.7988,0.8013,0.8000,0.8013,1.5025,1.5000,1.8013,1.7963,3.3138,1.1987,1.1013,0.0037,0.8800,1.2050,1.4938,1.6155,4.8317,0.1202,0.0549,0.1676,0.3690,1.5408,0.1103,0.1432,0.0126,0.0249,0.5556,1.1668,-0.0000,0.1903,0.1702,0.0022,11.0757
1786332386.62,34.734,34.226,35.539,33.375,32.984,32.632,31.859,34.570,34.085,33.945,34.101,34.437,32.445,32.851,32.804,0.8037,0.8087,0.7988,0.8013,0.7988,0.8013,1.5012,1.4988,1.8013,1.7963,3.3138,1.2000,1.1025,0.0037,0.8775,1.2038,1.4938,2.5077,4.8121,0.1158,0.0545,0.1669,0.3718,1.5365,0.1102,0.1432,0.0126,0.0232,0.5532,1.1681,-0.0000,0.1898,0.1715,0.0030,11.9400
1786332387.62,34.507,34.531,35.539,33.437,32.867,32.898,31.609,33.687,34.476,34.328,34.203,34.335,32.179,32.593,33.015,0.8037,0.8100,0.8000,0.8000,0.7988,0.8000,1.5025,1.5000,1.8000,1.7963,3.3150,1.2000,1.1013,0.0037,0.8775,1.2025,1.4938,1.6155,4.8155,0.1124,0.0540,0.1669,0.3664,1.5386,0.1095,0.1431,0.0126,0.0249,0.5556,1.1673,-0.0000,0.1909,0.1729,0.0037,11.0497
1786332388.62,34.687,34.468,35.539,33.671,33.171,33.554,31.875,33.898,34.257,33.554,33.531,33.820,32.500,32.460,33.156,0.8037,0.8100,0.8000,0.7988,0.7975,0.8013,1.5025,1.5000,1.8013,1.7950,3.3138,1.2000,1.1013,0.0037,0.8775,1.2025,1.4938,1.8084,4.8114,0.1136,0.0539,0.1671,0.3622,1.5363,0.1095,0.1459,0.0117,0.0232,0.5514,1.1662,-0.0000,0.1920,0.1699,0.0030,11.2256
1786332389.62,34.640,34.671,35.539,33.375,33.406,33.187,31.812,34.367,34.164,34.195,33.960,33.773,32.843,32.929,33.210,0.8037,0.8087,0.8000,0.8000,0.7988,0.8025,1.5025,1.5000,1.8013,1.7950,3.3150,1.2000,1.1013,0.0050,0.8775,1.2038,1.4925,1.9531,4.8444,0.1128,0.0548,0.1673,0.5064,1.5378,0.1095,0.1432,0.0126,0.0249,0.5520,1.1673,-0.0000,0.1909,0.1730,0.0037,11.5537
1786332390.62,34.625,34.523,35.539,33.765,33.171,33.460,32.093,34.132,34.281,34.578,34.562,34.460,32.601,32.648,33.562,0.8050,0.8087,0.8000,0.8000,0.7988,0.8013,1.5012,1.4988,1.8025,1.7963,3.3150,1.2000,1.1013,0.0050,0.8788,1.2038,1.4938,1.4249,4.8161,0.1132,0.0544,0.1673,0.3734,1.5380,0.1094,0.1442,0.0117,0.0249,0.5520,1.1673,-0.0000,0.1900,0.1715,0.0030,10.8613
1786332391.62,34.492,34.453,35.539,33.351,33.781,32.601,31.875,34.507,34.296,34.156,33.984,34.117,32.656,32.976,33.000,0.8037,0.8100,0.8000,0.8000,0.7988,0.8000,1.5025,1.4988,1.8025,1.7963,3.3163,1.2000,1.1013,0.0037,0.8788,1.2025,1.4938,1.8326,4.8236,0.1128,0.0544,0.1677,0.3756,1.5378,0.1109,0.1433,0.0126,0.0232,0.5550,1.1673,-0.0000,0.1900,0.1714,0.0022,11.2804
1786332392.62,34.500,34.226,35.539,33.289,33.320,33.304,31.953,33.945,34.414,34.289,33.773,33.804,32.625,32.507,33.171,0.8037,0.8087,0.8000,0.8000,0.7988,0.8013,1.5025,1.4988,1.8013,1.7963,3.3150,1.2000,1.1013,0.0037,0.8788,1.2012,1.4938,2.0737,4.8161,0.1192,0.0540,0.1673,0.3690,1.5356,0.1102,0.1450,0.0117,0.0232,0.5568,1.1684,-0.0000,0.1889,0.1727,0.0022,11.5140
1786332393.62,34.382,34.617,35.539,33.828,33.031,33.109,31.218,33.906,34.351,33.828,34.179,34.226,32.500,32.398,33.101,0.8037,0.8087,0.7988,0.8013,0.8000,0.8013,1.5012,1.5000,1.8013,1.7963,3.3150,1.2012,1.1013,0.0037,0.8788,1.2025,1.4950,2.0496,4.8121,0.1118,0.0545,0.1680,0.3734,1.5425,0.1103,0.1432,0.0117,0.0232,0.5538,1.1673,-0.0000,0.1911,0.1714,0.0030,11.4867
1786332394.62,34.750,34.609,35.539,33.375,33.226,33.312,31.882,34.179,34.375,34.234,33.906,34.429,32.507,33.007,32.515,0.8037,0.8087,0.8000,0.8000,0.7988,0.8013,1.5025,1.5000,1.8013,1.7963,3.3138,1.2000,1.1025,0.0037,0.8775,1.2038,1.4938,1.9049,4.7999,0.1180,0.0536,0.1669,0.3666,1.5431,0.1103,0.1441,0.0117,0.0232,0.5538,1.1687,-0.0000,0.1931,0.1730,0.0022,11.3330
1786332395.62,34.593,34.460,35.539,33.203,33.625,33.460,32.023,34.148,34.203,33.937,34.085,34.500,32.828,32.351,32.984,0.8037,0.8087,0.8000,0.8013,0.8000,0.8000,1.5025,1.5012,1.8025,1.7963,3.3150,1.2000,1.1013,0.0025,0.8788,1.2025,1.4925,1.2056,4.8282,0.1132,0.0545,0.1672,0.3676,1.5386,0.1096,0.1451,0.0126,0.0232,0.5550,1.1673,-0.0000,0.1933,0.1729,0.0030,10.6569
1786332396.62,34.476,34.085,35.539,33.671,33.500,32.585,31.492,33.906,33.984,33.812,33.929,34.468,32.648,32.890,33.351,0.8037,0.8087,0.7988,0.8000,0.7988,0.8013,1.5025,1.4988,1.8000,1.7963,3.3150,1.2000,1.1000,0.0037,0.8788,1.2025,1.4938,1.9772,4.8202,0.1126,0.0544,0.1673,0.3614,1.5498,0.1102,0.1449,0.0126,0.0232,0.5520,1.1655,-0.0000,0.1900,0.1699,0.0030,11.4141
1786332397.62,34.601,34.507,35.539,33.406,32.726,33.031,31.570,34.328,34.484,34.546,33.976,34.062,32.859,32.570,33.023,0.8037,0.8100,0.7988,0.8000,0.8000,0.8013,1.5012,1.5000,1.8013,1.7975,3.3138,1.2012,1.1025,0.0037,0.8788,1.2025,1.4938,1.3262,4.8195,0.1154,0.0544,0.1676,0.3706,1.5388,0.1118,0.1441,0.0126,0.0215,0.5562,1.1681,-0.0000,0.1900,0.1714,0.0030,10.7711
1786332398.62,34.601,34.539,35.539,33.132,33.070,32.570,31.890,34.507,34.539,34.015,33.765,33.976,32.929,33.078,32.765,0.8037,0.8100,0.8000,0.8000,0.7988,0.8000,1.5012,1.4988,1.8000,1.7963,3.3138,1.2000,1.1013,0.0037,0.8775,1.2038,1.4938,1.5432,4.8317,0.1116,0.0544,0.1677,0.3712,1.5470,0.1102,0.1440,0.0126,0.0232,0.5502,1.1662,-0.0000,0.1931,0.1730,0.0030,11.0022
1786332399.62,34.390,34.289,35.539,33.625,33.531,32.804,31.851,34.492,34.250,34.328,34.117,34.234,32.843,32.531,32.484,0.8050,0.8075,0.7988,0.8013,0.7988,0.8000,1.5025,1.4988,1.8037,1.7950,3.3150,1.2012,1.1013,0.0037,0.8775,1.2038,1.4938,1.5456,4.8167,0.1122,0.0541,0.1673,0.3660,1.5378,0.1109,0.1443,0.0135,0.0249,0.5538,1.1673,-0.0000,0.1909,0.1700,0.0030,10.9783
1786332400.62,34.570,34.273,35.539,33.539,33.820,33.078,31.421,34.273,34.093,33.882,34.398,33.820,32.421,32.859,33.101,0.8037,0.8087,0.8000,0.8000,0.7988,0.8013,1.5012,1.4988,1.8013,1.7963,3.3138,1.2000,1.1013,0.0037,0.8775,1.2025,1.4938,0.8922,4.8161,0.1128,0.0540,0.1673,0.3718,1.5350,0.1094,0.1441,0.0135,0.0265,0.5532,1.1673,-0.0000,0.1931,0.1729,0.0030,10.3321
1786332401.62,34.578,34.593,35.539,33.492,33.304,32.968,31.664,34.679,33.789,34.265,34.132,34.125,32.429,32.789,32.937,0.8037,0.8087,0.7988,0.8000,0.7988,0.8013,1.5025,1.5000,1.8013,1.7975,3.3163,1.2000,1.1013,0.0037,0.8788,1.2025,1.4938,2.2184,4.8161,0.1202,0.0544,0.1677,0.3678,1.5386,0.1110,0.1450,0.0126,0.0232,0.5526,1.1668,-0.0000,0.1889,0.1714,0.0022,11.6568
1786332402.62,34.539,34.320,35.539,33.867,33.453,32.976,31.742,34.320,34.164,34.390,33.906,34.117,32.859,32.367,33.007,0.8037,0.8100,0.8013,0.8013,0.8013,0.8000,1.5012,1.5000,1.8000,1.7975,3.3150,1.2000,1.1013,0.0025,0.8775,1.2025,1.4938,1.2780,4.8398,0.1158,0.0545,0.1675,0.3668,1.5313,0.1103,0.1431,0.0117,0.0232,0.6912,1.1668,-0.0000,0.1909,0.1714,0.0030,10.8649
1786332403.62,34.593,34.531,35.539,33.460,33.078,33.234,31.929,34.132,33.984,34.070,33.976,34.187,32.890,32.453,32.914,0.8037,0.8100,0.8000,0.8013,0.7988,0.8000,1.5025,1.4988,1.8000,1.7963,3.3150,1.2000,1.1025,0.0025,0.8788,1.2025,1.4925,2.0254,4.8195,0.1124,0.0541,0.1677,0.3740,1.5378,0.1117,0.1431,0.0135,0.0249,0.5538,1.1692,-0.0000,0.1889,0.1714,0.0030,11.4703
1786332404.63,34.851,34.421,35.539,33.570,32.773,33.390,31.984,33.796,34.125,34.187,33.828,33.671,32.812,32.781,33.210,0.8037,0.8100,0.8000,0.8013,0.7988,0.8013,1.5025,1.5012,1.8013,1.7963,3.3138,1.2000,1.1013,0.0037,0.8788,1.2038,1.4938,1.8808,4.8722,0.1128,0.0545,0.1677,0.5076,1.5446,0.1111,0.1441,0.0126,0.0232,0.5940,1.1662,-0.0000,0.1911,0.1700,0.0030,11.5554
1786332405.63,34.554,34.531,35.539,33.382,33.273,33.015,32.335,34.312,34.593,34.062,34.039,34.531,33.156,33.054,32.703,0.8037,0.8075,0.7988,0.8000,0.7988,0.8000,1.5025,1.5000,1.8013,1.7963,3.3150,1.2012,1.1013,0.0037,0.8788,1.2025,1.4950,1.2538,4.8127,0.1170,0.0544,0.1673,0.3684,1.5371,0.1095,0.1441,0.0117,0.0232,0.5556,1.1673,-0.0000,0.1900,0.1714,0.0022,10.6858
1786332406.63,34.601,34.625,35.539,33.515,33.250,32.835,31.984,34.343,34.445,33.781,33.960,34.070,33.132,32.265,32.898,0.8037,0.8087,0.8000,0.8013,0.7988,0.8013,1.5025,1.5000,1.8000,1.7963,3.3150,1.1987,1.1025,0.0037,0.8775,1.2025,1.4938,1.5432,4.8202,0.1172,0.0541,0.1673,0.3742,1.5468,0.1103,0.1440,0.0126,0.0232,0.5496,1.1681,0.0000,0.1909,0.1714,0.0022,10.9952
1786332407.63,34.546,34.531,35.539,33.070,33.023,32.781,31.781,34.242,34.781,33.960,34.085,33.765,32.687,32.640,33.125,0.8037,0.8100,0.8000,0.8013,0.8000,0.8000,1.5025,1.4988,1.8013,1.7963,3.3163,1.2000,1.1000,0.0037,0.8788,1.2025,1.4950,1.8567,4.8317,0.1160,0.0541,0.1668,0.3608,1.5393,0.1094,0.1441,0.0126,0.0249,0.5520,1.1655,-0.0000,0.1922,0.1714,0.0030,11.3003
1786332408.63,34.601,34.437,35.539,33.445,33.476,32.867,31.812,34.437,34.398,34.429,33.523,34.132,32.593,32.570,32.859,0.8037,0.8087,0.7988,0.7988,0.7988,0.8000,1.5025,1.5012,1.8025,1.7963,3.3150,1.2000,1.1000,0.0037,0.8788,1.2038,1.4950,1.7120,4.8161,0.1134,0.0543,0.1673,0.3700,1.5461,0.1103,0.1442,0.0135,0.0215,0.5514,1.1655,-0.0000,0.1911,0.1715,0.0030,11.1513
1786332409.63,34.601,34.125,35.539,33.109,33.367,33.390,31.968,34.210,34.312,33.976,33.953,34.125,32.898,32.437,33.179,0.8037,0.8087,0.8000,0.8000,0.7988,0.8013,1.5025,1.4988,1.8025,1.7963,3.3150,1.2012,1.1013,0.0037,0.8775,1.2025,1.4938,1.8326,4.8242,0.1132,0.0544,0.1673,0.3690,1.5371,0.1102,0.1442,0.0126,0.0232,0.5538,1.1657,-0.0000,0.1909,0.1714,0.0030,11.2725
1786332410.63,34.359,34.390,35.539,33.484,33.414,32.953,31.968,34.476,33.710,33.453,34.179,34.093,32.632,32.234,32.773,0.8037,0.8087,0.8000,0.8013,0.7988,0.8013,1.5025,1.5012,1.8013,1.7963,3.3138,1.2012,1.1000,0.0037,0.8788,1.2025,1.4938,1.7361,4.8202,0.1168,0.0545,0.1673,0.3778,1.5431,0.1103,0.1432,0.0126,0.0232,0.5514,1.1655,-0.0000,0.1889,0.1729,0.0022,11.1859
1786332411.63,34.734,34.328,35.539,32.976,33.132,33.421,31.468,34.265,33.953,34.156,33.890,34.140,32.578,32.617,32.546,0.8037,0.8087,0.7988,0.8000,0.7975,0.8000,1.5012,1.5000,1.8013,1.7963,3.3150,1.2000,1.1013,0.0037,0.8788,1.2012,1.4938,1.7120,4.8080,0.1130,0.0544,0.1671,0.3736,1.5410,0.1103,0.1432,0.0126,0.0232,0.5532,1.1673,-0.0000,0.1911,0.1712,0.0022,11.1434
1786332412.63,34.578,34.367,35.539,33.453,33.281,33.140,31.773,34.062,34.250,34.265,33.656,33.976,32.757,32.648,33.117,0.8037,0.8100,0.8013,0.8013,0.8000,0.8000,1.5025,1.5000,1.8013,1.7950,3.3138,1.2000,1.1000,0.0037,0.8788,1.2050,1.4938,1.7843,4.8317,0.1142,0.0541,0.1672,0.3692,1.5363,0.1103,0.1432,0.0126,0.0232,0.5514,1.1649,-0.0000,0.1911,0.1732,0.0030,11.2298
1786332413.63,34.976,34.296,35.539,33.695,32.890,33.007,31.796,33.804,34.687,33.640,33.828,34.234,32.710,32.250,32.554,0.8050,0.8075,0.7988,0.8000,0.7988,0.8013,1.5025,1.5000,1.8013,1.7963,3.3150,1.2000,1.1000,0.0037,0.8788,1.2038,1.4938,1.3766,4.8087,0.1154,0.0544,0.1673,0.3750,1.5386,0.1103,0.1441,0.0117,0.0215,0.5520,1.1660,-0.0000,0.1911,0.1715,0.0030,10.8071
1786332414.63,34.835,34.367,35.539,33.085,33.421,32.937,32.156,34.367,34.687,33.867,33.710,34.257,32.554,32.679,33.179,0.8037,0.8100,0.8000,0.8013,0.7988,0.8013,1.5025,1.5000,1.8013,1.7963,3.3150,1.2000,1.1013,0.0037,0.8775,1.2038,1.4950,1.9772,4.8195,0.1144,0.0541,0.1673,0.3646,1.5393,0.1095,0.1432,0.0135,0.0249,0.5520,1.1673,-0.0000,0.1887,0.1700,0.0030,11.4085
1786332415.63,34.476,34.578,35.539,33.539,33.195,32.914,31.390,34.601,34.742,34.367,34.125,33.835,32.734,32.914,33.203,0.8037,0.8100,0.8000,0.8013,0.7988,0.8013,1.5025,1.4988,1.8013,1.7950,3.3150,1.2012,1.1013,0.0037,0.8775,1.2038,1.4950,1.6879,4.8317,0.1140,0.0549,0.1673,0.3790,1.5378,0.1094,0.1441,0.0126,0.0265,0.5574,1.1662,-0.0000,0.1909,0.1730,0.0030,11.1556
1786332416.63,34.367,34.289,35.539,33.226,33.429,32.539,31.515,33.835,34.421,33.968,33.578,34.523,32.554,32.281,32.875,0.8037,0.8100,0.8000,0.8013,0.8000,0.8025,1.5025,1.4988,1.8013,1.7950,3.3150,1.2000,1.1013,0.0037,0.8775,1.2025,1.4950,1.6397,4.8357,0.1148,0.0545,0.1676,0.3712,1.5468,0.1102,0.1432,0.0126,0.0232,0.5520,1.1673,-0.0000,0.1898,0.1699,0.0022,11.1005
1786332417.63,34.585,34.265,35.539,33.546,33.085,33.421,31.789,33.890,34.117,34.007,33.796,33.781,32.625,32.906,32.953,0.8037,0.8087,0.7975,0.8013,0.7975,0.8013,1.5025,1.5000,1.8013,1.7963,3.3150,1.2012,1.1025,0.0037,0.8775,1.2025,1.4938,2.0496,4.8161,0.1160,0.0545,0.1671,0.3638,1.5371,0.1088,0.1441,0.0126,0.0249,0.5718,1.1670,-0.0000,0.1898,0.1699,0.0030,11.4958
1786332418.63,34.445,34.656,35.539,34.007,33.328,32.890,32.171,34.640,34.656,33.921,33.820,33.843,32.843,32.734,33.257,0.8050,0.8100,0.8000,0.8000,0.8000,0.8013,1.5025,1.5012,1.8013,1.7950,3.3150,1.2000,1.1013,0.0037,0.8775,1.2025,1.4938,1.4973,4.8195,0.1140,0.0544,0.1680,0.3670,1.5461,0.1103,0.1450,0.0126,0.0232,0.5520,1.1668,-0.0000,0.1909,0.1714,0.0030,10.9413
1786332419.63,34.460,34.421,35.539,33.937,32.632,32.921,31.773,33.851,34.132,34.023,34.156,33.937,32.515,32.648,33.328,0.8037,0.8100,0.7988,0.8013,0.7988,0.8013,1.5025,1.5000,1.7988,1.7963,3.3150,1.2000,1.1013,0.0050,0.8788,1.2025,1.4950,1.8567,4.8236,0.1158,0.0545,0.1673,0.3734,1.5423,0.1110,0.1430,0.0126,0.0232,0.5514,1.1662,-0.0000,0.1911,0.1714,0.0022,11.3057
1786332420.63,34.750,34.375,35.539,33.476,33.234,32.851,31.687,34.273,34.375,33.734,34.250,33.953,32.812,32.382,33.000,0.8037,0.8100,0.8000,0.8000,0.7988,0.8013,1.5025,1.5000,1.8013,1.7963,3.3150,1.2012,1.1000,0.0025,0.8788,1.2025,1.4938,1.9531,4.8236,0.1176,0.0544,0.1677,0.3642,1.5386,0.1095,0.1432,0.0126,0.0232,0.5550,1.1655,-0.0000,0.1911,0.1714,0.0022,11.3928
1786332421.63,34.390,34.203,35.539,33.414,33.070,33.015,31.671,34.187,34.210,33.898,33.515,34.234,32.625,32.320,32.890,0.8050,0.8087,0.8000,0.8000,0.7975,0.8013,1.5025,1.5000,1.8025,1.7963,3.3163,1.2000,1.1013,0.0037,0.8788,1.2025,1.4938,2.0769,4.8202,0.1120,0.0544,0.1671,0.3614,1.5468,0.1103,0.1433,0.0117,0.0232,0.5520,1.1668,-0.0000,0.1889,0.1714,0.0030,11.5092
1786332422.63,34.679,34.460,35.539,33.335,33.070,32.687,31.554,34.460,34.273,34.226,34.210,33.765,32.281,32.390,32.867,0.8025,0.8087,0.7988,0.8000,0.7988,0.8013,1.5012,1.5000,1.8013,1.7950,3.3150,1.2012,1.1013,0.0037,0.8800,1.2038,1.4925,0.9871,4.8161,0.1146,0.0544,0.1673,0.3634,1.5373,0.1088,0.1441,0.0126,0.0232,0.5508,1.1662,-0.0000,0.1903,0.1700,0.0030,10.4091
1786332423.63,34.609,34.234,35.539,33.132,33.507,33.148,31.570,34.132,33.929,34.007,33.617,34.125,32.625,32.250,33.234,0.8037,0.8087,0.8000,0.8000,0.8000,0.8025,1.5038,1.5000,1.8013,1.7963,3.3150,1.2000,1.1013,0.0037,0.8788,1.2025,1.4938,1.9772,4.8040,0.1116,0.0544,0.1676,0.3808,1.5383,0.1103,0.1432,0.0135,0.0249,0.5550,1.1673,-0.0000,0.1900,0.1699,0.0030,11.4109
1786332424.63,34.414,34.351,35.539,33.218,33.007,32.523,31.843,34.257,34.117,34.304,33.984,33.726,32.820,32.242,33.257,0.8037,0.8100,0.8000,0.8000,0.7988,0.8013,1.5012,1.4988,1.8025,1.7963,3.3150,1.2000,1.1013,0.0037,0.8788,1.2025,1.4925,1.7843,4.8195,0.1104,0.0548,0.1673,0.3782,1.5373,0.1102,0.1433,0.0117,0.0249,0.5520,1.1662,-0.0000,0.1900,0.1729,0.0030,11.2259
1786332425.63,34.484,34.445,35.539,33.132,33.328,33.054,31.539,34.351,34.015,34.273,34.257,33.921,32.742,32.304,32.937,0.8037,0.8100,0.7988,0.8000,0.7988,0.8013,1.5025,1.4988,1.8013,1.7975,3.3138,1.2012,1.1000,0.0025,0.8775,1.2038,1.4938,1.2056,4.8276,0.1142,0.0548,0.1677,0.3794,1.5371,0.1087,0.1441,0.0126,0.0215,0.5544,1.1660,-0.0000,0.1898,0.1700,0.0030,10.6565
1786332426.63,34.742,34.343,35.539,33.273,33.343,33.382,31.710,34.109,34.210,34.031,34.171,34.250,32.492,32.796,32.734,0.8050,0.8100,0.7988,0.8000,0.7975,0.8013,1.5012,1.5000,1.8013,1.7950,3.3150,1.2012,1.1013,0.0025,0.8775,1.2025,1.4938,2.3184,4.8155,0.1106,0.0548,0.1671,0.3722,1.5448,0.1095,0.1432,0.0117,0.0232,0.5544,1.1668,0.0000,0.1920,0.1714,0.0030,11.7583
1786332427.63,34.687,34.281,35.539,33.125,33.429,33.265,31.835,34.132,33.929,34.109,33.828,34.000,32.523,32.484,33.046,0.8050,0.8087,0.8000,0.8013,0.7988,0.8000,1.5025,1.5000,1.8013,1.7963,3.3138,1.2000,1.1013,0.0025,0.8788,1.2025,1.4938,1.8596,4.8161,0.1168,0.0541,0.1669,0.3748,1.5348,0.1103,0.1441,0.0126,0.0232,0.5562,1.1662,-0.0000,0.1889,0.1699,0.0037,11.2981
1786332428.63,34.226,34.406,35.539,33.156,33.203,32.992,31.773,34.343,33.914,34.234,33.640,34.078,32.859,32.578,32.710,0.8025,0.8087,0.7988,0.8013,0.7988,0.8013,1.5025,1.5000,1.8013,1.7963,3.3150,1.2000,1.1013,0.0025,0.8775,1.2025,1.4938,1.9982,4.8161,0.1146,0.0545,0.1669,0.3774,1.5401,0.1103,0.1441,0.0126,0.0249,0.5574,1.1668,-0.0000,0.1909,0.1714,0.0022,11.4482
1786332429.63,34.757,34.281,35.539,33.046,33.507,32.929,31.898,34.093,33.851,34.156,33.890,33.906,32.851,32.453,32.968,0.8050,0.8087,0.8000,0.8000,0.8000,0.8025,1.5025,1.5000,1.8025,1.7963,3.3150,1.2025,1.1013,0.0037,0.8788,1.2025,1.4938,2.1977,4.8121,0.1152,0.0540,0.1676,0.3712,1.5491,0.1110,0.1433,0.0117,0.0215,0.5568,1.1662,-0.0000,0.1922,0.1729,0.0037,11.6461
1786332430.63,34.429,34.468,35.539,33.429,33.132,32.773,32.109,34.460,34.468,34.085,33.906,34.320,32.812,32.687,33.039,0.8063,0.8100,0.8000,0.8013,0.7988,0.8013,1.5025,1.5000,1.8013,1.7950,3.3150,1.2000,1.1000,0.0037,0.8788,1.2025,1.4950,1.9834,4.8357,0.1164,0.0541,0.1673,0.3758,1.5378,0.1095,0.1450,0.0126,0.0232,0.5532,1.1655,-0.0000,0.1900,0.1699,0.0022,11.4415
1786332431.63,34.460,34.515,35.539,33.953,33.265,33.062,31.984,34.343,34.656,34.132,33.945,34.078,33.015,32.367,33.187,0.8050,0.8087,0.8000,0.8000,0.7988,0.8013,1.5025,1.5012,1.8013,1.7950,3.3150,1.2012,1.1013,0.0037,0.8788,1.2025,1.4925,1.8837,4.8161,0.1116,0.0548,0.1673,0.3694,1.5483,0.1111,0.1441,0.0117,0.0249,0.5598,1.1679,-0.0000,0.1911,0.1699,0.0030,11.3346
1786332432.63,34.585,34.421,35.539,33.609,32.695,32.718,31.640,34.414,34.320,34.367,34.054,34.562,32.812,32.281,33.148,0.8050,0.8087,0.8013,0.8013,0.7988,0.8013,1.5025,1.4988,1.8013,1.7950,3.3150,1.2000,1.1025,0.0050,0.8788,1.2038,1.4938,1.7630,4.8202,0.1114,0.0545,0.1673,0.3750,1.5386,0.1102,0.1441,0.0126,0.0232,0.5520,1.1681,-0.0000,0.1900,0.1715,0.0030,11.2045
1786332433.63,34.601,34.281,35.539,33.195,33.453,32.945,32.117,34.390,34.359,33.992,33.796,34.132,33.000,33.140,32.625,0.8037,0.8100,0.8000,0.8013,0.7988,0.8013,1.5025,1.5000,1.8025,1.7963,3.3138,1.2012,1.1013,0.0037,0.8775,1.2038,1.4938,1.6155,4.8276,0.1152,0.0545,0.1677,0.3674,1.5363,0.1103,0.1433,0.0117,0.0232,0.5562,1.1668,-0.0000,0.1909,0.1730,0.0030,11.0625
1786332434.63,34.429,34.351,35.539,33.492,32.976,32.734,31.609,34.117,34.351,33.992,33.890,34.476,32.875,32.312,33.078,0.8050,0.8100,0.8000,0.8013,0.7988,0.8025,1.5025,1.5000,1.8000,1.7950,3.3125,1.2000,1.1000,0.0037,0.8788,1.2025,1.4950,1.5456,4.8195,0.1168,0.0545,0.1673,0.3760,1.5386,0.1095,0.1431,0.0135,0.0232,0.5580,1.1643,-0.0000,0.1911,0.1714,0.0030,10.9953
1786332435.63,34.578,34.234,35.539,33.632,33.101,32.851,31.835,33.882,34.617,33.867,33.757,34.070,32.273,32.546,32.968,0.8037,0.8087,0.7988,0.8013,0.8000,0.8013,1.5025,1.4988,1.8025,1.7963,3.3138,1.2000,1.1013,0.0037,0.8788,1.2025,1.4938,1.5432,4.8242,0.1182,0.0549,0.1676,0.3770,1.5356,0.1102,0.1442,0.0135,0.0249,0.5550,1.1673,-0.0000,0.1911,0.1714,0.0037,11.0019
1786332436.63,34.914,34.843,35.539,33.359,33.398,33.031,31.703,34.187,34.257,33.789,34.039,33.781,32.898,32.679,32.773,0.8037,0.8100,0.8000,0.8013,0.7988,0.8000,1.5025,1.4988,1.8013,1.7963,3.3138,1.1987,1.1000,0.0037,0.8788,1.2025,1.4938,2.0978,4.8398,0.1156,0.0545,0.1673,0.3684,1.5386,0.1094,0.1441,0.0117,0.0232,0.5532,1.1655,-0.0000,0.1900,0.1699,0.0030,11.5518
1786332437.63,34.578,34.148,35.539,33.437,33.140,33.320,32.000,33.960,34.117,33.875,34.101,33.921,32.304,32.312,32.812,0.8037,0.8100,0.8000,0.8013,0.7988,0.8000,1.5025,1.5000,1.8025,1.7950,3.3150,1.2012,1.1013,0.0025,0.8788,1.2025,1.4938,1.8326,4.8236,0.1176,0.0541,0.1673,0.3672,1.5348,0.1095,0.1442,0.0126,0.0232,0.5556,1.1668,-0.0000,0.1922,0.1714,0.0015,11.2740
1786332438.63,34.734,34.812,35.539,33.132,33.898,33.281,31.789,33.992,34.226,34.226,34.062,34.140,32.656,32.328,32.968,0.8050,0.8087,0.8000,0.8013,0.7975,0.8013,1.5012,1.5000,1.8013,1.7963,3.3150,1.2012,1.1013,0.0025,0.8788,1.2038,1.4950,1.5939,4.8282,0.1104,0.0545,0.1675,0.5873,1.5365,0.1095,0.1441,0.0126,0.0232,0.5586,1.1673,-0.0000,0.1889,0.1700,0.0030,11.2556
1786332439.63,34.593,34.617,35.539,33.445,33.398,32.531,32.078,33.656,34.125,33.625,34.046,34.070,32.390,32.898,33.031,0.8050,0.8087,0.7988,0.8013,0.8000,0.8013,1.5025,1.5000,1.8013,1.7963,3.3138,1.2012,1.1013,0.0037,0.8788,1.2025,1.4938,1.2075,4.8121,0.1146,0.0545,0.1676,0.3710,1.5461,0.1110,0.1441,0.0126,0.0232,0.5538,1.1679,-0.0000,0.1922,0.1714,0.0030,10.6524
1786332440.63,34.656,34.226,35.539,33.835,33.226,32.828,31.289,34.218,34.289,34.054,34.406,34.164,32.687,33.031,32.781,0.8037,0.8100,0.8000,0.8013,0.7988,0.8013,1.5025,1.5000,1.8013,1.7963,3.3150,1.1987,1.1000,0.0037,0.8800,1.2025,1.4938,1.3262,4.8276,0.1168,0.0541,0.1673,0.3718,1.5378,0.1103,0.1432,0.0135,0.0249,0.5550,1.1655,-0.0000,0.1903,0.1714,0.0030,10.7785
1786332441.63,34.414,34.898,35.539,33.687,33.125,32.984,31.648,34.796,34.289,34.046,33.875,34.515,32.460,32.679,32.664,0.8037,0.8113,0.8000,0.8000,0.7988,0.8013,1.5012,1.5000,1.8000,1.7963,3.3150,1.2012,1.1025,0.0025,0.8788,1.2025,1.4950,2.0254,4.8594,0.1112,0.0540,0.1673,0.3702,1.5478,0.1103,0.1431,0.0126,0.0232,0.5556,1.1687,-0.0000,0.1922,0.1714,0.0022,11.5145
1786332442.63,34.554,34.632,35.539,33.664,33.328,33.093,31.953,33.906,34.195,34.234,34.164,34.117,32.359,32.632,32.906,0.8037,0.8087,0.8000,0.8000,0.7988,0.8013,1.5038,1.4988,1.8013,1.7950,3.3150,1.2000,1.1000,0.0037,0.8788,1.2025,1.4925,1.3021,4.8282,0.1088,0.0544,0.1677,0.3746,1.5406,0.1109,0.1441,0.0135,0.0232,0.5532,1.1643,0.0000,0.1900,0.1714,0.0022,10.7493
1786332443.63,34.492,34.406,35.539,33.296,33.460,32.835,31.898,34.421,34.281,34.421,34.226,34.281,32.710,32.273,33.054,0.8050,0.8087,0.7988,0.8000,0.8000,0.8013,1.5038,1.5000,1.8025,1.7950,3.3150,1.2000,1.1013,0.0025,0.8775,1.2025,1.4938,2.3908,4.8040,0.1142,0.0544,0.1680,0.3698,1.5353,0.1110,0.1433,0.0126,0.0232,0.5532,1.1673,-0.0000,0.1909,0.1714,0.0030,11.8123
1786332444.63,34.406,34.304,35.539,33.835,33.085,32.968,32.023,34.304,34.007,33.921,33.757,34.125,32.601,32.601,33.054,0.8037,0.8113,0.7988,0.8013,0.7988,0.8013,1.5025,1.5000,1.8000,1.7963,3.3150,1.2012,1.1013,0.0025,0.8788,1.2038,1.4938,2.4112,4.8391,0.1126,0.0545,0.1681,0.3698,1.5393,0.1095,0.1440,0.0117,0.0249,0.5538,1.1662,-0.0000,0.1900,0.1715,0.0030,11.8693
1786332445.63,34.718,34.359,35.539,33.054,32.835,33.476,31.890,34.382,34.164,33.851,34.257,34.046,32.812,32.453,32.984,0.8037,0.8100,0.8000,0.8000,0.8000,0.8000,1.5038,1.5000,1.8000,1.7963,3.3163,1.2000,1.1013,0.0037,0.8775,1.2038,1.4950,1.9290,4.8195,0.1108,0.0544,0.1680,0.3580,1.5376,0.1095,0.1440,0.0126,0.0249,0.5550,1.1662,-0.0000,0.1920,0.1715,0.0015,11.3544
1786332446.63,34.632,34.531,35.539,33.335,33.500,33.445,31.960,34.531,34.117,33.421,33.882,33.898,32.375,32.921,33.109,0.8037,0.8087,0.7975,0.8013,0.8000,0.8000,1.5025,1.5000,1.8013,1.7950,3.3163,1.2012,1.1013,0.0037,0.8788,1.2038,1.4938,2.1460,4.8242,0.1132,0.0541,0.1676,0.3708,1.5363,0.1110,0.1441,0.0135,0.0232,0.5532,1.1662,-0.0000,0.1944,0.1715,0.0030,11.5924
1786332447.63,34.687,34.578,35.539,33.273,32.945,33.109,31.492,34.062,33.867,34.015,34.039,34.367,32.640,32.554,33.101,0.8037,0.8087,0.7988,0.8000,0.8000,0.8013,1.5025,1.5012,1.8000,1.7963,3.3150,1.2000,1.1000,0.0025,0.8788,1.2025,1.4925,2.1219,4.8242,0.1166,0.0540,0.1676,0.3437,1.5371,0.1096,0.1440,0.0117,0.0232,0.5526,1.1655,-0.0000,0.1900,0.1714,0.0037,11.5367
1786332448.63,34.562,34.632,35.539,33.828,33.328,33.242,31.578,34.156,34.617,34.179,33.945,33.960,32.710,32.468,33.210,0.8025,0.8087,0.8000,0.8013,0.7988,0.8000,1.5025,1.4988,1.8025,1.7950,3.3138,1.1987,1.1000,0.0037,0.8800,1.2025,1.4938,1.5167,4.8161,0.1148,0.0549,0.1673,0.3680,1.5371,0.1102,0.1433,0.0135,0.0232,0.5502,1.1666,-0.0000,0.1903,0.1714,0.0030,10.9464
1786332449.63,34.632,34.257,35.539,33.125,33.062,33.023,31.843,33.789,34.046,34.375,33.960,34.023,32.476,32.132,32.796,0.8025,0.8075,0.7988,0.8000,0.8000,0.8013,1.5025,1.5000,1.8025,1.7963,3.3138,1.2000,1.1013,0.0025,0.8788,1.2038,1.4938,1.8778,4.8167,0.1142,0.0544,0.1676,0.3602,1.5491,0.1103,0.1451,0.0126,0.0232,0.5520,1.1668,-0.0000,0.1900,0.1730,0.0022,11.3153
1786332450.63,34.531,34.335,35.539,33.265,33.375,32.804,32.312,34.335,34.328,34.296,33.960,34.367,32.726,32.757,33.015,0.8037,0.8075,0.7988,0.8000,0.7988,0.8000,1.5012,1.5012,1.8013,1.7963,3.3150,1.2000,1.1013,0.0037,0.8788,1.2038,1.4938,2.6765,4.8127,0.1142,0.0548,0.1669,0.3708,1.5365,0.1103,0.1441,0.0126,0.0232,0.5532,1.1668,-0.0000,0.1900,0.1700,0.0022,12.1050
1786332451.63,34.539,34.335,35.539,33.320,33.757,33.218,31.546,34.164,34.351,34.148,34.085,33.875,32.328,32.703,33.078,0.8037,0.8087,0.8000,0.8013,0.7988,0.8013,1.5025,1.5000,1.8013,1.7950,3.3138,1.2012,1.1013,0.0025,0.8788,1.2025,1.4950,1.9531,4.8080,0.1128,0.0545,0.1673,0.3786,1.5461,0.1103,0.1441,0.0117,0.0249,0.5532,1.1673,-0.0000,0.1933,0.1714,0.0030,11.3995
1786332452.63,34.492,34.421,35.539,33.726,33.351,33.296,32.062,34.421,34.289,33.984,34.179,34.367,32.765,32.257,33.117,0.8037,0.8100,0.8000,0.8013,0.7975,0.8013,1.5025,1.5000,1.8013,1.7963,3.3150,1.2000,1.1013,0.0037,0.8788,1.2050,1.4938,1.5914,4.8236,0.1156,0.0541,0.1671,0.3686,1.5401,0.1103,0.1441,0.0117,0.0249,0.5508,1.1657,-0.0000,0.1922,0.1732,0.0030,11.0362
1786332453.63,34.531,34.429,35.539,33.242,33.421,33.375,31.609,34.289,34.640,33.984,34.093,34.234,33.085,32.171,32.765,0.8037,0.8087,0.8000,0.8013,0.7975,0.8000,1.5025,1.5000,1.8013,1.7950,3.3150,1.2000,1.1013,0.0037,0.8800,1.2025,1.4938,1.2056,4.8121,0.1124,0.0545,0.1671,0.3660,1.5341,0.1088,0.1432,0.0135,0.0232,0.5526,1.1679,-0.0000,0.1936,0.1699,0.0030,10.6272
1786332454.63,34.351,34.390,35.539,33.554,33.328,32.679,31.742,34.289,33.960,34.156,34.601,33.851,32.898,32.492,32.882,0.8037,0.8087,0.8000,0.8000,0.7988,0.8000,1.5025,1.5000,1.8013,1.7963,3.3138,1.2025,1.1013,0.0037,0.8788,1.2025,1.4938,1.9772,4.8202,0.1112,0.0536,0.1669,0.3728,1.5446,0.1095,0.1441,0.0117,0.0215,0.5513,1.1662,-0.0000,0.1911,0.1714,0.0030,11.4163
1786332455.63,34.812,34.367,35.539,33.460,32.960,32.750,31.359,34.187,34.304,33.867,33.351,33.781,32.898,32.367,33.445,0.8050,0.8087,0.8000,0.8013,0.8000,0.8000,1.5025,1.5000,1.8013,1.7963,3.3150,1.2000,1.1025,0.0037,0.8788,1.2025,1.4938,2.0045,4.8121,0.1136,0.0545,0.1680,0.3668,1.5378,0.1095,0.1432,0.0126,0.0232,0.5508,1.1687,-0.0000,0.1900,0.1714,0.0022,11.4288
1786332456.63,34.671,34.398,35.539,33.367,33.398,32.937,31.531,33.906,34.398,34.101,33.960,33.546,32.867,33.117,32.906,0.8037,0.8100,0.7988,0.8000,0.8000,0.8013,1.5025,1.4988,1.8013,1.7950,3.3150,1.2000,1.1013,0.0037,0.8788,1.2038,1.4938,2.1701,4.8236,0.1154,0.0540,0.1676,0.3690,1.5363,0.1094,0.1432,0.0126,0.0215,0.5544,1.1668,-0.0000,0.1900,0.1730,0.0030,11.6099
1786332457.63,34.335,34.421,35.539,33.078,33.281,33.039,31.242,34.453,34.078,34.046,34.187,34.101,32.570,32.554,33.085,0.8037,0.8100,0.8000,0.8000,0.7988,0.8000,1.5012,1.5000,1.8000,1.7963,3.3150,1.1987,1.1013,0.0025,0.8788,1.2025,1.4938,1.8326,4.8073,0.1156,0.0544,0.1673,0.3672,1.5380,0.1110,0.1440,0.0126,0.0232,0.5514,1.1668,-0.0000,0.1900,0.1714,0.0022,11.2551
1786332458.63,34.632,34.171,35.539,33.890,33.343,33.187,32.000,34.171,34.046,34.406,34.062,33.835,32.601,32.406,32.890,0.8050,0.8087,0.8000,0.8000,0.8000,0.8013,1.5025,1.4988,1.8025,1.7963,3.3138,1.1987,1.1000,0.0050,0.8788,1.2025,1.4938,2.0286,4.8282,0.1136,0.0548,0.1676,0.3718,1.5386,0.1102,0.1442,0.0117,0.0232,0.5514,1.1655,-0.0000,0.1911,0.1729,0.0022,11.4755
1786332459.63,34.726,34.328,35.539,33.414,33.289,33.109,31.367,34.273,34.265,34.281,34.304,33.882,32.828,32.367,33.406,0.8037,0.8087,0.8000,0.8013,0.7988,0.8013,1.5025,1.4988,1.8013,1.7950,3.3138,1.2012,1.1025,0.0037,0.8788,1.2025,1.4938,2.5318,4.8121,0.1168,0.0545,0.1673,0.3734,1.5461,0.1109,0.1450,0.0135,0.0232,0.5526,1.1664,-0.0000,0.1911,0.1699,0.0022,11.9768
1786332460.63,34.734,34.390,35.539,33.593,33.062,32.921,31.593,33.976,33.859,33.804,34.132,34.312,32.656,32.945,33.031,0.8037,0.8100,0.8000,0.8000,0.7988,0.8025,1.5025,1.4988,1.8013,1.7950,3.3150,1.2000,1.1025,0.0037,0.8788,1.2038,1.4925,2.2184,4.8114,0.1112,0.0544,0.1673,0.3679,1.5378,0.1102,0.1450,0.0117,0.0232,0.5520,1.1681,-0.0000,0.1900,0.1685,0.0030,11.6401
1786332461.63,34.554,34.390,35.539,33.382,33.882,33.039,31.820,34.179,34.281,33.703,34.250,34.226,32.679,33.085,33.210,0.8050,0.8100,0.7988,0.8000,0.7988,0.8000,1.5025,1.5000,1.8013,1.7963,3.3150,1.2000,1.1013,0.0050,0.8788,1.2025,1.4938,1.9320,4.8317,0.1170,0.0544,0.1677,0.3744,1.5431,0.1118,0.1441,0.0108,0.0232,0.5520,1.1662,-0.0000,0.1900,0.1714,0.0030,11.3927
1786332462.63,34.656,34.304,35.539,33.156,33.093,33.234,31.656,34.226,34.273,33.898,33.984,33.796,32.578,32.390,33.320,0.8037,0.8087,0.7988,0.8013,0.7988,0.8000,1.5025,1.4988,1.8013,1.7963,3.3138,1.2000,1.1013,0.0025,0.8800,1.2038,1.4938,2.3871,4.8242,0.1202,0.0541,0.1673,0.3664,1.5438,0.1094,0.1441,0.0126,0.0232,0.5526,1.1668,-0.0000,0.1925,0.1715,0.0030,11.8389
1786332463.63,34.375,34.703,35.539,33.445,32.953,33.226,31.390,34.039,33.742,33.664,34.015,34.062,32.187,32.523,33.203,0.8037,0.8100,0.8000,0.8000,0.7988,0.8013,1.5025,1.5000,1.8013,1.7963,3.3150,1.2000,1.1013,0.0025,0.8788,1.2025,1.4938,2.2425,4.8276,0.1124,0.0540,0.1677,0.3730,1.5348,0.1103,0.1441,0.0126,0.0232,0.5520,1.1657,-0.0000,0.1900,0.1714,0.0030,11.6842
1786332464.63,34.546,34.679,35.539,33.367,33.546,33.046,31.679,34.679,34.281,34.125,34.429,33.929,32.484,32.804,32.851,0.8037,0.8100,0.8000,0.8013,0.7988,0.8013,1.5012,1.5000,1.8013,1.7975,3.3163,1.2000,1.1013,0.0037,0.8788,1.2038,1.4938,1.7120,4.8398,0.1144,0.0541,0.1673,0.3770,1.5448,0.1103,0.1441,0.0117,0.0232,0.5526,1.1668,-0.0000,0.1933,0.1715,0.0022,11.1851
1786332465.63,34.351,34.296,35.539,33.390,32.992,32.679,31.976,34.257,34.125,34.195,34.078,33.593,32.554,32.312,32.835,0.8037,0.8087,0.8000,0.8000,0.7975,0.8013,1.5025,1.4988,1.8037,1.7963,3.3138,1.2012,1.1013,0.0037,0.8788,1.2025,1.4938,1.9290,4.8323,0.1180,0.0540,0.1675,0.3686,1.5378,0.1094,0.1443,0.0135,0.0215,0.5526,1.1673,-0.0000,0.1911,0.1729,0.0037,11.3835
1786332466.63,34.679,34.265,35.539,32.984,33.031,33.812,31.929,34.265,34.242,34.093,34.171,33.781,32.398,32.421,32.734,0.8050,0.8100,0.7988,0.8013,0.8000,0.8013,1.5012,1.5000,1.8013,1.7963,3.3138,1.2012,1.1013,0.0025,0.8788,1.2038,1.4938,1.4490,4.8236,0.1126,0.0545,0.1672,0.3674,1.5373,0.1103,0.1432,0.0126,0.0232,0.5520,1.1657,-0.0000,0.1922,0.1730,0.0030,10.8866
1786332467.63,34.562,34.312,35.539,33.359,33.375,33.171,31.703,34.062,33.367,34.054,33.648,34.250,32.687,32.390,32.843,0.8037,0.8087,0.7988,0.8013,0.7988,0.8013,1.5025,1.5000,1.8013,1.7963,3.3150,1.2000,1.1000,0.0025,0.8788,1.2025,1.4938,0.9886,4.8202,0.1146,0.0541,0.1673,0.3682,1.5476,0.1095,0.1441,0.0126,0.0249,0.5526,1.1660,-0.0000,0.1900,0.1714,0.0022,10.4338
1786332468.63,34.546,34.390,35.539,33.132,33.148,32.796,31.367,34.023,34.609,33.687,34.203,34.281,32.343,32.625,33.000,0.8050,0.8100,0.7988,0.8013,0.7988,0.8013,1.5012,1.4988,1.8013,1.7963,3.3138,1.2012,1.1013,0.0025,0.8775,1.2025,1.4938,1.4007,4.8276,0.1158,0.0545,0.1673,0.3686,1.5358,0.1094,0.1441,0.0126,0.0232,0.5544,1.1668,-0.0000,0.1887,0.1714,0.0030,10.8437
1786332469.63,34.851,34.281,35.539,33.500,33.507,32.960,32.023,34.023,34.070,34.046,33.921,33.867,32.945,32.390,33.070,0.8037,0.8100,0.7988,0.8013,0.7988,0.8000,1.5025,1.5000,1.8013,1.7975,3.3150,1.2012,1.1013,0.0037,0.8788,1.2025,1.4950,1.8567,4.8357,0.1162,0.0553,0.1669,0.3668,1.5453,0.1118,0.1432,0.0126,0.0232,0.5520,1.1668,-0.0000,0.1911,0.1729,0.0015,11.3179
1786332470.63,34.703,34.304,35.539,33.492,33.015,32.953,31.718,34.078,34.304,34.109,34.476,34.015,32.765,32.710,32.796,0.8037,0.8087,0.7988,0.8000,0.7988,0.8013,1.5025,1.5000,1.7988,1.7963,3.3150,1.1987,1.1013,0.0025,0.8788,1.2038,1.4938,2.1942,4.8121,0.1122,0.0544,0.1673,0.3610,1.5416,0.1110,0.1439,0.0117,0.0215,0.5562,1.1673,-0.0000,0.1922,0.1715,0.0030,11.6212
1786332471.64,34.492,34.421,35.539,33.484,33.328,33.359,31.875,33.890,34.187,34.023,34.187,33.726,32.687,32.640,33.054,0.8037,0.8075,0.8000,0.8013,0.8000,0.8013,1.5025,1.5000,1.8013,1.7963,3.3163,1.2012,1.1013,0.0037,0.8775,1.2038,1.4925,1.8084,4.7965,0.1108,0.0545,0.1676,0.3746,1.5348,0.1118,0.1432,0.0126,0.0232,0.5556,1.1673,-0.0000,0.1887,0.1700,0.0030,11.2226
1786332472.64,34.789,34.351,35.539,33.773,33.476,33.578,31.562,33.968,34.406,33.820,33.492,34.078,32.578,32.531,32.484,0.8037,0.8087,0.8000,0.8013,0.8000,0.8013,1.5025,1.5000,1.8013,1.7975,3.3150,1.2012,1.1013,0.0050,0.8788,1.2025,1.4950,2.0978,4.8161,0.1140,0.0545,0.1676,0.3702,1.5423,0.1103,0.1441,0.0117,0.0249,0.5526,1.1673,-0.0000,0.1900,0.1714,0.0030,11.5376
1786332473.64,34.500,34.437,35.539,33.015,33.109,32.890,32.015,34.125,34.085,34.281,33.789,34.109,32.375,32.085,33.351,0.8037,0.8087,0.7975,0.8000,0.7988,0.8013,1.5038,1.4988,1.8025,1.7963,3.3138,1.2000,1.1025,0.0025,0.8788,1.2025,1.4938,1.3985,4.8080,0.1140,0.0548,0.1673,0.3742,1.5353,0.1102,0.1442,0.0126,0.0249,0.5634,1.1687,0.0000,0.1922,0.1714,0.0022,10.8419
1786332474.64,34.703,34.421,35.539,33.156,33.250,33.226,31.960,34.101,34.039,34.093,34.093,34.101,32.664,32.789,33.132,0.8037,0.8100,0.7988,0.8000,0.7988,0.8013,1.5025,1.5012,1.8000,1.7963,3.3150,1.2012,1.1013,0.0037,0.8788,1.2025,1.4950,1.3985,4.8317,0.1178,0.0540,0.1673,0.3682,1.5378,0.1111,0.1431,0.0126,0.0232,0.5532,1.1673,-0.0000,0.1900,0.1714,0.0030,10.8501
1786332475.64,34.460,34.085,35.539,33.070,33.289,33.437,31.710,34.523,34.453,34.125,33.937,34.492,32.656,32.859,33.117,0.8037,0.8087,0.8000,0.8000,0.7988,0.8000,1.5012,1.4988,1.8013,1.7963,3.3150,1.2000,1.1013,0.0050,0.8788,1.2012,1.4938,1.9290,4.8202,0.1176,0.0540,0.1669,0.3716,1.5358,0.1094,0.1432,0.0126,0.0232,0.5544,1.1673,-0.0000,0.1911,0.1697,0.0030,11.3690
1786332476.64,34.523,34.289,35.539,33.429,33.570,32.789,31.812,34.234,34.265,33.945,33.984,33.835,32.304,32.726,32.820,0.8037,0.8087,0.8000,0.8000,0.8000,0.8013,1.5012,1.4988,1.8013,1.7963,3.3138,1.2012,1.1013,0.0050,0.8788,1.2025,1.4938,1.1815,4.7999,0.1160,0.0540,0.1672,0.3682,1.5350,0.1109,0.1441,0.0126,0.0232,0.5526,1.1668,-0.0000,0.1922,0.1729,0.0030,10.6000
1786332477.64,34.500,34.476,35.539,33.390,33.148,32.812,32.171,34.195,33.695,33.789,33.664,34.562,32.593,32.398,33.289,0.8037,0.8087,0.7988,0.8000,0.7988,0.8000,1.5012,1.5000,1.8013,1.7963,3.3150,1.2000,1.1013,0.0025,0.8788,1.2025,1.4950,1.9772,4.8202,0.1070,0.0540,0.1669,0.3716,1.5485,0.1088,0.1432,0.0117,0.0249,0.5532,1.1668,-0.0000,0.1889,0.1714,0.0030,11.4172
1786332478.64,34.523,34.359,35.539,33.812,32.921,33.140,32.203,34.359,34.406,34.125,33.968,34.210,32.718,32.171,32.898,0.8037,0.8087,0.7988,0.8000,0.8000,0.8013,1.5038,1.5000,1.8000,1.7963,3.3138,1.2000,1.1013,0.0037,0.8788,1.2038,1.4938,1.9290,4.8121,0.1122,0.0544,0.1676,0.3758,1.5376,0.1118,0.1440,0.0117,0.0249,0.5514,1.1662,-0.0000,0.1900,0.1730,0.0022,11.3639
1786332479.64,34.773,34.507,35.539,33.078,33.203,33.242,31.609,34.289,34.171,33.804,33.882,33.718,32.234,32.820,33.132,0.8050,0.8100,0.8000,0.8000,0.7988,0.8000,1.5012,1.4988,1.8013,1.7963,3.3138,1.1987,1.1025,0.0037,0.8788,1.2025,1.4938,2.1494,4.8114,0.1168,0.0544,0.1673,0.3680,1.5463,0.1094,0.1432,0.0117,0.0232,0.5526,1.1681,-0.0000,0.1933,0.1714,0.0030,11.5894
1786332480.64,34.437,34.304,35.539,33.585,33.093,32.710,31.476,34.304,34.140,33.710,33.937,34.125,32.554,32.328,32.781,0.8037,0.8087,0.7988,0.8000,0.7988,0.8013,1.5012,1.4988,1.8013,1.7963,3.3138,1.2012,1.1013,0.0037,0.8775,1.2025,1.4950,2.0978,4.8242,0.1194,0.0544,0.1673,0.3694,1.5380,0.1109,0.1432,0.0135,0.0232,0.5532,1.1662,-0.0000,0.1931,0.1714,0.0030,11.5481
1786332481.64,34.539,34.304,35.539,34.226,32.984,32.710,31.601,34.242,34.148,33.835,33.773,33.671,32.343,32.312,33.007,0.8037,0.8087,0.8000,0.8013,0.7988,0.8000,1.5025,1.4988,1.8013,1.7950,3.3138,1.1987,1.1013,0.0037,0.8788,1.2025,1.4938,2.0254,4.8040,0.1152,0.0549,0.1673,0.3672,1.5356,0.1109,0.1441,0.0135,0.0232,0.5514,1.1673,0.0000,0.1922,0.1729,0.0030,11.4481
1786332482.64,34.531,34.273,35.539,33.398,32.523,32.882,31.976,33.828,34.265,33.929,33.515,33.718,32.921,32.484,33.101,0.8037,0.8100,0.8000,0.8013,0.7988,0.8025,1.5025,1.4988,1.8025,1.7963,3.3138,1.2012,1.1013,0.0037,0.8775,1.2038,1.4938,1.5191,4.8155,0.1192,0.0545,0.1669,0.3692,1.5453,0.1102,0.1433,0.0117,0.0215,0.5526,1.1673,-0.0000,0.1898,0.1730,0.0022,10.9612
1786332483.64,34.500,34.296,35.539,33.296,33.609,33.125,31.750,34.640,34.015,33.992,34.351,33.625,32.500,32.257,32.882,0.8050,0.8087,0.7988,0.8000,0.7988,0.8013,1.5025,1.5000,1.8013,1.7963,3.3138,1.2000,1.1025,0.0037,0.8788,1.2025,1.4938,1.9562,4.8121,0.1142,0.0544,0.1669,0.3682,1.5371,0.1095,0.1450,0.0117,0.0232,0.5532,1.1675,-0.0000,0.1900,0.1699,0.0030,11.3820
1786332484.64,34.367,34.414,35.539,33.414,33.359,33.000,31.429,34.289,33.851,33.945,34.187,34.156,32.359,32.390,32.976,0.8037,0.8100,0.7988,0.8000,0.8000,0.8000,1.5025,1.4988,1.8013,1.7963,3.3150,1.2012,1.1013,0.0025,0.8775,1.2025,1.4938,2.1460,4.8276,0.1166,0.0544,0.1676,0.3716,1.5378,0.1117,0.1441,0.0135,0.0232,0.5514,1.1662,-0.0000,0.1909,0.1729,0.0037,11.5991
1786332485.64,34.625,34.992,35.539,33.101,33.234,32.906,31.343,33.992,34.250,33.890,34.101,33.812,32.812,32.742,32.781,0.8037,0.8087,0.7988,0.8013,0.7988,0.8013,1.5012,1.5000,1.8000,1.7963,3.3150,1.2012,1.1025,0.0037,0.8775,1.2038,1.4938,1.4709,4.8242,0.1158,0.0545,0.1669,0.3726,1.5380,0.1103,0.1440,0.0117,0.0232,0.5538,1.1675,-0.0000,0.1887,0.1745,0.0030,10.9196
1786332486.64,34.242,34.242,35.539,33.078,32.492,32.921,31.484,34.164,34.242,34.062,33.867,34.328,32.328,32.265,32.828,0.8037,0.8100,0.7975,0.8013,0.8000,0.8025,1.5012,1.5000,1.8025,1.7963,3.3150,1.2000,1.1013,0.0037,0.8788,1.2038,1.4938,1.6638,4.8357,0.1144,0.0549,0.1676,0.3575,1.5380,0.1110,0.1442,0.0135,0.0232,0.5520,1.1662,-0.0000,0.1911,0.1730,0.0030,11.1092
1786332487.64,34.781,34.460,35.539,33.656,33.007,32.851,31.718,34.554,34.359,33.984,33.820,34.062,32.656,32.617,33.296,0.8037,0.8087,0.7988,0.8000,0.8000,0.8013,1.5025,1.4988,1.8025,1.7950,3.3150,1.2000,1.1000,0.0050,0.8788,1.2038,1.4938,2.1942,4.8121,0.1118,0.0544,0.1676,0.3734,1.5491,0.1102,0.1433,0.0117,0.0249,0.5526,1.1660,-0.0000,0.1889,0.1730,0.0030,11.6361
1786332488.65,34.679,34.359,35.539,33.492,33.476,33.132,31.570,33.984,33.679,33.671,34.000,33.820,32.609,32.484,32.687,0.8037,0.8100,0.8000,0.8000,0.8013,0.8025,1.5025,1.5000,1.8000,1.7963,3.3150,1.2012,1.1013,0.0037,0.8775,1.2025,1.4938,1.5432,4.8236,0.1136,0.0544,0.1679,0.3583,1.5378,0.1110,0.1431,0.0117,0.0232,0.5532,1.1668,-0.0000,0.1909,0.1714,0.0022,10.9721
1786332489.65,34.304,34.500,35.539,33.546,33.023,32.945,32.015,34.148,34.015,33.578,33.843,33.726,32.476,32.226,33.234,0.8037,0.8075,0.7988,0.8000,0.8000,0.8013,1.5025,1.5000,1.8013,1.7963,3.3125,1.2000,1.1013,0.0037,0.8775,1.2050,1.4950,1.5914,4.8127,0.1134,0.0544,0.1672,0.3698,1.5461,0.1110,0.1432,0.0126,0.0232,0.5526,1.1668,-0.0000,0.1920,0.1747,0.0037,11.0347
1786332490.66,34.617,34.156,35.539,33.195,32.875,33.296,31.578,34.171,33.820,34.125,34.304,34.054,32.851,32.796,33.218,0.8025,0.8075,0.8000,0.8000,0.7988,0.8000,1.5012,1.5000,1.8013,1.7963,3.3138,1.2000,1.1013,0.0037,0.8788,1.2038,1.4925,1.3963,4.8813,0.1160,0.0544,0.1677,0.5072,1.5448,0.1095,0.1432,0.0117,0.0249,0.5622,1.1673,-0.0000,0.1911,0.1730,0.0037,11.0545
1786332491.66,34.335,34.382,35.539,33.234,33.375,32.609,31.796,34.187,34.382,34.054,33.859,33.890,32.718,33.093,33.132,0.8037,0.8100,0.7988,0.8000,0.7988,0.8013,1.5025,1.5000,1.8013,1.7963,3.3150,1.2012,1.1013,0.0037,0.8775,1.2025,1.4938,2.2666,4.8236,0.1134,0.0544,0.1673,0.3465,1.5348,0.1103,0.1441,0.0126,0.0232,0.5508,1.1673,-0.0000,0.1909,0.1729,0.0022,11.6808
1786332492.66,34.531,34.148,35.539,33.460,33.031,32.960,31.625,34.187,34.359,33.835,34.007,33.921,33.046,32.328,32.953,0.8025,0.8100,0.8000,0.8000,0.7975,0.8000,1.5025,1.5012,1.8013,1.7963,3.3138,1.2000,1.1013,0.0050,0.8788,1.2038,1.4938,1.2037,4.8236,0.1136,0.0540,0.1667,0.3648,1.5356,0.1103,0.1432,0.0117,0.0249,0.5538,1.1668,-0.0000,0.1900,0.1715,0.0030,10.6371
1786332493.66,34.656,34.453,35.539,33.234,32.953,33.351,31.406,34.453,33.796,33.953,34.015,34.015,32.156,32.585,32.632,0.8050,0.8087,0.8000,0.8013,0.7975,0.8013,1.5038,1.5000,1.8013,1.7963,3.3150,1.2000,1.1013,0.0037,0.8788,1.2038,1.4950,1.8596,4.8202,0.1168,0.0545,0.1667,0.3738,1.5391,0.1095,0.1450,0.0117,0.0249,0.5520,1.1662,-0.0000,0.1933,0.1715,0.0030,11.3076
1786332494.66,34.500,34.289,35.539,33.437,33.125,32.656,31.781,34.390,34.000,34.062,34.382,34.273,32.820,32.757,33.367,0.8025,0.8100,0.8000,0.8000,0.7988,0.8000,1.5025,1.5000,1.8013,1.7963,3.3138,1.2000,1.1013,0.0037,0.8788,1.2012,1.4950,1.2037,4.8155,0.1120,0.0544,0.1673,0.3680,1.5356,0.1103,0.1432,0.0117,0.0232,0.5556,1.1668,-0.0000,0.1900,0.1712,0.0030,10.6314
1786332495.66,35.195,34.320,35.539,33.328,33.117,32.968,31.570,33.914,33.992,34.054,34.164,34.117,32.984,32.257,32.742,0.8037,0.8100,0.8000,0.8013,0.7988,0.8013,1.5025,1.4988,1.8025,1.7963,3.3150,1.2000,1.1013,0.0037,0.8788,1.2038,1.4938,2.4595,4.8357,0.1160,0.0545,0.1665,0.3654,1.5363,0.1109,0.1433,0.0117,0.0232,0.5508,1.1662,-0.0000,0.1889,0.1715,0.0030,11.9034
1786332496.66,34.500,34.476,35.539,33.015,33.101,32.750,31.617,33.906,34.421,33.851,33.742,34.289,33.007,32.281,32.585,0.8037,0.8087,0.7988,0.8000,0.7975,0.8013,1.5025,1.4988,1.8013,1.7963,3.3138,1.2000,1.1013,0.0025,0.8788,1.2025,1.4950,2.0978,4.8161,0.1150,0.0544,0.1671,0.3734,1.5506,0.1094,0.1423,0.0126,0.0215,0.5562,1.1662,-0.0000,0.1889,0.1729,0.0022,11.5466
1786332497.66,34.250,34.476,35.539,33.335,33.078,33.070,31.882,34.187,34.343,33.765,34.015,34.179,32.468,32.789,33.148,0.8037,0.8087,0.7988,0.8000,0.7975,0.8013,1.5012,1.5000,1.8013,1.7963,3.3150,1.2000,1.1013,0.0025,0.8788,1.2025,1.4938,1.6879,4.8161,0.1134,0.0544,0.1671,0.3778,1.5365,0.1110,0.1450,0.0126,0.0232,0.5520,1.1662,-0.0000,0.1922,0.1744,0.0022,11.1320
1786332498.66,34.390,34.328,35.539,33.828,33.156,32.773,31.531,34.218,34.031,33.851,33.968,33.804,32.484,32.343,32.781,0.8037,0.8087,0.7988,0.8013,0.7975,0.8013,1.5025,1.5000,1.8013,1.7963,3.3150,1.2012,1.1013,0.0037,0.8775,1.2038,1.4938,2.0496,4.8121,0.1134,0.0541,0.1671,0.3726,1.5513,0.1103,0.1450,0.0126,0.0232,0.5532,1.1679,-0.0000,0.1898,0.1715,0.0037,11.4972
1786332499.66,34.687,34.250,35.539,32.562,33.000,32.773,31.453,34.328,34.156,33.835,34.140,33.789,32.562,32.726,32.898,0.8037,0.8087,0.7988,0.8013,0.7988,0.8013,1.5012,1.5012,1.7988,1.7950,3.3138,1.2000,1.1013,0.0037,0.8788,1.2025,1.4950,2.0013,4.8040,0.1162,0.0541,0.1677,0.3566,1.5365,0.1103,0.1439,0.0126,0.0232,0.5520,1.1657,-0.0000,0.1911,0.1729,0.0022,11.4103
1786332500.66,34.460,34.406,35.539,33.070,32.890,32.617,32.007,34.492,33.921,34.171,34.242,33.945,32.859,32.750,32.804,0.8037,0.8087,0.8000,0.8013,0.7988,0.8013,1.5012,1.5000,1.8013,1.7963,3.3138,1.2000,1.1000,0.0037,0.8775,1.2012,1.4938,1.7120,4.8323,0.1120,0.0541,0.1673,0.3734,1.5335,0.1103,0.1441,0.0126,0.0215,0.5520,1.1638,-0.0000,0.1909,0.1727,0.0030,11.1554
1786332501.66,34.398,34.257,35.539,33.515,33.453,33.132,31.890,34.101,33.937,34.125,34.234,34.085,32.835,32.312,32.734,0.8037,0.8087,0.8000,0.8000,0.7988,0.8013,1.5012,1.4988,1.8013,1.7963,3.3138,1.2000,1.1000,0.0025,0.8788,1.2025,1.4938,1.8808,4.8161,0.1100,0.0540,0.1669,0.3682,1.5395,0.1094,0.1441,0.0117,0.0215,0.5508,1.1660,-0.0000,0.1900,0.1714,0.0030,11.3034
1786332502.66,34.421,34.484,35.539,33.640,33.234,32.875,31.835,33.929,34.257,33.695,34.093,33.953,33.187,32.539,33.304,0.8037,0.8100,0.8000,0.8013,0.7988,0.8000,1.5025,1.5000,1.8013,1.7963,3.3138,1.2000,1.1000,0.0025,0.8775,1.2038,1.4925,1.6397,4.8114,0.1144,0.0541,0.1677,0.3636,1.5348,0.1110,0.1441,0.0135,0.0215,0.5526,1.1655,-0.0000,0.1920,0.1700,0.0030,11.0588
1786332503.66,34.679,34.304,35.539,33.023,33.226,32.703,31.843,33.890,34.429,33.914,33.820,34.242,32.695,32.515,32.812,0.8037,0.8087,0.7988,0.8013,0.7975,0.8013,1.5038,1.5000,1.8000,1.7963,3.3138,1.2000,1.1013,0.0037,0.8788,1.2025,1.4938,2.2666,4.8282,0.1166,0.0541,0.1671,0.3670,1.5383,0.1110,0.1431,0.0126,0.0232,0.5526,1.1662,0.0000,0.1911,0.1714,0.0022,11.7113
1786332504.66,34.476,34.218,35.539,33.359,33.500,33.218,31.734,34.203,34.367,34.195,33.781,34.187,32.187,32.468,33.062,0.8037,0.8087,0.8000,0.8000,0.7975,0.8013,1.5012,1.4988,1.8000,1.7950,3.3150,1.2012,1.1013,0.0037,0.8775,1.2038,1.4950,1.6397,4.8161,0.1140,0.0544,0.1667,0.3497,1.5365,0.1102,0.1422,0.0117,0.0215,0.5532,1.1668,-0.0000,0.1931,0.1715,0.0030,11.0502
1786332505.66,34.656,34.273,35.539,33.312,33.054,33.156,32.000,33.921,34.015,34.234,33.906,33.906,32.601,32.289,32.804,0.8037,0.8087,0.7988,0.8013,0.7988,0.8013,1.5025,1.5012,1.8013,1.7963,3.3163,1.2000,1.1013,0.0025,0.8788,1.2025,1.4938,1.9290,4.8040,0.1146,0.0541,0.1677,0.3686,1.5378,0.1118,0.1441,0.0126,0.0232,0.5574,1.1668,-0.0000,0.1900,0.1714,0.0030,11.3561
1786332506.66,34.656,34.398,35.539,33.585,33.125,32.578,31.859,34.101,34.429,34.296,34.132,34.375,32.203,32.804,32.843,0.8037,0.8087,0.7988,0.8000,0.7988,0.8013,1.5038,1.4988,1.8013,1.7963,3.3150,1.2012,1.1013,0.0037,0.8775,1.2025,1.4938,1.4226,4.8121,0.1118,0.0540,0.1669,0.3638,1.5489,0.1109,0.1450,0.0117,0.0249,0.5550,1.1679,-0.0000,0.1898,0.1714,0.0030,10.8595
1786332507.66,34.578,34.343,35.539,33.445,33.695,32.968,32.156,34.109,34.101,33.906,33.867,34.343,32.484,32.828,33.171,0.8037,0.8100,0.7988,0.8000,0.7988,0.8013,1.5025,1.5000,1.8025,1.7950,3.3150,1.2012,1.1013,0.0037,0.8788,1.2025,1.4950,1.6879,4.8155,0.1170,0.0540,0.1673,0.3682,1.5393,0.1110,0.1433,0.0126,0.0232,0.5538,1.1662,-0.0000,0.1922,0.1714,0.0022,11.1250
1786332508.66,34.617,34.062,35.539,33.078,33.203,33.085,31.953,34.343,34.257,34.171,34.398,33.757,32.687,32.468,33.289,0.8037,0.8075,0.8000,0.8013,0.7988,0.8000,1.5025,1.4988,1.8025,1.7963,3.3150,1.2012,1.1013,0.0025,0.8788,1.2038,1.4925,1.6879,4.8127,0.1144,0.0545,0.1673,0.3672,1.5461,0.1094,0.1442,0.0126,0.0232,0.5526,1.1662,-0.0000,0.1933,0.1730,0.0015,11.1261
1786332509.66,34.640,34.125,35.539,33.062,33.718,33.257,31.687,34.218,34.648,34.023,33.773,34.054,32.617,32.367,32.703,0.8037,0.8087,0.8000,0.7988,0.7988,0.8013,1.5038,1.5012,1.8013,1.7963,3.3150,1.2000,1.1013,0.0050,0.8788,1.2025,1.4950,1.4226,4.8282,0.1156,0.0539,0.1673,0.3726,1.5376,0.1103,0.1432,0.0126,0.0232,0.5562,1.1662,-0.0000,0.1889,0.1699,0.0022,10.8707
1786332510.66,34.726,34.437,35.539,33.632,33.429,32.773,31.726,33.953,33.804,33.757,33.921,33.664,32.562,32.429,32.953,0.8037,0.8100,0.7988,0.8013,0.7988,0.8013,1.5025,1.5000,1.8013,1.7963,3.3138,1.2012,1.1013,0.0037,0.8788,1.2038,1.4938,1.5914,4.8357,0.1202,0.0545,0.1673,0.3734,1.5348,0.1095,0.1432,0.0117,0.0232,0.5526,1.1673,0.0000,0.1922,0.1700,0.0030,11.0501
1786332511.66,34.945,34.117,35.539,33.250,33.117,32.929,32.062,34.046,34.117,34.664,33.820,33.781,32.531,32.226,32.914,0.8025,0.8087,0.8000,0.8000,0.7988,0.8013,1.5012,1.5000,1.8025,1.7963,3.3138,1.2000,1.1025,0.0037,0.8775,1.2012,1.4938,1.7093,4.8282,0.1144,0.0544,0.1669,0.5248,1.5320,0.1110,0.1433,0.0117,0.0249,0.7290,1.1687,-0.0000,0.1931,0.1697,0.0030,11.4843
1786332512.66,34.554,34.242,35.539,33.546,33.296,32.625,31.656,34.125,34.000,33.843,34.015,34.304,32.593,32.929,32.695,0.8037,0.8100,0.7988,0.8000,0.7988,0.8013,1.5025,1.5000,1.8025,1.7963,3.3138,1.2012,1.1013,0.0037,0.8788,1.2025,1.4950,2.1219,4.8195,0.1150,0.0536,0.1673,0.3706,1.5341,0.1110,0.1433,0.0117,0.0232,0.5520,1.1668,-0.0000,0.1911,0.1729,0.0037,11.5576
1786332513.66,34.625,34.312,35.539,33.203,33.210,32.992,31.703,34.203,33.750,34.281,33.976,33.757,32.710,32.781,32.875,0.8037,0.8087,0.7988,0.8000,0.7988,0.8013,1.5025,1.4988,1.8013,1.7950,3.3150,1.2012,1.1000,0.0025,0.8788,1.2038,1.4950,2.3148,4.8040,0.1134,0.0544,0.1673,0.3678,1.5378,0.1094,0.1432,0.0126,0.0232,0.5520,1.1649,-0.0000,0.1900,0.1715,0.0030,11.7293
1786332514.66,34.500,34.507,35.539,33.382,33.375,32.859,31.304,34.007,34.078,34.070,33.679,33.921,32.835,32.906,33.015,0.8037,0.8100,0.7988,0.8013,0.8000,0.8000,1.5025,1.5000,1.8000,1.7963,3.3150,1.2000,1.1013,0.0037,0.8788,1.2025,1.4938,2.4112,4.8276,0.1174,0.0545,0.1680,0.3740,1.5371,0.1103,0.1440,0.0117,0.0265,0.5538,1.1668,-0.0000,0.1900,0.1699,0.0015,11.8642
1786332515.66,34.367,34.320,35.539,33.242,33.148,32.585,31.609,33.789,34.320,34.289,34.273,34.320,32.789,32.593,33.148,0.8037,0.8100,0.7988,0.8013,0.7988,0.8013,1.5025,1.5000,1.8013,1.7963,3.3150,1.2000,1.1013,0.0037,0.8788,1.2038,1.4950,2.0737,4.8195,0.1150,0.0545,0.1669,0.3786,1.5378,0.1118,0.1450,0.0126,0.0232,0.5520,1.1662,0.0000,0.1900,0.1715,0.0030,11.5213
1786332516.66,34.429,34.375,35.539,33.398,33.234,32.578,31.500,34.609,34.476,33.953,33.859,34.109,32.507,32.281,33.335,0.8037,0.8100,0.7988,0.8000,0.7988,0.8013,1.5012,1.4988,1.8013,1.7963,3.3138,1.2000,1.1013,0.0037,0.8788,1.2038,1.4938,1.4709,4.8276,0.1110,0.0544,0.1673,0.3654,1.5485,0.1094,0.1441,0.0126,0.0249,0.5544,1.1668,-0.0000,0.1911,0.1715,0.0030,10.9229
1786332517.66,34.835,34.164,35.539,33.320,32.968,32.851,32.140,34.109,34.078,33.882,33.960,34.234,32.515,32.421,32.757,0.8037,0.8087,0.8000,0.8000,0.7988,0.8013,1.5038,1.4988,1.8000,1.7963,3.3150,1.2000,1.1025,0.0037,0.8775,1.2025,1.4950,1.8567,4.8202,0.1132,0.0544,0.1673,0.3742,1.5406,0.1109,0.1440,0.0126,0.0249,0.5526,1.1681,-0.0000,0.1931,0.1699,0.0022,11.3047
1786332518.66,34.492,34.562,35.539,33.367,33.523,32.468,31.390,33.875,34.250,33.687,33.843,34.390,32.367,32.523,32.453,0.8037,0.8113,0.7988,0.7988,0.7988,0.8013,1.5025,1.4988,1.7988,1.7975,3.3138,1.2000,1.1000,0.0037,0.8788,1.2025,1.4938,2.2425,4.8310,0.1202,0.0539,0.1673,0.3614,1.5483,0.1102,0.1421,0.0126,0.0232,0.5532,1.1649,0.0000,0.1922,0.1729,0.0030,11.6988
1786332519.66,34.468,34.351,35.539,33.585,32.882,32.976,31.960,34.335,33.843,33.671,34.078,33.593,32.835,32.429,32.828,0.8037,0.8087,0.7988,0.8000,0.7988,0.8013,1.5025,1.5000,1.8013,1.7963,3.3150,1.2000,1.1013,0.0037,0.8788,1.2025,1.4938,2.0013,4.8161,0.1130,0.0536,0.1673,0.3702,1.5393,0.1110,0.1450,0.0117,0.0232,0.5532,1.1668,-0.0000,0.1922,0.1714,0.0030,11.4383
1786332520.66,34.460,34.296,35.539,33.257,33.109,33.007,31.617,34.218,34.187,33.945,33.648,34.265,32.945,32.382,33.054,0.8050,0.8100,0.7988,0.8000,0.7988,0.8000,1.5025,1.4988,1.8025,1.7963,3.3150,1.2000,1.1025,0.0050,0.8800,1.2025,1.4938,1.4973,4.8357,0.1146,0.0540,0.1673,0.3676,1.5341,0.1102,0.1433,0.0135,0.0232,0.7458,1.1670,-0.0000,0.1947,0.1729,0.0030,11.1441
1786332521.66,34.320,33.976,35.539,33.546,33.351,33.281,31.531,33.679,33.976,33.726,33.460,33.718,32.617,32.421,32.835,0.8037,0.8100,0.7988,0.8013,0.8000,0.8013,1.5025,1.5000,1.8013,1.7950,3.3138,1.2012,1.1000,0.0037,0.8788,1.2038,1.4938,1.6879,4.8317,0.1118,0.0545,0.1680,0.3766,1.5393,0.1103,0.1432,0.0126,0.0232,0.5574,1.1649,-0.0000,0.1900,0.1730,0.0030,11.1473
1786332522.66,34.859,34.148,35.539,33.195,33.492,32.703,32.070,33.453,33.898,33.914,33.843,33.968,32.187,32.109,32.242,0.8037,0.8087,0.7988,0.8013,0.7988,0.8013,1.5025,1.5000,1.8013,1.7963,3.3150,1.2000,1.1013,0.0037,0.8788,1.2025,1.4938,1.6638,4.8161,0.1114,0.0549,0.1677,0.3606,1.5341,0.1110,0.1423,0.0126,0.0249,0.5538,1.1673,-0.0000,0.1889,0.1714,0.0030,11.0837
1786332523.66,34.812,34.226,35.539,33.296,33.359,32.664,31.875,33.820,34.226,34.375,34.093,34.000,33.187,32.914,32.875,0.8037,0.8087,0.8000,0.8000,0.8000,0.8013,1.5025,1.5000,1.8013,1.7963,3.3150,1.2012,1.1013,0.0037,0.8788,1.2025,1.4938,2.0737,4.8161,0.1160,0.0540,0.1676,0.3662,1.5378,0.1110,0.1441,0.0126,0.0232,0.5550,1.1673,-0.0000,0.1900,0.1714,0.0030,11.5089
1786332524.66,34.585,34.250,35.539,33.210,33.507,33.382,31.585,34.335,34.187,33.812,34.046,34.250,32.710,32.523,32.992,0.8037,0.8100,0.8000,0.8013,0.7988,0.8000,1.5012,1.5000,1.8013,1.7963,3.3150,1.2012,1.1013,0.0050,0.8788,1.2038,1.4950,1.6155,4.8236,0.1120,0.0541,0.1673,0.3688,1.5365,0.1110,0.1441,0.0117,0.0232,0.5556,1.1662,-0.0000,0.1900,0.1715,0.0030,11.0542
1786332525.66,34.398,34.218,35.539,33.570,33.109,32.835,31.695,34.078,33.710,33.750,33.734,33.960,32.554,32.421,33.000,0.8037,0.8087,0.7988,0.8000,0.8000,0.8013,1.5025,1.4988,1.8000,1.7950,3.3138,1.2000,1.1025,0.0037,0.8775,1.2025,1.4938,2.1460,4.8121,0.1138,0.0540,0.1676,0.3658,1.5363,0.1102,0.1440,0.0117,0.0215,0.5550,1.1675,-0.0000,0.1920,0.1729,0.0037,11.5740
1786332526.66,34.484,34.367,35.539,33.539,33.414,32.796,31.515,34.078,34.023,33.468,33.945,34.000,32.187,32.539,32.804,0.8037,0.8087,0.7988,0.8000,0.7988,0.8000,1.5025,1.4988,1.8025,1.7963,3.3150,1.2000,1.1025,0.0037,0.8788,1.2025,1.4938,1.3021,4.8080,0.1158,0.0536,0.1669,0.3740,1.5491,0.1094,0.1433,0.0135,0.0249,0.5544,1.1687,-0.0000,0.1911,0.1699,0.0022,10.7468
1786332527.66,34.679,34.257,35.539,33.265,33.023,32.679,31.617,33.359,34.062,33.726,33.796,33.695,32.593,32.687,33.179,0.8050,0.8100,0.7988,0.8000,0.8000,0.8013,1.5025,1.5000,1.8013,1.7963,3.3125,1.2012,1.1013,0.0037,0.8788,1.2038,1.4938,1.7630,4.8155,0.1126,0.0540,0.1680,0.3750,1.5378,0.1118,0.1441,0.0126,0.0248,0.5562,1.1662,-0.0000,0.1889,0.1715,0.0030,11.2049
1786332528.66,34.179,34.250,35.539,32.765,33.289,32.890,31.515,34.312,34.070,33.773,33.289,33.742,32.507,32.820,33.054,0.8050,0.8087,0.7988,0.8000,0.8013,0.8013,1.5025,1.5000,1.8013,1.7963,3.3150,1.2000,1.1025,0.0025,0.8788,1.2038,1.4950,1.8354,4.8282,0.1078,0.0548,0.1679,0.3630,1.5491,0.1103,0.1450,0.0126,0.0249,0.5514,1.1675,-0.0000,0.1900,0.1715,0.0037,11.2831
1786332529.66,34.429,34.078,35.539,33.609,33.468,33.000,31.796,34.335,34.265,33.601,33.890,33.750,32.414,32.468,32.523,0.8025,0.8087,0.7975,0.8000,0.8000,0.8025,1.5025,1.5000,1.8013,1.7950,3.3150,1.2000,1.1000,0.0037,0.8788,1.2025,1.4950,1.8056,4.8040,0.1188,0.0540,0.1676,0.3764,1.5386,0.1095,0.1450,0.0135,0.0232,0.5562,1.1655,-0.0000,0.1889,0.1699,0.0030,11.2395
1786332530.66,34.484,34.515,35.539,33.156,33.679,32.703,31.617,34.015,34.242,33.757,34.023,34.351,33.039,32.343,33.007,0.8037,0.8087,0.8000,0.7988,0.7988,0.8025,1.5025,1.4988,1.8013,1.7950,3.3150,1.2012,1.1000,0.0037,0.8775,1.2038,1.4938,1.7120,4.8282,0.1112,0.0543,0.1673,0.3692,1.5348,0.1102,0.1432,0.0126,0.0232,0.5538,1.1649,-0.0000,0.1909,0.1715,0.0030,11.1502
1786332531.66,34.492,34.625,35.539,33.656,33.289,32.781,31.445,34.273,34.023,33.414,33.656,34.054,32.343,32.398,33.218,0.8050,0.8087,0.8000,0.8013,0.7988,0.8000,1.5025,1.5000,1.8013,1.7963,3.3138,1.2000,1.1013,0.0050,0.8788,1.2025,1.4938,1.8837,4.8242,0.1108,0.0541,0.1673,0.3760,1.5393,0.1095,0.1432,0.0126,0.0232,0.5556,1.1673,-0.0000,0.1889,0.1699,0.0015,11.3271
1786332532.66,34.664,34.328,35.539,32.796,32.757,33.023,31.460,34.242,34.015,33.992,34.078,34.179,32.804,32.500,32.875,0.8050,0.8087,0.7988,0.8000,0.7988,0.8013,1.5012,1.4988,1.8025,1.7950,3.3150,1.2000,1.1013,0.0013,0.8775,1.2038,1.4938,2.6082,4.8323,0.1130,0.0544,0.1673,0.3678,1.5328,0.1109,0.1433,0.0126,0.0232,0.5532,1.1673,-0.0000,0.1898,0.1715,0.0030,12.0506
1786332533.66,35.054,34.273,35.539,33.710,32.929,32.828,31.875,33.937,34.250,33.796,33.804,33.843,32.609,32.234,32.843,0.8050,0.8087,0.7988,0.8000,0.7975,0.8000,1.5025,1.5000,1.8013,1.7963,3.3138,1.2000,1.1013,0.0037,0.8788,1.2012,1.4938,1.6905,4.8202,0.1134,0.0544,0.1675,0.5596,1.5416,0.1110,0.1432,0.0135,0.0232,0.5532,1.1662,-0.0000,0.1922,0.1697,0.0037,11.3230
1786332534.66,34.570,34.398,35.539,33.382,33.085,32.992,31.609,34.382,33.890,33.984,33.781,34.062,32.539,32.414,32.781,0.8050,0.8087,0.7988,0.8000,0.7988,0.8025,1.5025,1.5000,1.8000,1.7963,3.3125,1.2012,1.1000,0.0025,0.8788,1.2025,1.4950,1.8837,4.8323,0.1110,0.0544,0.1673,0.3764,1.5356,0.1103,0.1440,0.0117,0.0215,0.5538,1.1655,-0.0000,0.1889,0.1714,0.0045,11.3321
1786332535.66,34.437,34.289,35.539,32.875,33.117,32.890,32.007,34.328,34.617,34.085,33.679,33.976,32.445,32.414,32.906,0.8037,0.8087,0.7988,0.8013,0.8000,0.8013,1.5012,1.5012,1.8013,1.7963,3.3150,1.2012,1.1000,0.0050,0.8788,1.2038,1.4938,1.8808,4.8242,0.1162,0.0545,0.1676,0.3578,1.5448,0.1111,0.1450,0.0108,0.0199,0.5538,1.1649,-0.0000,0.1922,0.1715,0.0037,11.3187
1786332536.66,34.398,34.703,35.539,33.773,33.796,33.101,31.859,34.335,34.195,33.914,34.226,33.937,32.460,32.656,32.789,0.8037,0.8100,0.7988,0.8000,0.7988,0.8013,1.5012,1.4988,1.8025,1.7963,3.3138,1.2012,1.1000,0.0025,0.8788,1.2038,1.4950,1.3503,4.8236,0.1106,0.0544,0.1669,0.3742,1.5358,0.1109,0.1451,0.0126,0.0232,0.5550,1.1655,-0.0000,0.1900,0.1715,0.0030,10.7925
1786332537.66,34.648,34.359,35.539,33.125,33.289,32.734,31.710,34.210,34.101,33.640,33.390,34.031,32.359,32.578,32.710,0.8025,0.8100,0.7988,0.8000,0.7988,0.8013,1.5025,1.5000,1.8000,1.7950,3.3150,1.2000,1.1000,0.0025,0.8788,1.2038,1.4938,2.5038,4.8317,0.1154,0.0548,0.1673,0.3666,1.5378,0.1095,0.1440,0.0126,0.0215,0.5514,1.1649,-0.0000,0.1911,0.1700,0.0022,11.9447
1786332538.66,34.210,34.429,35.539,33.312,33.179,32.875,31.656,34.039,33.937,34.000,33.656,33.671,32.750,32.906,32.937,0.8050,0.8087,0.8000,0.7988,0.7988,0.8013,1.5025,1.4988,1.8013,1.7963,3.3150,1.2000,1.1013,0.0037,0.8788,1.2025,1.4938,1.8596,4.8121,0.1124,0.0539,0.1673,0.3746,1.5378,0.1102,0.1441,0.0126,0.0249,0.5544,1.1679,-0.0000,0.1911,0.1729,0.0030,11.2986
1786332539.66,34.398,34.148,35.539,33.476,33.078,33.210,31.703,34.125,34.203,34.140,33.875,34.132,32.773,32.710,33.054,0.8050,0.8087,0.7988,0.8013,0.7988,0.8013,1.5025,1.5000,1.8013,1.7950,3.3138,1.2012,1.1013,0.0037,0.8800,1.2038,1.4938,1.7871,4.8202,0.1166,0.0549,0.1673,0.3714,1.5378,0.1103,0.1432,0.0117,0.0232,0.5532,1.1657,0.0000,0.1925,0.1730,0.0030,11.2310
1786332540.66,34.820,34.367,35.539,33.335,32.812,33.156,32.109,34.031,34.273,33.703,33.601,33.593,32.929,32.578,33.265,0.8050,0.8100,0.7988,0.8000,0.7988,0.8000,1.5025,1.5000,1.8000,1.7975,3.3138,1.2000,1.1025,0.0050,0.8775,1.2038,1.4938,2.4392,4.8438,0.1158,0.0544,0.1677,0.3672,1.5468,0.1095,0.1449,0.0144,0.0232,0.5526,1.1687,-0.0000,0.1909,0.1715,0.0037,11.9143
1786332541.66,34.367,34.554,35.539,33.406,32.710,33.179,31.710,34.335,34.148,33.867,33.914,34.023,32.882,32.875,32.945,0.8037,0.8100,0.8000,0.8000,0.8000,0.8013,1.5025,1.5012,1.8013,1.7975,3.3150,1.2000,1.1013,0.0037,0.8800,1.2038,1.4938,1.5191,4.8276,0.1140,0.0544,0.1672,0.3770,1.5386,0.1096,0.1441,0.0108,0.0249,0.5526,1.1662,-0.0000,0.1892,0.1745,0.0030,10.9727
1786332542.66,34.640,34.359,35.539,33.273,32.875,32.570,31.859,34.351,33.937,33.882,33.867,33.968,32.812,32.390,33.039,0.8037,0.8100,0.8000,0.8000,0.7988,0.8013,1.5025,1.5000,1.8000,1.7963,3.3138,1.2000,1.1013,0.0037,0.8788,1.2038,1.4938,1.7120,4.8114,0.1112,0.0540,0.1673,0.3698,1.5438,0.1103,0.1431,0.0117,0.0249,0.5532,1.1651,-0.0000,0.1922,0.1715,0.0030,11.1445
1786332543.66,34.523,33.968,35.539,32.992,33.007,32.695,31.500,33.968,34.570,33.820,33.726,34.046,32.726,31.921,33.132,0.8037,0.8075,0.8000,0.8025,0.7988,0.7988,1.5025,1.5000,1.8025,1.7963,3.3150,1.2000,1.1013,0.0025,0.8788,1.2038,1.4938,2.1701,4.8087,0.1188,0.0550,0.1669,0.3690,1.5416,0.1088,0.1442,0.0117,0.0249,0.5514,1.1662,-0.0000,0.1889,0.1715,0.0022,11.5999
1786332544.66,34.695,34.023,35.539,33.593,33.226,33.117,31.531,34.007,34.031,33.773,33.937,33.648,32.875,32.734,32.601,0.8050,0.8100,0.7988,0.8000,0.7988,0.8013,1.5025,1.4988,1.8025,1.7950,3.3150,1.2012,1.1013,0.0037,0.8788,1.2025,1.4938,2.1252,4.8155,0.1142,0.0544,0.1673,0.3586,1.5363,0.1102,0.1433,0.0126,0.0249,0.5526,1.1662,-0.0000,0.1911,0.1714,0.0030,11.5466
1786332545.66,34.460,34.476,35.539,33.468,33.640,32.937,31.867,34.382,34.476,34.054,33.710,33.890,32.445,32.476,33.367,0.8037,0.8087,0.8000,0.8013,0.7975,0.8000,1.5038,1.5000,1.8013,1.7963,3.3138,1.2000,1.1013,0.0037,0.8788,1.2025,1.4950,1.5432,4.8242,0.1132,0.0541,0.1671,0.3740,1.5489,0.1103,0.1432,0.0117,0.0232,0.5520,1.1662,-0.0000,0.1911,0.1699,0.0022,10.9944
1786332546.66,34.265,34.617,35.539,33.648,32.726,32.750,31.242,34.367,34.093,34.023,33.710,34.250,32.546,32.492,32.945,0.8037,0.8100,0.7988,0.8000,0.7988,0.8013,1.5012,1.4988,1.8000,1.7950,3.3138,1.2000,1.1000,0.0037,0.8775,1.2025,1.4938,1.3744,4.8236,0.1146,0.0544,0.1677,0.3718,1.5373,0.1109,0.1440,0.0135,0.0232,0.5526,1.1643,-0.0000,0.1898,0.1714,0.0030,10.8164
1786332547.66,34.828,34.046,35.539,33.101,33.195,33.281,31.578,34.031,33.976,33.890,33.789,33.648,32.328,32.007,32.820,0.8037,0.8087,0.7988,0.8000,0.7988,0.8013,1.5025,1.5000,1.8013,1.7963,3.3150,1.2000,1.1013,0.0037,0.8788,1.2025,1.4963,1.7602,4.8202,0.1110,0.0540,0.1665,0.3682,1.5393,0.1095,0.1432,0.0126,0.0232,0.5520,1.1657,-0.0000,0.1911,0.1699,0.0030,11.1895
1786332548.66,34.640,34.156,35.539,33.046,33.468,33.320,31.625,34.296,34.546,34.335,34.187,33.984,33.039,33.039,33.234,0.8037,0.8100,0.8000,0.8013,0.7988,0.8013,1.5025,1.5000,1.8013,1.7963,3.3150,1.2000,1.1013,0.0050,0.8788,1.2038,1.4938,1.9049,4.8155,0.1164,0.0541,0.1673,0.3714,1.5393,0.1110,0.1432,0.0135,0.0232,0.5544,1.1662,-0.0000,0.1911,0.1715,0.0022,11.3452
1786332549.66,34.335,34.703,35.539,33.398,33.039,32.585,31.421,34.273,34.703,34.265,34.007,33.921,32.398,32.484,33.039,0.8037,0.8087,0.8000,0.8013,0.7988,0.8013,1.5012,1.5000,1.8013,1.7963,3.3163,1.2000,1.1013,0.0037,0.8788,1.2038,1.4938,1.5673,4.8161,0.1172,0.0545,0.1669,0.3686,1.5373,0.1103,0.1441,0.0126,0.0249,0.5544,1.1657,-0.0000,0.1900,0.1715,0.0030,11.0043
1786332550.66,34.593,34.351,35.539,33.671,33.179,33.101,31.789,33.812,34.250,33.812,33.804,33.773,32.445,32.484,33.132,0.8037,0.8087,0.8000,0.8000,0.7975,0.8013,1.5012,1.5012,1.8025,1.7950,3.3150,1.1987,1.1013,0.0037,0.8775,1.2025,1.4950,2.4836,4.8161,0.1176,0.0544,0.1671,0.3710,1.5440,0.1111,0.1442,0.0126,0.0232,0.5616,1.1673,-0.0000,0.1909,0.1729,0.0030,11.9405
1786332551.66,34.601,34.460,35.539,33.242,33.210,32.625,31.921,34.398,34.460,34.132,33.921,34.554,33.007,32.195,32.937,0.8050,0.8100,0.7988,0.8000,0.7975,0.8013,1.5025,1.5000,1.8037,1.7963,3.3163,1.2012,1.1013,0.0025,0.8788,1.2025,1.4938,1.7871,4.8276,0.1102,0.0544,0.1671,0.3726,1.5378,0.1103,0.1443,0.0117,0.0249,0.5508,1.1662,-0.0000,0.1911,0.1729,0.0030,11.2319
1786332552.66,34.585,34.250,35.539,33.273,33.523,33.023,31.773,34.195,34.609,33.867,33.953,33.945,32.890,32.531,32.765,0.8037,0.8087,0.8000,0.7988,0.7988,0.8013,1.5012,1.4988,1.8013,1.7963,3.3150,1.2000,1.1013,0.0037,0.8788,1.2025,1.4938,1.8084,4.8080,0.1100,0.0539,0.1673,0.3690,1.5425,0.1094,0.1441,0.0126,0.0232,0.5538,1.1662,-0.0000,0.1911,0.1714,0.0022,11.2333
1786332553.66,34.687,34.304,35.539,33.406,32.906,33.085,31.914,34.226,34.117,33.992,33.578,33.812,32.492,32.523,32.632,0.8037,0.8087,0.7988,0.8013,0.7988,0.8000,1.5012,1.4988,1.8025,1.7963,3.3163,1.2000,1.1025,0.0025,0.8788,1.2038,1.4938,2.3630,4.8606,0.1114,0.0545,0.1673,0.5136,1.5373,0.1102,0.1442,0.0126,0.0216,0.5562,1.1675,-0.0000,0.1900,0.1715,0.0022,11.9838
1786332554.66,34.531,34.171,35.539,33.164,33.140,33.171,31.632,34.515,33.859,34.476,33.531,34.109,32.460,32.390,32.562,0.8037,0.8087,0.7988,0.8000,0.8000,0.8000,1.5025,1.5000,1.8025,1.7963,3.3150,1.2012,1.1013,0.0037,0.8775,1.2025,1.4950,1.4950,4.8161,0.1166,0.0544,0.1680,0.5868,1.5348,0.1110,0.1442,0.0126,0.0232,0.5538,1.1668,0.0000,0.1909,0.1714,0.0030,11.1484
1786332555.67,34.367,34.617,35.539,33.570,33.132,32.921,31.531,34.062,34.140,33.179,33.867,33.859,32.234,32.289,32.843,0.8037,0.8113,0.8000,0.8013,0.7988,0.8013,1.5025,1.4988,1.8000,1.7963,3.3150,1.2000,1.1025,0.0037,0.8775,1.2025,1.4938,1.8567,4.8391,0.1156,0.0541,0.1673,0.3714,1.5333,0.1102,0.1431,0.0126,0.0249,0.5532,1.1687,0.0000,0.1909,0.1714,0.0022,11.3145
1786332556.67,34.429,34.171,35.539,33.343,33.554,33.023,31.460,33.914,33.984,34.023,34.171,33.695,32.609,32.507,32.593,0.8025,0.8100,0.7988,0.8013,0.7988,0.8013,1.5025,1.5000,1.8000,1.7963,3.3150,1.2012,1.1000,0.0037,0.8788,1.2038,1.4938,1.4204,4.8276,0.1122,0.0545,0.1677,0.3790,1.5393,0.1103,0.1440,0.0126,0.0232,0.5514,1.1655,-0.0000,0.1911,0.1700,0.0037,10.8725
1786332557.67,34.546,34.476,35.539,33.304,33.070,33.054,31.507,34.101,34.437,34.257,33.757,33.843,32.820,32.023,32.804,0.8037,0.8087,0.8000,0.8000,0.7988,0.8000,1.5025,1.5000,1.8013,1.7950,3.3150,1.2012,1.1000,0.0037,0.8788,1.2025,1.4950,2.5318,4.8121,0.1144,0.0540,0.1673,0.3652,1.5491,0.1110,0.1450,0.0108,0.0215,0.5550,1.1649,-0.0000,0.1889,0.1714,0.0022,11.9646
1786332558.67,34.445,34.296,35.539,33.343,33.039,32.679,31.554,34.062,33.937,34.101,33.726,33.968,32.406,32.390,32.921,0.8037,0.8087,0.7988,0.8013,0.8000,0.8013,1.5012,1.5000,1.8000,1.7950,3.3163,1.2012,1.1000,0.0050,0.8788,1.2038,1.4950,2.1942,4.8080,0.1170,0.0549,0.1676,0.3710,1.5358,0.1103,0.1440,0.0126,0.0249,0.5538,1.1649,-0.0000,0.1900,0.1700,0.0022,11.6212
1786332559.67,34.289,34.554,35.539,33.617,33.437,33.015,31.109,34.070,34.234,33.867,34.132,34.179,32.554,32.210,33.070,0.8037,0.8087,0.7988,0.8000,0.7988,0.8013,1.5012,1.4988,1.8013,1.7963,3.3150,1.2000,1.1013,0.0037,0.8788,1.2038,1.4950,2.3871,4.8040,0.1126,0.0544,0.1673,0.3602,1.5470,0.1094,0.1441,0.0117,0.0232,0.5556,1.1651,-0.0000,0.1900,0.1715,0.0030,11.8063
1786332560.67,34.468,34.718,35.539,33.070,32.742,32.492,31.742,34.437,34.000,34.242,33.265,34.039,32.421,32.531,32.882,0.8050,0.8100,0.7988,0.8000,0.8000,0.8013,1.5025,1.5000,1.8013,1.7975,3.3150,1.2000,1.1013,0.0025,0.8788,1.2025,1.4950,2.3184,4.8114,0.1174,0.0540,0.1672,0.3750,1.5378,0.1095,0.1441,0.0126,0.0232,0.5532,1.1668,-0.0000,0.1911,0.1714,0.0015,11.7545
1786332561.67,34.414,34.078,35.539,33.695,33.375,32.625,31.796,33.664,34.460,33.710,33.945,33.843,32.304,32.710,33.132,0.8050,0.8075,0.7988,0.8013,0.7988,0.8013,1.5012,1.5012,1.8000,1.7963,3.3150,1.2000,1.1013,0.0037,0.8788,1.2025,1.4938,1.7630,4.8006,0.1126,0.0545,0.1669,0.3750,1.5463,0.1111,0.1431,0.0135,0.0215,0.5562,1.1673,-0.0000,0.1911,0.1714,0.0030,11.1971
1786332562.67,34.609,34.296,35.539,33.367,32.953,33.281,31.148,34.101,34.070,33.531,33.593,33.539,32.289,32.609,32.617,0.8037,0.8087,0.7988,0.8013,0.7988,0.8000,1.5025,1.5000,1.8013,1.7963,3.3138,1.1987,1.1013,0.0037,0.8788,1.2038,1.4938,1.7120,4.8282,0.1134,0.0541,0.1669,0.3700,1.5371,0.1103,0.1450,0.0126,0.0232,0.5538,1.1662,-0.0000,0.1911,0.1730,0.0030,11.1599
1786332563.67,34.859,34.281,35.539,33.429,33.125,33.179,31.523,34.382,33.710,33.476,34.070,33.710,32.632,32.375,32.953,0.8037,0.8087,0.8000,0.8000,0.8000,0.8013,1.5025,1.4988,1.8000,1.7963,3.3138,1.2000,1.1013,0.0025,0.8788,1.2038,1.4938,1.5673,4.8161,0.1152,0.0544,0.1676,0.3734,1.5333,0.1102,0.1440,0.0135,0.0232,0.5538,1.1657,-0.0000,0.1922,0.1715,0.0030,11.0043
1786332564.67,34.328,34.203,35.539,33.343,33.132,33.062,31.656,34.031,33.945,34.140,33.382,34.148,32.539,32.382,32.960,0.8037,0.8087,0.7988,0.8013,0.7988,0.8025,1.5025,1.5000,1.8013,1.7950,3.3150,1.2000,1.1013,0.0025,0.8788,1.2038,1.4938,1.3503,4.8121,0.1074,0.0541,0.1673,0.3671,1.5431,0.1110,0.1441,0.0126,0.0249,0.5532,1.1662,-0.0000,0.1933,0.1700,0.0030,10.7797
1786332565.67,34.421,34.007,35.539,33.125,32.851,33.023,31.734,34.007,34.164,34.257,33.781,34.132,32.484,32.859,33.156,0.8037,0.8087,0.7988,0.8000,0.7988,0.8013,1.5012,1.4988,1.8013,1.7963,3.3150,1.1987,1.1013,0.0025,0.8800,1.2025,1.4938,2.0496,4.8202,0.1078,0.0544,0.1673,0.3678,1.5328,0.1094,0.1432,0.0126,0.0232,0.5538,1.1673,-0.0000,0.1914,0.1714,0.0037,11.4759
1786332566.67,34.437,34.382,35.539,33.023,33.179,32.492,31.906,34.304,34.195,34.179,33.945,33.578,32.125,31.953,33.273,0.8037,0.8087,0.7988,0.8013,0.8000,0.8000,1.5025,1.4988,1.8013,1.7963,3.3150,1.2012,1.1013,0.0050,0.8788,1.2038,1.4950,2.3630,4.8161,0.1130,0.0545,0.1672,0.3652,1.5371,0.1094,0.1441,0.0117,0.0232,0.5514,1.1668,-0.0000,0.1911,0.1700,0.0022,11.7860
1786332567.67,34.289,34.343,35.539,33.078,33.257,32.875,31.687,34.343,34.218,33.757,33.757,33.859,32.781,32.195,32.960,0.8037,0.8100,0.7988,0.8000,0.8000,0.8013,1.5025,1.5000,1.8013,1.7975,3.3150,1.2000,1.1013,0.0037,0.8788,1.2038,1.4950,2.1701,4.8317,0.1146,0.0544,0.1672,0.3722,1.5491,0.1110,0.1450,0.0108,0.0249,0.5550,1.1657,-0.0000,0.1922,0.1715,0.0015,11.6368
1786332568.67,34.179,34.429,35.539,33.101,33.109,33.046,31.757,33.828,33.750,33.773,33.351,33.898,32.320,32.375,32.507,0.8050,0.8075,0.8000,0.8013,0.7988,0.8013,1.5012,1.5000,1.8025,1.7950,3.3150,1.2000,1.1025,0.0025,0.8775,1.2025,1.4925,1.7147,4.8046,0.1120,0.0545,0.1669,0.3746,1.5350,0.1095,0.1424,0.0117,0.0232,0.5514,1.1675,-0.0000,0.1898,0.1699,0.0030,11.1306
1786332569.67,34.398,34.390,35.539,33.242,32.851,32.843,31.523,34.367,34.054,34.078,33.812,33.812,33.054,32.289,32.976,0.8037,0.8100,0.7988,0.8013,0.8000,0.8013,1.5025,1.4988,1.8025,1.7963,3.3138,1.2012,1.1000,0.0037,0.8775,1.2025,1.4950,2.2184,4.8276,0.1162,0.0545,0.1672,0.3694,1.5461,0.1102,0.1451,0.0126,0.0232,0.5550,1.1649,0.0000,0.1898,0.1729,0.0030,11.6758
1786332570.67,34.414,34.585,35.539,33.601,32.734,32.609,32.070,34.234,33.859,33.679,33.187,34.101,32.812,32.273,32.664,0.8037,0.8087,0.8000,0.8000,0.7988,0.8013,1.5025,1.5000,1.8013,1.7950,3.3150,1.2012,1.1013,0.0037,0.8775,1.2038,1.4950,2.1460,4.8161,0.1132,0.0544,0.1673,0.3710,1.5371,0.1110,0.1450,0.0117,0.0265,0.5568,1.1673,-0.0000,0.1920,0.1700,0.0030,11.5884
1786332571.67,34.710,34.562,35.539,33.242,33.250,33.359,31.867,34.234,34.218,33.656,33.804,33.875,32.593,32.476,32.882,0.8050,0.8087,0.7988,0.8000,0.7988,0.8013,1.5025,1.5000,1.8000,1.7963,3.3150,1.2000,1.1025,0.0025,0.8788,1.2038,1.4938,1.5215,4.8161,0.1154,0.0540,0.1673,0.3694,1.5461,0.1103,0.1440,0.0126,0.0232,0.5550,1.1687,-0.0000,0.1911,0.1730,0.0022,10.9698
1786332572.67,34.507,34.031,35.539,33.414,33.070,32.718,31.429,34.023,34.054,33.929,33.960,33.968,32.734,32.476,32.734,0.8037,0.8087,0.7988,0.8000,0.7988,0.8000,1.5012,1.4988,1.8000,1.7963,3.3150,1.2012,1.1000,0.0037,0.8788,1.2025,1.4938,2.0496,4.8121,0.1158,0.0544,0.1673,0.3748,1.5388,0.1117,0.1431,0.0126,0.0249,0.5532,1.1660,-0.0000,0.1889,0.1714,0.0037,11.4881
1786332573.67,34.593,34.195,35.539,33.460,33.046,32.765,31.820,34.195,34.062,33.445,33.781,33.890,32.335,32.664,32.867,0.8037,0.8100,0.7988,0.8013,0.7988,0.8013,1.5038,1.5000,1.8000,1.7963,3.3150,1.2012,1.1013,0.0037,0.8788,1.2038,1.4950,1.6397,4.8195,0.1134,0.0545,0.1669,0.3742,1.5368,0.1103,0.1449,0.0117,0.0249,0.5550,1.1657,-0.0000,0.1900,0.1715,0.0030,11.0819
1786332574.67,34.203,34.289,35.539,33.195,33.375,32.992,31.539,33.804,33.914,33.945,33.867,33.945,32.789,32.273,33.148,0.8037,0.8087,0.7988,0.8000,0.7988,0.8000,1.5012,1.5000,1.8000,1.7963,3.3138,1.2000,1.1013,0.0037,0.8775,1.2012,1.4950,2.2907,4.8202,0.1186,0.0540,0.1673,0.3684,1.5365,0.1110,0.1431,0.0126,0.0232,0.5526,1.1662,-0.0000,0.1898,0.1697,0.0030,11.7268
1786332575.67,34.625,34.429,35.539,33.101,32.882,32.992,31.406,33.828,33.851,33.648,34.023,34.218,32.554,32.679,32.570,0.8037,0.8087,0.7988,0.8013,0.7988,0.8013,1.5012,1.4988,1.8013,1.7975,3.3138,1.2000,1.1025,0.0037,0.8775,1.2025,1.4938,2.0254,4.8202,0.1154,0.0545,0.1673,0.3738,1.5365,0.1102,0.1441,0.0117,0.0215,0.5670,1.1681,-0.0000,0.1909,0.1714,0.0022,11.4802
1786332576.67,34.398,34.695,35.539,33.257,32.781,32.695,31.546,33.898,34.015,34.054,33.921,33.789,33.109,32.750,32.843,0.8037,0.8087,0.7988,0.8000,0.8000,0.8013,1.5012,1.4988,1.8000,1.7963,3.3150,1.2000,1.1000,0.0037,0.8788,1.2025,1.4950,2.2425,4.8202,0.1158,0.0544,0.1680,0.3690,1.5365,0.1109,0.1431,0.0126,0.0232,0.5514,1.1655,-0.0000,0.1900,0.1699,0.0030,11.6758
1786332577.67,34.367,34.484,35.539,33.515,32.867,32.632,31.820,34.429,34.265,33.945,33.546,34.054,32.835,32.601,32.953,0.8037,0.8087,0.8000,0.8000,0.7988,0.8000,1.5012,1.5000,1.8000,1.7963,3.3150,1.2012,1.1025,0.0037,0.8788,1.2025,1.4938,1.6397,4.8282,0.1172,0.0544,0.1673,0.3744,1.5463,0.1103,0.1431,0.0135,0.0232,0.5556,1.1687,-0.0000,0.1922,0.1714,0.0022,11.1076
1786332578.67,34.726,34.109,35.539,33.773,33.062,33.195,31.984,34.304,34.156,34.007,34.187,33.734,32.492,32.281,32.976,0.8037,0.8087,0.7988,0.8000,0.7988,0.8000,1.5025,1.5000,1.8000,1.7950,3.3150,1.2000,1.1013,0.0037,0.8775,1.2025,1.4925,2.1219,4.8242,0.1142,0.0544,0.1673,0.3696,1.5386,0.1103,0.1440,0.0126,0.0215,0.5514,1.1657,-0.0000,0.1898,0.1714,0.0022,11.5590
1786332579.67,34.484,34.414,35.539,33.273,33.218,32.687,31.648,34.187,34.125,33.898,33.750,33.585,32.554,32.453,32.867,0.8037,0.8100,0.7988,0.8013,0.8000,0.8013,1.5025,1.5000,1.8013,1.7950,3.3150,1.2012,1.1025,0.0037,0.8788,1.2038,1.4938,1.9049,4.8236,0.1086,0.0541,0.1676,0.3706,1.5468,0.1103,0.1441,0.0126,0.0249,0.5538,1.1681,-0.0000,0.1900,0.1715,0.0030,11.3544
1786332580.67,34.546,34.343,35.539,33.406,33.039,32.742,31.742,33.898,34.210,34.039,34.125,34.500,32.445,32.304,33.015,0.8037,0.8100,0.8000,0.8000,0.7988,0.8000,1.5050,1.4988,1.8025,1.7963,3.3138,1.2000,1.1025,0.0025,0.8788,1.2025,1.4938,2.2425,4.8236,0.1180,0.0544,0.1669,0.3764,1.5404,0.1087,0.1442,0.0117,0.0232,0.5514,1.1681,-0.0000,0.1900,0.1714,0.0022,11.6930
1786332581.67,34.203,34.570,35.539,33.304,33.140,33.070,31.859,34.148,34.273,33.585,33.906,34.359,32.601,32.390,32.890,0.8037,0.8100,0.8000,0.8000,0.8000,0.8013,1.5025,1.5000,1.8013,1.7963,3.3138,1.2012,1.1013,0.0037,0.8788,1.2038,1.4938,1.9531,4.8195,0.1092,0.0544,0.1672,0.3618,1.5408,0.1110,0.1441,0.0126,0.0232,0.5544,1.1662,-0.0000,0.1911,0.1700,0.0037,11.3823
1786332582.67,34.453,34.218,35.539,33.242,33.539,32.515,31.546,34.554,34.031,34.265,33.734,34.445,32.882,32.359,33.031,0.8050,0.8087,0.8000,0.8000,0.8000,0.8013,1.5025,1.5000,1.7988,1.7950,3.3138,1.2000,1.1000,0.0025,0.8775,1.2025,1.4938,0.8694,4.8161,0.1144,0.0548,0.1676,0.3650,1.5438,0.1110,0.1430,0.0117,0.0232,0.5532,1.1649,-0.0000,0.1909,0.1714,0.0030,10.3033
1786332583.67,34.945,34.484,35.539,33.265,32.992,33.085,31.335,33.820,34.046,34.000,33.960,33.812,32.343,32.250,33.242,0.8037,0.8100,0.7988,0.8013,0.8000,0.8013,1.5025,1.4988,1.8013,1.7963,3.3150,1.2012,1.1013,0.0025,0.8775,1.2025,1.4938,2.1701,4.8519,0.1130,0.0545,0.1672,0.5052,1.5333,0.1109,0.1450,0.0126,0.0249,0.6367,1.1657,-0.0000,0.1887,0.1714,0.0022,11.8532
1786332584.67,34.179,34.140,35.539,33.382,33.070,33.171,31.593,34.164,33.843,33.726,33.351,33.585,32.835,32.625,32.859,0.8037,0.8087,0.7975,0.8000,0.7988,0.8013,1.5025,1.4988,1.8013,1.7963,3.3138,1.1987,1.1025,0.0037,0.8788,1.2025,1.4938,2.0013,4.8121,0.1160,0.0540,0.1673,0.3445,1.5371,0.1102,0.1432,0.0126,0.0232,0.5532,1.1675,-0.0000,0.1922,0.1729,0.0022,11.4096
1786332585.67,34.492,34.453,35.539,33.406,32.976,33.046,32.226,33.937,34.171,33.976,33.882,34.250,32.539,32.335,33.453,0.8037,0.8087,0.8000,0.8000,0.8000,0.8013,1.5025,1.5000,1.8013,1.7963,3.3150,1.2000,1.1013,0.0037,0.8788,1.2025,1.4938,1.7602,4.8202,0.1100,0.0548,0.1676,0.3445,1.5371,0.1103,0.1432,0.0126,0.0249,0.5526,1.1662,-0.0000,0.1889,0.1714,0.0022,11.1666
1786332586.67,34.445,34.156,35.539,33.000,32.992,32.835,31.523,34.218,34.453,34.265,33.812,33.789,32.296,32.507,32.968,0.8025,0.8087,0.7988,0.8013,0.7975,0.8013,1.5025,1.4988,1.8000,1.7963,3.3163,1.2012,1.1013,0.0037,0.8788,1.2025,1.4938,1.7575,4.8121,0.1174,0.0545,0.1671,0.3690,1.5378,0.1109,0.1440,0.0126,0.0249,0.5544,1.1668,-0.0000,0.1900,0.1729,0.0045,11.1962
1786332587.67,34.437,34.039,35.539,33.500,33.375,33.328,31.765,34.218,33.992,34.250,33.515,33.945,32.507,32.593,32.898,0.8037,0.8087,0.8000,0.8000,0.7988,0.8013,1.5025,1.4988,1.8000,1.7950,3.3163,1.2000,1.1013,0.0037,0.8788,1.2038,1.4950,1.6397,4.8202,0.1132,0.0540,0.1677,0.3650,1.5476,0.1102,0.1422,0.0117,0.0265,0.5520,1.1679,-0.0000,0.1922,0.1700,0.0022,11.0822
1786332588.67,34.593,34.398,35.539,33.617,33.257,32.718,31.695,34.226,34.226,34.070,33.726,34.304,32.671,32.351,32.882,0.8037,0.8087,0.8000,0.8000,0.7988,0.8013,1.5012,1.5000,1.8025,1.7950,3.3150,1.2000,1.1013,0.0025,0.8788,1.2038,1.4938,1.6638,4.8202,0.1104,0.0536,0.1669,0.3686,1.5358,0.1103,0.1451,0.0117,0.0232,0.5532,1.1662,-0.0000,0.1922,0.1715,0.0030,11.0956
1786332589.67,34.648,34.242,35.539,32.929,32.984,32.515,31.570,34.437,34.070,34.281,33.734,34.007,32.218,32.226,32.515,0.8037,0.8087,0.7988,0.8000,0.7988,0.8013,1.5025,1.5000,1.8000,1.7950,3.3150,1.2000,1.1000,0.0037,0.8775,1.2038,1.4938,1.5432,4.8161,0.1110,0.0544,0.1673,0.3666,1.5453,0.1103,0.1431,0.0117,0.0249,0.5526,1.1660,0.0000,0.1898,0.1730,0.0022,10.9775
1786332590.67,34.882,34.257,35.539,33.078,32.929,33.226,31.523,33.539,34.148,33.726,33.734,33.742,32.343,32.375,33.031,0.8037,0.8100,0.7988,0.8000,0.8000,0.8013,1.5025,1.5000,1.8013,1.7950,3.3150,1.2000,1.1013,0.0037,0.8788,1.2025,1.4938,1.5914,4.8236,0.1158,0.0540,0.1672,0.3710,1.5408,0.1095,0.1441,0.0126,0.0249,0.5520,1.1668,-0.0000,0.1900,0.1714,0.0022,11.0372
1786332591.67,34.335,34.195,35.539,33.281,32.906,33.078,31.242,33.640,34.343,33.820,33.914,33.843,32.265,32.609,32.945,0.8037,0.8075,0.8000,0.8000,0.7988,0.8013,1.5012,1.5000,1.8013,1.7963,3.3150,1.2000,1.1013,0.0037,0.8775,1.2025,1.4938,1.9772,4.8006,0.1148,0.0544,0.1673,0.3718,1.5380,0.1110,0.1441,0.0126,0.0232,0.5526,1.1673,-0.0000,0.1909,0.1714,0.0037,11.4009
1786332592.67,34.625,34.125,35.539,33.359,32.992,33.164,31.382,34.398,34.250,33.757,34.140,33.992,32.828,32.382,32.796,0.8037,0.8075,0.7988,0.8013,0.7988,0.8013,1.5025,1.4988,1.8000,1.7963,3.3150,1.2012,1.1025,0.0025,0.8800,1.2025,1.4950,2.2425,4.8127,0.1114,0.0545,0.1677,0.3778,1.5461,0.1102,0.1431,0.0135,0.0249,0.5520,1.1681,-0.0000,0.1903,0.1729,0.0037,11.6912
1786332593.67,34.617,34.257,35.539,33.406,32.953,32.601,31.210,34.031,34.234,33.929,33.953,34.164,32.250,32.351,32.953,0.8025,0.8087,0.7988,0.8013,0.7988,0.8000,1.5025,1.5012,1.8025,1.7963,3.3150,1.2000,1.1013,0.0037,0.8788,1.2038,1.4938,1.6371,4.8121,0.1170,0.0537,0.1677,0.3592,1.5363,0.1118,0.1442,0.0126,0.0232,0.5526,1.1679,-0.0000,0.1900,0.1715,0.0030,11.0600
1786332594.67,34.460,34.242,35.539,33.226,32.570,32.742,31.531,34.140,34.468,33.656,33.664,34.046,32.492,32.343,33.273,0.8050,0.8087,0.8000,0.8000,0.7988,0.8013,1.5038,1.5000,1.8000,1.7963,3.3150,1.2000,1.1013,0.0037,0.8788,1.2038,1.4938,1.7630,4.8080,0.1164,0.0544,0.1673,0.3714,1.5368,0.1103,0.1431,0.0126,0.0232,0.5556,1.1662,-0.0000,0.1900,0.1715,0.0030,11.1928
1786332595.67,34.500,34.250,35.539,33.250,32.929,33.164,32.101,34.250,34.171,34.148,34.007,34.140,32.656,32.609,33.085,0.8025,0.8075,0.7988,0.8013,0.8000,0.8000,1.5025,1.5000,1.8013,1.7950,3.3150,1.2012,1.1025,0.0037,0.8775,1.2025,1.4938,1.8538,4.8087,0.1106,0.0545,0.1676,0.3760,1.5378,0.1088,0.1432,0.0117,0.0249,0.5544,1.1681,-0.0000,0.1898,0.1699,0.0022,11.2818
1786332596.67,34.523,34.171,35.539,33.593,33.125,32.968,31.406,33.835,33.937,33.718,33.765,33.757,32.132,32.539,33.000,0.8037,0.8087,0.7988,0.8013,0.7988,0.8000,1.5025,1.5000,1.8013,1.7950,3.3138,1.2000,1.1025,0.0037,0.8788,1.2038,1.4938,2.2184,4.8080,0.1146,0.0549,0.1665,0.3664,1.5371,0.1103,0.1441,0.0126,0.0249,0.5532,1.1675,-0.0000,0.1911,0.1730,0.0022,11.6448
1786332597.67,34.648,34.468,35.539,32.960,33.656,33.218,31.718,34.343,33.882,34.179,33.804,34.195,32.273,32.375,32.343,0.8037,0.8075,0.8000,0.8000,0.7988,0.8000,1.5025,1.4988,1.8013,1.7963,3.3150,1.2000,1.1013,0.0037,0.8788,1.2025,1.4950,2.4595,4.7965,0.1108,0.0544,0.1673,0.4320,1.5378,0.1102,0.1423,0.0135,0.0232,0.5670,1.1673,-0.0000,0.1900,0.1714,0.0030,11.9462
1786332598.67,34.421,34.414,35.539,33.250,33.609,32.640,31.484,34.015,33.703,33.960,33.773,33.976,32.226,32.335,32.703,0.8050,0.8087,0.8000,0.8000,0.8000,0.8013,1.5012,1.5000,1.8013,1.7963,3.3150,1.2012,1.1013,0.0037,0.8788,1.2025,1.4938,2.0286,4.7999,0.1172,0.0540,0.1676,0.3698,1.5350,0.1095,0.1441,0.0126,0.0232,0.5556,1.1668,-0.0000,0.1900,0.1699,0.0022,11.4460
1786332599.67,34.671,34.289,35.539,33.226,33.210,32.679,31.679,33.695,34.085,33.781,34.078,33.875,32.578,32.632,32.898,0.8037,0.8087,0.8000,0.8013,0.8000,0.8013,1.5025,1.5000,1.8000,1.7963,3.3150,1.1987,1.1013,0.0037,0.8788,1.2025,1.4938,1.7602,4.8121,0.1132,0.0549,0.1676,0.3742,1.5423,0.1095,0.1449,0.0117,0.0249,0.5544,1.1662,-0.0000,0.1911,0.1714,0.0030,11.2015
1786332600.67,34.343,34.382,35.539,33.304,33.039,33.226,31.343,33.921,34.312,34.000,33.695,34.375,32.289,32.281,33.093,0.8037,0.8087,0.7988,0.8013,0.8000,0.8013,1.5025,1.5000,1.8025,1.7963,3.3150,1.2000,1.1013,0.0037,0.8775,1.2025,1.4938,1.4950,4.8040,0.1154,0.0545,0.1672,0.3794,1.5431,0.1095,0.1451,0.0126,0.0232,0.5520,1.1668,-0.0000,0.1909,0.1729,0.0022,10.9336
1786332601.67,34.531,34.148,35.539,33.031,32.976,32.773,31.484,34.257,33.992,33.859,34.460,34.515,32.500,32.648,32.914,0.8025,0.8087,0.8000,0.8000,0.8000,0.8013,1.5025,1.4988,1.8013,1.7950,3.3150,1.2012,1.1013,0.0025,0.8775,1.2038,1.4950,2.3353,4.8040,0.1144,0.0540,0.1676,0.3682,1.5386,0.1124,0.1450,0.0126,0.0232,0.5526,1.1668,-0.0000,0.1909,0.1730,0.0037,11.7621
1786332602.67,34.429,34.210,35.539,32.992,33.250,32.820,31.656,33.882,34.218,33.695,33.648,34.406,32.523,32.601,32.695,0.8037,0.8100,0.7988,0.8013,0.7988,0.8025,1.5025,1.5000,1.8013,1.7963,3.3138,1.2000,1.1013,0.0037,0.8788,1.2025,1.4925,1.5914,4.8155,0.1118,0.0549,0.1673,0.3764,1.5476,0.1095,0.1441,0.0117,0.0232,0.5532,1.1668,-0.0000,0.1900,0.1714,0.0030,11.0377
1786332603.67,34.539,34.429,35.539,33.335,33.429,33.257,31.601,33.851,34.062,33.593,33.882,34.007,32.226,32.296,32.875,0.8050,0.8087,0.8000,0.7988,0.7988,0.8013,1.5025,1.5000,1.8013,1.7963,3.3138,1.2012,1.1013,0.0025,0.8788,1.2038,1.4938,1.5215,4.8121,0.1168,0.0543,0.1677,0.3702,1.5371,0.1110,0.1432,0.0126,0.0232,0.5568,1.1673,-0.0000,0.1922,0.1730,0.0030,10.9619
1786332604.67,34.742,34.695,35.539,33.390,32.921,32.773,31.242,34.265,34.007,33.601,33.914,34.117,32.554,32.367,32.796,0.8050,0.8100,0.7988,0.8013,0.7988,0.8000,1.5025,1.5000,1.8013,1.7963,3.3150,1.1987,1.1013,0.0050,0.8788,1.2025,1.4938,1.8596,4.8317,0.1174,0.0545,0.1673,0.3720,1.5468,0.1095,0.1432,0.0126,0.0249,0.5520,1.1662,-0.0000,0.1900,0.1729,0.0030,11.3235
1786332605.67,34.312,34.148,35.539,33.687,33.242,32.992,31.828,33.882,33.921,34.281,34.382,34.039,32.687,32.562,33.085,0.8037,0.8100,0.8000,0.8000,0.8000,0.7988,1.5012,1.5000,1.8000,1.7963,3.3150,1.2012,1.1013,0.0037,0.8775,1.2025,1.4938,1.9772,4.8317,0.1140,0.0544,0.1680,0.3674,1.5365,0.1095,0.1440,0.0117,0.0249,0.5544,1.1662,-0.0000,0.1909,0.1714,0.0030,11.4251
1786332606.67,34.625,34.171,35.539,33.601,33.367,33.328,31.898,34.296,34.546,34.359,34.164,34.101,32.250,32.406,32.726,0.8037,0.8113,0.7988,0.8000,0.7988,0.8000,1.5025,1.5012,1.8013,1.7975,3.3150,1.2012,1.1013,0.0037,0.8788,1.2038,1.4938,1.3985,4.8310,0.1194,0.0544,0.1673,0.3736,1.5356,0.1103,0.1432,0.0135,0.0232,0.5544,1.1657,-0.0000,0.1889,0.1715,0.0037,10.8543
1786332607.67,34.460,34.234,35.539,33.140,33.289,32.828,31.820,34.234,34.226,34.101,33.570,33.554,32.484,32.859,32.437,0.8037,0.8087,0.8000,0.8013,0.7988,0.8013,1.5025,1.5000,1.8013,1.7975,3.3150,1.2012,1.1000,0.0050,0.8788,1.2025,1.4925,1.9049,4.8161,0.1124,0.0545,0.1673,0.3714,1.5453,0.1103,0.1441,0.0117,0.0249,0.5544,1.1660,-0.0000,0.1911,0.1699,0.0030,11.3472
1786332608.67,34.328,34.367,35.539,33.046,32.929,32.742,31.500,34.062,34.078,33.882,33.804,33.648,32.273,31.929,32.921,0.8037,0.8087,0.7988,0.8000,0.7988,0.8013,1.5038,1.4988,1.8013,1.7963,3.3150,1.2012,1.1025,0.0037,0.8788,1.2025,1.4938,2.2425,4.8121,0.1182,0.0540,0.1677,0.3686,1.5353,0.1102,0.1441,0.0117,0.0249,0.5514,1.1687,-0.0000,0.1911,0.1729,0.0022,11.6754
1786332609.67,34.375,34.093,35.539,32.968,33.078,32.914,31.632,34.093,34.023,34.101,33.445,33.843,32.609,32.312,33.203,0.8037,0.8087,0.7988,0.8000,0.7988,0.8013,1.5038,1.5000,1.8025,1.7963,3.3138,1.2012,1.1013,0.0037,0.8775,1.2025,1.4938,2.0978,4.8202,0.1206,0.0540,0.1673,0.3766,1.5444,0.1103,0.1433,0.0126,0.0232,0.5550,1.1679,-0.0000,0.1920,0.1714,0.0037,11.5600
1786332610.67,34.273,34.757,35.539,33.031,33.546,33.007,31.164,34.234,34.093,33.781,33.500,33.835,32.601,32.203,32.882,0.8025,0.8100,0.7988,0.8000,0.8000,0.8013,1.5025,1.5000,1.8013,1.7963,3.3163,1.2000,1.1013,0.0037,0.8788,1.2025,1.4938,1.6853,4.8236,0.1166,0.0540,0.1676,0.3698,1.5446,0.1118,0.1441,0.0126,0.0249,0.5526,1.1673,-0.0000,0.1911,0.1729,0.0022,11.1408
1786332611.67,34.195,34.148,35.539,32.898,33.140,32.742,31.367,34.148,34.210,33.476,33.843,33.703,32.195,32.250,32.820,0.8037,0.8100,0.7988,0.8000,0.7988,0.8013,1.5025,1.5000,1.8025,1.7950,3.3150,1.2000,1.1013,0.0050,0.8775,1.2025,1.4938,1.9531,4.8276,0.1130,0.0544,0.1673,0.3746,1.5386,0.1088,0.1451,0.0117,0.0249,0.5544,1.1662,-0.0000,0.1909,0.1714,0.0030,11.4048
1786332612.67,34.273,34.570,35.539,32.960,33.250,33.085,31.867,33.898,33.562,34.070,33.609,34.031,32.343,32.625,33.062,0.8037,0.8100,0.8000,0.8000,0.7975,0.8013,1.5025,1.5000,1.8013,1.7950,3.3150,1.2000,1.1000,0.0037,0.8800,1.2025,1.4938,2.0013,4.8073,0.1168,0.0540,0.1671,0.3690,1.5468,0.1095,0.1441,0.0126,0.0232,0.5532,1.1649,0.0000,0.1925,0.1714,0.0030,11.4367
1786332613.67,34.523,34.507,35.539,32.859,33.234,33.132,31.531,34.406,34.078,33.750,33.687,34.078,32.210,32.218,32.632,0.8025,0.8087,0.8000,0.8013,0.7988,0.8013,1.5025,1.5000,1.8013,1.7950,3.3150,1.2000,1.1013,0.0037,0.8788,1.2038,1.4950,2.1908,4.8040,0.1176,0.0545,0.1677,0.3642,1.5371,0.1103,0.1441,0.0135,0.0249,0.5532,1.1668,-0.0000,0.1900,0.1700,0.0030,11.6115
1786332614.67,34.039,34.312,35.539,33.226,33.296,32.867,31.539,34.140,34.195,34.250,34.000,33.929,32.265,32.437,32.851,0.8050,0.8075,0.7988,0.8013,0.7988,0.8013,1.5025,1.4988,1.8025,1.7963,3.3150,1.2000,1.1000,0.0050,0.8800,1.2025,1.4925,1.6422,4.8006,0.1122,0.0537,0.1673,0.3758,1.5378,0.1094,0.1442,0.0126,0.0249,0.5562,1.1649,-0.0000,0.1914,0.1714,0.0030,11.0675
1786332615.67,34.234,34.242,35.539,33.242,33.164,33.000,31.617,34.242,34.218,33.523,33.351,33.820,32.437,32.609,32.476,0.8037,0.8087,0.7988,0.8013,0.8000,0.8000,1.5025,1.5000,1.8013,1.7950,3.3150,1.2000,1.1013,0.0050,0.8775,1.2025,1.4938,1.6638,4.8242,0.1158,0.0545,0.1676,0.3696,1.5386,0.1110,0.1432,0.0117,0.0232,0.5538,1.1657,-0.0000,0.1898,0.1714,0.0030,11.1067
1786332616.67,34.304,34.343,35.539,33.335,32.632,32.820,31.523,33.945,34.070,33.617,33.882,34.000,32.765,32.578,32.515,0.8037,0.8087,0.7988,0.8013,0.7988,0.8013,1.5025,1.5000,1.8013,1.7963,3.3138,1.2000,1.1025,0.0037,0.8788,1.2025,1.4950,2.1460,4.7999,0.1154,0.0541,0.1673,0.3650,1.5386,0.1103,0.1432,0.0117,0.0232,0.5514,1.1681,-0.0000,0.1900,0.1699,0.0030,11.5570
1786332617.67,34.554,34.335,35.539,33.453,33.375,32.687,31.789,34.023,33.992,34.296,33.648,34.156,32.546,32.062,32.820,0.8050,0.8087,0.8000,0.8013,0.8000,0.8025,1.5025,1.4988,1.8013,1.7975,3.3138,1.2000,1.1013,0.0050,0.8775,1.2038,1.4938,2.2218,4.8040,0.1176,0.0545,0.1676,0.3692,1.5468,0.1102,0.1441,0.0126,0.0249,0.5550,1.1657,-0.0000,0.1898,0.1700,0.0037,11.6573
1786332618.67,34.476,34.015,35.539,33.460,33.351,33.078,31.546,34.273,34.265,34.023,33.953,34.515,32.539,32.304,32.742,0.8050,0.8087,0.8000,0.8013,0.7988,0.8000,1.5025,1.4988,1.8025,1.7950,3.3150,1.1987,1.1025,0.0037,0.8788,1.2050,1.4938,1.7147,4.8121,0.1180,0.0545,0.1673,0.3972,1.5363,0.1102,0.1433,0.0126,0.0232,0.5538,1.1670,-0.0000,0.1922,0.1702,0.0022,11.1748
1786332619.67,34.679,34.500,35.539,33.562,32.914,32.960,31.867,33.976,34.125,33.960,33.867,33.914,32.664,32.398,32.695,0.8037,0.8087,0.7988,0.8000,0.7988,0.8000,1.5025,1.5000,1.8013,1.7963,3.3150,1.2000,1.1013,0.0050,0.8788,1.2025,1.4950,1.6879,4.8242,0.1154,0.0548,0.1673,0.3708,1.5438,0.1103,0.1441,0.0126,0.0232,0.5526,1.1657,-0.0000,0.1911,0.1729,0.0030,11.1396
1786332620.67,34.585,34.062,35.539,33.312,32.906,32.804,31.585,33.703,33.484,34.007,34.125,33.781,32.492,32.718,32.976,0.8050,0.8075,0.8000,0.8013,0.7988,0.8013,1.5025,1.4988,1.8013,1.7963,3.3150,1.2012,1.1013,0.0025,0.8775,1.2025,1.4950,1.7630,4.8167,0.1152,0.0545,0.1673,0.3718,1.5393,0.1102,0.1432,0.0126,0.0232,0.5550,1.1662,-0.0000,0.1898,0.1729,0.0037,11.2045
1786332621.67,34.531,34.203,35.539,33.429,33.132,32.484,31.195,34.289,33.835,33.890,33.742,34.164,32.656,32.726,32.867,0.8037,0.8100,0.8000,0.8013,0.7988,0.8000,1.5038,1.5012,1.8013,1.7975,3.3150,1.2012,1.1013,0.0037,0.8788,1.2038,1.4938,1.7361,4.8114,0.1112,0.0545,0.1673,0.3700,1.5406,0.1111,0.1441,0.0126,0.0249,0.5520,1.1662,-0.0000,0.1889,0.1730,0.0022,11.1662
1786332622.67,34.546,34.226,35.539,32.906,32.929,32.781,31.648,34.414,34.390,33.851,33.929,33.875,32.273,32.601,32.812,0.8037,0.8087,0.7988,0.8000,0.8000,0.8013,1.5025,1.4988,1.8037,1.7975,3.3138,1.2000,1.1013,0.0037,0.8788,1.2025,1.4938,1.3985,4.8040,0.1118,0.0540,0.1672,0.3598,1.5431,0.1117,0.1434,0.0126,0.0249,0.5598,1.1662,-0.0000,0.1911,0.1729,0.0022,10.8231
1786332623.67,34.273,34.539,35.539,33.007,32.992,32.875,31.867,34.289,33.898,33.898,34.062,34.101,32.820,32.546,32.742,0.8037,0.8100,0.8000,0.8013,0.7988,0.8013,1.5025,1.5000,1.8000,1.7963,3.3150,1.2000,1.1025,0.0037,0.8788,1.2025,1.4938,2.0254,4.8357,0.1120,0.0545,0.1673,0.3754,1.5333,0.1103,0.1440,0.0108,0.0232,0.5502,1.1692,-0.0000,0.1900,0.1699,0.0030,11.4742
1786332624.67,34.484,34.406,35.539,33.359,33.101,33.140,31.484,34.039,34.218,34.125,33.914,33.414,32.289,32.601,32.929,0.8037,0.8100,0.8000,0.8013,0.7988,0.8013,1.5025,1.4988,1.8013,1.7963,3.3150,1.2000,1.1013,0.0037,0.8788,1.2025,1.4938,1.5191,4.8073,0.1128,0.0545,0.1673,0.3814,1.5356,0.1102,0.1432,0.0126,0.0249,0.5538,1.1657,-0.0000,0.1922,0.1714,0.0030,10.9548
1786332625.67,34.609,33.945,35.539,33.312,32.843,32.835,31.359,33.945,33.664,33.875,33.906,33.484,32.375,32.265,33.000,0.8050,0.8087,0.8000,0.8000,0.7988,0.8013,1.5025,1.5000,1.8013,1.7950,3.3150,1.2000,1.1013,0.0025,0.8788,1.2038,1.4938,1.4490,4.8282,0.1096,0.0544,0.1673,0.3682,1.5371,0.1110,0.1432,0.0126,0.0232,0.5520,1.1673,-0.0000,0.1911,0.1700,0.0030,10.8872
1786332626.67,34.578,34.132,35.539,33.140,33.132,32.492,31.742,34.218,33.757,33.734,33.445,33.765,32.609,31.882,32.882,0.8037,0.8087,0.7988,0.8000,0.7988,0.8013,1.5012,1.5000,1.8013,1.7963,3.3150,1.2000,1.1013,0.0025,0.8775,1.2025,1.4950,1.3985,4.8161,0.1158,0.0544,0.1677,0.3810,1.5365,0.1103,0.1432,0.0117,0.0265,0.5526,1.1662,-0.0000,0.1887,0.1714,0.0030,10.8436
1786332627.67,34.140,34.109,35.539,33.101,32.953,32.671,31.804,33.953,34.000,33.664,33.554,34.132,32.257,32.523,32.664,0.8050,0.8087,0.8000,0.8000,0.7988,0.8000,1.5012,1.5000,1.8013,1.7963,3.3163,1.2000,1.1000,0.0025,0.8788,1.2038,1.4938,1.8354,4.8161,0.1152,0.0536,0.1677,0.3668,1.5470,0.1118,0.1441,0.0126,0.0232,0.5526,1.1649,-0.0000,0.1900,0.1715,0.0022,11.2748
1786332628.67,34.414,34.226,35.539,33.484,33.132,32.843,31.851,34.390,34.320,33.953,33.554,33.648,32.460,32.546,32.812,0.8037,0.8087,0.7988,0.8000,0.8000,0.8013,1.5025,1.4988,1.8013,1.7963,3.3138,1.2012,1.1013,0.0037,0.8788,1.2025,1.4938,2.4354,4.8161,0.1142,0.0544,0.1676,0.3702,1.5371,0.1094,0.1441,0.0117,0.0265,0.5556,1.1668,-0.0000,0.1900,0.1699,0.0022,11.8711
1786332629.67,34.304,34.093,35.539,32.992,32.750,33.093,31.921,33.875,34.093,34.109,34.054,33.625,32.726,32.773,32.851,0.8050,0.8087,0.7988,0.8000,0.8000,0.8013,1.5025,1.4988,1.8013,1.7975,3.3150,1.2012,1.1013,0.0025,0.8788,1.2025,1.4950,1.4732,4.8202,0.1178,0.0544,0.1676,0.3730,1.5483,0.1109,0.1432,0.0126,0.0249,0.5562,1.1673,-0.0000,0.1900,0.1714,0.0030,10.9339
1786332630.67,34.578,34.187,35.539,33.648,32.953,33.304,31.156,33.953,33.554,34.039,34.117,34.187,32.359,32.242,32.890,0.8037,0.8087,0.8000,0.8000,0.8000,0.8013,1.5025,1.4988,1.8013,1.7950,3.3150,1.2000,1.1025,0.0037,0.8788,1.2038,1.4950,2.0254,4.8242,0.1168,0.0544,0.1676,0.3630,1.5378,0.1102,0.1441,0.0126,0.0232,0.5538,1.1670,-0.0000,0.1900,0.1715,0.0022,11.4638
1786332631.67,34.625,34.414,35.539,33.367,32.992,32.929,31.484,33.914,34.148,33.867,33.539,34.000,32.789,32.992,32.968,0.8037,0.8087,0.7988,0.8013,0.7988,0.8013,1.5025,1.4988,1.8000,1.7963,3.3163,1.2000,1.1013,0.0037,0.8788,1.2025,1.4938,1.1815,4.8161,0.1138,0.0541,0.1677,0.3778,1.5446,0.1102,0.1440,0.0117,0.0232,0.5544,1.1679,-0.0000,0.1911,0.1729,0.0030,10.6339
1786332632.67,34.289,34.210,35.539,33.156,33.304,33.257,31.500,34.296,33.992,33.750,33.843,33.476,32.281,32.125,32.945,0.8037,0.8100,0.8000,0.8013,0.8000,0.8000,1.5012,1.5012,1.8013,1.7975,3.3125,1.2000,1.1013,0.0025,0.8788,1.2025,1.4950,1.6879,4.8195,0.1180,0.0545,0.1676,0.3704,1.5373,0.1111,0.1441,0.0117,0.0248,0.5538,1.1668,-0.0000,0.1900,0.1714,0.0022,11.1311
1786332633.67,34.554,34.312,35.539,33.484,33.054,32.593,31.671,33.585,34.312,34.250,33.835,33.882,32.625,32.578,33.093,0.8063,0.8087,0.8000,0.8013,0.7988,0.8000,1.5025,1.5000,1.8000,1.7963,3.3150,1.2000,1.1013,0.0025,0.8788,1.2025,1.4938,2.2978,4.8080,0.1144,0.0541,0.1669,0.3692,1.5333,0.1103,0.1431,0.0117,0.0232,0.5526,1.1662,0.0000,0.1900,0.1714,0.0030,11.7152
1786332634.67,34.343,34.296,35.539,33.179,33.148,32.890,31.257,34.617,34.000,34.000,33.742,34.289,32.617,32.562,32.414,0.8037,0.8087,0.8000,0.8000,0.8000,0.8000,1.5025,1.5012,1.8013,1.7963,3.3138,1.2000,1.1025,0.0037,0.8788,1.2038,1.4938,1.9290,4.8242,0.1184,0.0544,0.1676,0.3676,1.5401,0.1096,0.1432,0.0135,0.0215,0.5568,1.1675,-0.0000,0.1911,0.1700,0.0022,11.3768
1786332635.67,34.484,34.000,35.539,33.312,32.781,32.781,31.773,33.937,33.937,33.515,33.664,34.070,32.359,32.625,32.960,0.8037,0.8100,0.7988,0.8000,0.7988,0.8013,1.5012,1.5000,1.8000,1.7963,3.3138,1.2012,1.1025,0.0025,0.8788,1.2025,1.4938,1.7602,4.8195,0.1166,0.0540,0.1669,0.3746,1.5320,0.1110,0.1449,0.0117,0.0232,0.5586,1.1675,-0.0000,0.1900,0.1729,0.0022,11.2059
1786332636.67,34.414,34.187,35.539,33.992,33.156,32.687,31.820,34.039,33.695,33.820,34.070,33.726,32.187,32.312,33.054,0.8037,0.8087,0.8000,0.8013,0.7988,0.8013,1.5012,1.5000,1.8000,1.7963,3.3150,1.2000,1.1000,0.0037,0.8788,1.2025,1.4938,2.3871,4.8080,0.1120,0.0541,0.1673,0.3618,1.5358,0.1095,0.1440,0.0117,0.0232,0.5532,1.1649,-0.0000,0.1922,0.1714,0.0022,11.7984
1786332637.67,34.156,34.117,35.539,33.203,32.679,33.062,31.132,34.117,34.054,33.992,33.609,33.671,32.617,32.085,32.546,0.8037,0.8087,0.7988,0.8000,0.7988,0.8013,1.5025,1.5000,1.8013,1.7975,3.3150,1.2012,1.1013,0.0037,0.8775,1.2038,1.4950,1.7120,4.7999,0.1122,0.0544,0.1673,0.3698,1.5483,0.1103,0.1450,0.0135,0.0232,0.5562,1.1673,-0.0000,0.1909,0.1730,0.0015,11.1448
1786332638.67,34.562,33.976,35.539,33.070,33.500,33.093,31.320,34.398,34.132,33.914,33.992,33.726,32.632,32.281,32.968,0.8050,0.8087,0.8000,0.7988,0.7988,0.8013,1.5038,1.4988,1.8013,1.7950,3.3150,1.2000,1.1000,0.0037,0.8788,1.2038,1.4938,1.5215,4.8242,0.1160,0.0539,0.1673,0.3618,1.5391,0.1094,0.1432,0.0126,0.0232,0.5550,1.1643,-0.0000,0.1911,0.1715,0.0030,10.9571
1786332639.67,34.382,34.132,35.539,33.156,33.070,32.898,31.437,33.906,34.132,33.984,34.007,34.085,32.554,32.921,33.023,0.8037,0.8100,0.7988,0.8000,0.7988,0.8000,1.5025,1.5000,1.8000,1.7975,3.3150,1.2000,1.1013,0.0050,0.8788,1.2038,1.4938,1.5914,4.8276,0.1150,0.0544,0.1669,0.3696,1.5476,0.1110,0.1440,0.0117,0.0232,0.5562,1.1668,-0.0000,0.1911,0.1700,0.0030,11.0496
1786332640.67,34.601,34.421,35.539,33.218,32.960,32.671,31.554,33.625,33.843,33.812,33.445,34.203,32.382,32.335,32.867,0.8050,0.8087,0.7975,0.8013,0.7988,0.8000,1.5025,1.5000,1.8013,1.7963,3.3150,1.2012,1.1000,0.0037,0.8788,1.2038,1.4938,1.7388,4.8040,0.1164,0.0545,0.1673,0.5860,1.5386,0.1095,0.1432,0.0117,0.0249,0.5586,1.1638,-0.0000,0.1900,0.1700,0.0030,11.3803
1786332641.67,34.257,34.320,35.539,33.734,33.085,32.820,31.437,34.031,34.085,33.843,33.976,34.171,32.398,32.906,32.578,0.8037,0.8087,0.8000,0.8000,0.7988,0.8013,1.5012,1.5000,1.8000,1.7963,3.3150,1.2000,1.1013,0.0037,0.8788,1.2025,1.4938,1.5432,4.8161,0.1100,0.0544,0.1681,0.3610,1.5470,0.1110,0.1440,0.0126,0.0249,0.5574,1.1668,-0.0000,0.1911,0.1714,0.0030,10.9819
1786332642.67,34.578,34.109,35.539,32.859,32.992,33.335,31.890,34.421,33.781,33.578,33.507,34.031,31.906,32.171,32.906,0.8037,0.8087,0.8000,0.8000,0.8000,0.8013,1.5025,1.4988,1.8013,1.7963,3.3138,1.2012,1.1025,0.0037,0.8788,1.2025,1.4938,1.7602,4.8202,0.1108,0.0540,0.1676,0.3702,1.5401,0.1109,0.1441,0.0117,0.0232,0.5598,1.1675,-0.0000,0.1889,0.1714,0.0030,11.2035
1786332643.67,34.312,34.187,35.539,33.328,33.335,32.570,31.554,33.562,34.187,34.046,33.804,34.031,32.523,32.250,32.976,0.8037,0.8087,0.8000,0.8000,0.8000,0.8013,1.5038,1.5000,1.8013,1.7963,3.3150,1.2000,1.1013,0.0037,0.8788,1.2038,1.4938,1.4709,4.8121,0.1188,0.0544,0.1676,0.3690,1.5398,0.1110,0.1441,0.0135,0.0249,0.5508,1.1668,-0.0000,0.1922,0.1715,0.0030,10.9103
1786332644.67,34.562,33.984,35.539,33.640,33.156,33.164,31.484,34.062,34.007,33.648,33.382,33.773,32.375,32.312,32.898,0.8037,0.8100,0.7988,0.8013,0.7988,0.8013,1.5025,1.4988,1.8013,1.7963,3.3138,1.2000,1.1013,0.0037,0.8788,1.2025,1.4938,1.5432,4.8073,0.1142,0.0545,0.1673,0.3706,1.5386,0.1109,0.1441,0.0126,0.0232,0.5574,1.1662,-0.0000,0.1922,0.1714,0.0030,10.9767
1786332645.67,34.554,34.312,35.539,33.101,32.890,32.937,31.320,34.007,34.312,33.601,34.000,34.164,32.570,32.859,32.859,0.8025,0.8087,0.8000,0.8000,0.7988,0.8013,1.5025,1.4988,1.8013,1.7963,3.3138,1.2000,1.1013,0.0037,0.8788,1.2038,1.4938,2.5279,4.8040,0.1184,0.0540,0.1673,0.3650,1.5356,0.1102,0.1441,0.0117,0.0249,0.5532,1.1668,-0.0000,0.1889,0.1700,0.0030,11.9448
1786332646.67,34.664,34.554,35.539,33.101,33.078,33.242,31.640,33.882,33.960,33.882,34.093,33.781,32.320,32.351,32.531,0.8037,0.8113,0.8000,0.7988,0.7988,0.8025,1.5025,1.4988,1.8013,1.7950,3.3150,1.2012,1.1013,0.0025,0.8775,1.2025,1.4938,2.3871,4.8391,0.1172,0.0543,0.1673,0.3696,1.5438,0.1109,0.1432,0.0126,0.0232,0.5550,1.1679,-0.0000,0.1898,0.1699,0.0030,11.8538
1786332647.67,34.273,34.484,35.539,33.226,33.070,32.781,31.648,34.484,34.148,33.765,33.437,33.992,32.476,32.250,32.890,0.8050,0.8087,0.8000,0.8013,0.8000,0.8013,1.5025,1.5000,1.8013,1.7963,3.3150,1.2012,1.1000,0.0037,0.8788,1.2038,1.4938,1.7147,4.7999,0.1132,0.0541,0.1672,0.3710,1.5416,0.1103,0.1432,0.0126,0.0232,0.5532,1.1649,-0.0000,0.1922,0.1730,0.0030,11.1372
1786332648.67,34.414,34.187,35.539,33.210,32.890,32.875,31.320,34.195,34.218,33.890,33.929,34.226,32.601,32.390,32.906,0.8037,0.8087,0.7988,0.8000,0.7988,0.8000,1.5012,1.5000,1.8000,1.7963,3.3150,1.2012,1.1025,0.0037,0.8775,1.2038,1.4938,1.5914,4.8040,0.1154,0.0544,0.1673,0.3696,1.5410,0.1095,0.1431,0.0135,0.0232,0.5562,1.1687,-0.0000,0.1931,0.1715,0.0030,11.0249
1786332649.67,34.296,33.976,35.539,32.929,33.164,33.351,31.648,33.859,33.976,34.218,33.468,34.156,32.289,32.328,32.460,0.8025,0.8087,0.7988,0.8013,0.7988,0.8013,1.5012,1.5000,1.8025,1.7963,3.3138,1.2000,1.1013,0.0050,0.8788,1.2012,1.4938,1.9741,4.8404,0.1154,0.0541,0.1669,0.3702,1.5433,0.1103,0.1442,0.0126,0.0215,0.5568,1.1662,-0.0000,0.1922,0.1712,0.0022,11.4416
1786332650.67,34.328,34.085,35.539,32.984,33.265,32.820,31.851,34.320,34.000,33.851,34.242,34.125,32.531,32.445,32.742,0.8037,0.8100,0.8000,0.8013,0.7988,0.8013,1.5025,1.5012,1.8013,1.7975,3.3138,1.2012,1.1013,0.0025,0.8788,1.2038,1.4938,1.2056,4.8276,0.1152,0.0545,0.1673,0.3702,1.5341,0.1103,0.1441,0.0117,0.0232,0.5538,1.1673,-0.0000,0.1889,0.1715,0.0022,10.6476
1786332651.67,34.359,34.304,35.539,32.992,33.375,32.835,31.773,34.304,34.031,33.656,33.875,34.296,31.906,32.093,33.171,0.8037,0.8087,0.7988,0.8000,0.7988,0.8013,1.5025,1.4988,1.8025,1.7963,3.3150,1.2000,1.1013,0.0037,0.8788,1.2025,1.4925,1.2780,4.8121,0.1158,0.0544,0.1677,0.3578,1.5468,0.1102,0.1451,0.0135,0.0249,0.5502,1.1668,-0.0000,0.1922,0.1714,0.0030,10.7097
1786332652.67,34.414,34.046,35.539,33.312,33.007,32.757,31.515,33.781,33.609,33.953,34.085,34.062,32.562,32.734,33.093,0.8037,0.8100,0.8000,0.8000,0.7988,0.8013,1.5025,1.5000,1.8013,1.7963,3.3138,1.2012,1.1013,0.0037,0.8788,1.2025,1.4938,2.4836,4.8236,0.1120,0.0536,0.1673,0.3610,1.5386,0.1103,0.1432,0.0126,0.0232,0.5538,1.1662,-0.0000,0.1900,0.1729,0.0037,11.9154
1786332653.67,34.414,34.320,35.539,33.312,33.000,32.710,31.671,33.687,34.320,33.406,34.007,33.632,32.835,32.445,32.843,0.8037,0.8100,0.8000,0.8000,0.7988,0.8013,1.5025,1.5000,1.8013,1.7963,3.3138,1.2012,1.1025,0.0037,0.8775,1.2038,1.4938,1.6397,4.8155,0.1152,0.0544,0.1673,0.3742,1.5378,0.1110,0.1441,0.0117,0.0232,0.5508,1.1675,-0.0000,0.1887,0.1730,0.0030,11.0770
1786332654.67,34.507,34.296,35.539,33.203,33.492,32.851,31.343,33.851,33.914,33.648,34.203,33.750,32.828,32.742,32.898,0.8050,0.8087,0.8000,0.8000,0.7988,0.8013,1.5012,1.4988,1.8025,1.7963,3.3138,1.2000,1.1013,0.0037,0.8788,1.2025,1.4938,1.2558,4.8080,0.1100,0.0544,0.1677,0.3690,1.5373,0.1109,0.1433,0.0126,0.0249,0.5544,1.1662,-0.0000,0.1900,0.1729,0.0030,10.6803
1786332655.67,34.304,34.273,35.539,33.296,33.031,32.843,31.851,34.273,33.929,33.898,34.015,33.976,32.914,32.093,32.601,0.8037,0.8087,0.8000,0.8000,0.8000,0.8025,1.5025,1.4988,1.8013,1.7963,3.3150,1.2000,1.1013,0.0050,0.8788,1.2025,1.4938,1.0368,4.7959,0.1128,0.0544,0.1672,0.3748,1.5378,0.1109,0.1441,0.0126,0.0249,0.5514,1.1673,-0.0000,0.1911,0.1714,0.0030,10.4563
1786332656.67,34.367,34.085,35.539,33.328,32.765,32.703,31.789,33.906,34.164,34.062,33.726,33.570,32.390,32.414,32.789,0.8037,0.8113,0.8000,0.8013,0.7975,0.8013,1.5038,1.4988,1.8013,1.7963,3.3150,1.2012,1.1013,0.0037,0.8775,1.2025,1.4938,1.3503,4.8229,0.1148,0.0545,0.1671,0.3690,1.5504,0.1102,0.1441,0.0117,0.0232,0.5532,1.1673,-0.0000,0.1909,0.1714,0.0030,10.8037
1786332657.67,34.515,34.359,35.539,33.500,32.664,33.000,31.867,33.976,33.976,33.812,33.585,33.828,32.742,32.601,32.695,0.8037,0.8075,0.7988,0.8000,0.7988,0.8013,1.5025,1.4988,1.8013,1.7950,3.3150,1.2012,1.1013,0.0037,0.8788,1.2025,1.4950,1.0851,4.8046,0.1138,0.0548,0.1677,0.3722,1.5378,0.1109,0.1441,0.0117,0.0249,0.5514,1.1657,-0.0000,0.1911,0.1699,0.0030,10.5086
1786332658.67,34.328,33.992,35.539,33.117,32.710,32.726,31.632,34.101,33.781,33.570,34.140,33.890,33.046,32.742,32.835,0.8037,0.8087,0.8000,0.8013,0.7988,0.8013,1.5038,1.5000,1.8013,1.7950,3.3150,1.2000,1.1013,0.0025,0.8788,1.2025,1.4950,1.9290,4.8282,0.1152,0.0545,0.1677,0.3726,1.5481,0.1095,0.1432,0.0126,0.0232,0.5538,1.1673,-0.0000,0.1900,0.1729,0.0022,11.3901
1786332659.67,34.445,34.148,35.539,33.265,32.875,32.781,31.773,33.898,33.867,33.710,33.359,33.382,32.687,32.484,32.882,0.8037,0.8113,0.7988,0.8000,0.7988,0.8025,1.5025,1.4988,1.8025,1.7975,3.3150,1.2012,1.1025,0.0037,0.8775,1.2038,1.4938,0.9404,4.8188,0.1174,0.0540,0.1673,0.3716,1.5378,0.1094,0.1442,0.0126,0.0249,0.5526,1.1664,-0.0000,0.1909,0.1715,0.0037,10.3835
1786332660.67,34.687,34.140,35.539,33.078,33.093,32.546,31.453,33.992,34.265,33.773,33.500,33.125,32.296,32.242,32.664,0.8037,0.8087,0.8000,0.8013,0.7988,0.8013,1.5025,1.5012,1.8013,1.7950,3.3150,1.2000,1.1000,0.0037,0.8775,1.2025,1.4938,1.7843,4.8161,0.1128,0.0545,0.1673,0.3714,1.5341,0.1111,0.1432,0.0126,0.0232,0.5556,1.1655,-0.0000,0.1898,0.1714,0.0030,11.2157
1786332661.67,34.507,33.937,35.539,33.070,33.398,32.710,31.554,33.820,33.656,34.054,33.765,33.656,32.242,32.414,33.023,0.8025,0.8087,0.8000,0.8025,0.7988,0.8013,1.5038,1.4988,1.8000,1.7963,3.3150,1.2000,1.1013,0.0037,0.8775,1.2025,1.4938,2.2631,4.8202,0.1180,0.0546,0.1673,0.3726,1.5413,0.1094,0.1440,0.0126,0.0249,0.5514,1.1651,-0.0000,0.1920,0.1714,0.0037,11.7114
1786332662.67,34.343,34.023,35.539,32.585,32.960,33.039,32.031,34.046,34.164,33.906,33.875,33.679,32.515,32.085,32.750,0.8037,0.8087,0.7988,0.8000,0.7988,0.8013,1.5025,1.5000,1.8013,1.7963,3.3138,1.2000,1.1000,0.0037,0.8788,1.2025,1.4950,1.8567,4.8282,0.1190,0.0540,0.1673,0.3786,1.5326,0.1095,0.1441,0.0126,0.0249,0.5532,1.1660,0.0000,0.1900,0.1699,0.0030,11.3095
1786332663.67,34.437,34.437,35.539,33.429,33.117,32.890,31.929,34.015,33.484,33.906,33.742,34.179,32.476,32.312,33.015,0.8037,0.8087,0.8013,0.8013,0.7988,0.8025,1.5025,1.5000,1.8013,1.7975,3.3150,1.2000,1.1013,0.0037,0.8788,1.2038,1.4938,1.7361,4.8202,0.1110,0.0541,0.1673,0.3700,1.5371,0.1095,0.1432,0.0126,0.0232,0.5532,1.1673,-0.0000,0.1911,0.1700,0.0022,11.1681
1786332664.67,34.578,34.148,35.539,33.109,33.304,32.859,31.703,34.062,33.828,33.734,33.984,33.804,33.007,32.242,32.625,0.8050,0.8087,0.8000,0.7988,0.7988,0.8013,1.5012,1.5000,1.8000,1.7963,3.3138,1.2000,1.1013,0.0037,0.8788,1.2025,1.4950,2.1252,4.8242,0.1144,0.0543,0.1677,0.3650,1.5328,0.1103,0.1440,0.0117,0.0249,0.5550,1.1662,-0.0000,0.1911,0.1699,0.0037,11.5603
1786332665.67,34.382,34.257,35.539,33.281,32.812,32.398,31.718,34.359,33.960,34.031,34.101,34.257,32.585,32.625,32.414,0.8037,0.8087,0.8000,0.8013,0.7988,0.8000,1.5025,1.5000,1.8000,1.7950,3.3150,1.1987,1.1000,0.0025,0.8800,1.2025,1.4938,1.3262,4.8121,0.1188,0.0541,0.1669,0.3692,1.5371,0.1095,0.1440,0.0117,0.0232,0.5532,1.1660,0.0000,0.1903,0.1699,0.0030,10.7551
1786332666.67,34.101,34.335,35.539,33.148,32.867,32.804,31.437,34.039,34.773,33.890,33.750,33.898,32.625,32.132,32.718,0.8037,0.8087,0.7975,0.8013,0.7988,0.8013,1.5025,1.5012,1.8013,1.7963,3.3163,1.2000,1.1013,0.0037,0.8775,1.2025,1.4950,1.7602,4.8202,0.1093,0.0545,0.1669,0.3686,1.5483,0.1103,0.1441,0.0126,0.0232,0.5526,1.1673,0.0000,0.1909,0.1729,0.0022,11.2041
1786332667.67,34.210,33.921,35.539,33.453,32.890,32.984,31.375,34.031,33.835,34.304,33.898,33.765,32.398,32.406,33.023,0.8037,0.8100,0.8000,0.8000,0.7988,0.8025,1.5025,1.5000,1.8013,1.7950,3.3150,1.2000,1.1013,0.0037,0.8788,1.2025,1.4938,2.3630,4.8276,0.1164,0.0544,0.1677,0.3708,1.5378,0.1103,0.1450,0.0135,0.0232,0.5544,1.1662,-0.0000,0.1911,0.1699,0.0030,11.8142
1786332668.67,34.390,34.281,35.539,33.257,33.406,32.351,31.492,33.742,34.445,33.656,33.203,34.218,32.562,32.296,32.523,0.8037,0.8087,0.8000,0.8013,0.7988,0.8013,1.5025,1.4988,1.8000,1.7963,3.3138,1.2000,1.1013,0.0037,0.8775,1.2025,1.4938,1.5914,4.8080,0.1132,0.0545,0.1673,0.3682,1.5378,0.1109,0.1440,0.0126,0.0232,0.5562,1.1662,-0.0000,0.1909,0.1714,0.0022,11.0180
1786332669.67,34.843,34.484,35.539,33.289,32.710,33.140,31.398,34.164,34.101,33.515,33.492,34.054,32.500,32.242,32.578,0.8037,0.8113,0.8000,0.8013,0.7988,0.8025,1.5025,1.5000,1.8013,1.7963,3.3150,1.2012,1.1013,0.0050,0.8775,1.2025,1.4938,1.7120,4.8310,0.1144,0.0537,0.1673,0.3651,1.5371,0.1103,0.1441,0.0117,0.0215,0.5538,1.1662,-0.0000,0.1898,0.1699,0.0030,11.1508
1786332670.67,34.593,34.132,35.539,33.078,33.492,33.195,31.812,33.843,33.804,33.500,33.640,33.781,32.578,32.539,32.937,0.8050,0.8087,0.8000,0.8013,0.7988,0.8000,1.5038,1.4988,1.8013,1.7963,3.3150,1.2000,1.1025,0.0037,0.8788,1.2038,1.4938,2.2460,4.8242,0.1168,0.0545,0.1673,0.3736,1.5398,0.1102,0.1441,0.0117,0.0232,0.5550,1.1681,-0.0000,0.1900,0.1700,0.0030,11.6975
1786332671.67,34.492,33.867,35.539,33.289,33.234,33.062,31.882,33.984,34.398,33.757,34.109,34.085,32.359,32.007,32.703,0.8037,0.8100,0.7988,0.7988,0.8000,0.8013,1.5025,1.5000,1.8000,1.7950,3.3150,1.2000,1.1000,0.0025,0.8775,1.2025,1.4925,2.3148,4.7993,0.1146,0.0543,0.1676,0.3666,1.5378,0.1110,0.1440,0.0117,0.0249,0.5562,1.1649,-0.0000,0.1898,0.1714,0.0045,11.7332
1786332672.67,34.289,34.328,35.539,33.156,33.234,32.851,31.546,34.070,33.781,33.453,33.929,33.593,32.460,32.218,32.937,0.8050,0.8087,0.8000,0.8000,0.7988,0.8013,1.5025,1.5000,1.8000,1.7975,3.3150,1.2000,1.1000,0.0037,0.8800,1.2025,1.4925,1.4007,4.8202,0.1136,0.0544,0.1669,0.3750,1.5363,0.1103,0.1440,0.0126,0.0232,0.5526,1.1643,-0.0000,0.1936,0.1714,0.0030,10.8420
1786332673.67,34.507,34.101,35.539,33.359,33.320,32.468,31.585,33.773,33.851,33.492,33.812,33.375,32.585,32.226,32.992,0.8037,0.8100,0.8000,0.8000,0.7988,0.8000,1.5025,1.5000,1.8013,1.7963,3.3138,1.2000,1.1013,0.0037,0.8788,1.2012,1.4938,1.7120,4.8236,0.1148,0.0544,0.1673,0.3688,1.5446,0.1103,0.1432,0.0126,0.0249,0.5544,1.1662,-0.0000,0.1911,0.1712,0.0022,11.1615
1786332674.67,34.304,34.015,35.539,33.265,32.687,32.906,31.703,33.734,33.664,34.117,33.492,33.781,32.218,32.585,33.078,0.8050,0.8100,0.7988,0.8000,0.8000,0.8013,1.5025,1.5000,1.8013,1.7963,3.3150,1.2012,1.1000,0.0037,0.8775,1.2025,1.4938,1.4973,4.8236,0.1174,0.0548,0.1676,0.3750,1.5333,0.1103,0.1432,0.0126,0.0232,0.5532,1.1649,-0.0000,0.1931,0.1699,0.0030,10.9421
1786332675.67,34.437,34.125,35.539,33.773,33.414,32.812,31.281,33.476,34.125,33.453,34.132,33.765,32.328,32.093,32.453,0.8037,0.8087,0.7988,0.8000,0.7988,0.8013,1.5012,1.5000,1.8013,1.7963,3.3150,1.2012,1.1013,0.0037,0.8800,1.2025,1.4938,1.4709,4.8121,0.1170,0.0544,0.1669,0.3718,1.5395,0.1103,0.1450,0.0126,0.0249,0.5556,1.1651,-0.0000,0.1903,0.1729,0.0022,10.9114
1786332676.67,34.414,34.015,35.539,33.117,33.226,32.804,31.648,34.242,34.125,33.835,33.742,33.632,32.101,32.570,32.929,0.8037,0.8100,0.8000,0.8000,0.7988,0.8013,1.5025,1.5000,1.8013,1.7963,3.3125,1.2012,1.1013,0.0037,0.8788,1.2038,1.4938,2.4354,4.8236,0.1144,0.0540,0.1677,0.3702,1.5438,0.1103,0.1432,0.0117,0.0232,0.5538,1.1662,-0.0000,0.1922,0.1700,0.0030,11.8826
1786332677.67,34.539,34.398,35.539,33.546,33.210,33.046,31.789,33.875,34.031,33.914,33.734,34.078,32.421,32.117,32.601,0.8050,0.8100,0.8000,0.8000,0.8000,0.8013,1.5012,1.5000,1.8025,1.7963,3.3125,1.2012,1.1013,0.0050,0.8775,1.2038,1.4938,1.4490,4.8195,0.1180,0.0548,0.1672,0.3778,1.5343,0.1103,0.1451,0.0126,0.0232,0.5598,1.1646,0.0000,0.1898,0.1715,0.0022,10.8996
1786332678.67,34.398,33.937,35.539,33.000,33.382,33.125,31.812,34.164,33.765,33.828,33.257,34.273,32.718,32.312,33.046,0.8037,0.8087,0.7975,0.8000,0.7988,0.8000,1.5012,1.5000,1.8013,1.7963,3.3150,1.2012,1.1013,0.0050,0.8775,1.2025,1.4938,2.2425,4.8242,0.1144,0.0544,0.1673,0.3648,1.5448,0.1103,0.1441,0.0117,0.0232,0.5514,1.1657,-0.0000,0.1909,0.1699,0.0030,11.6824
1786332679.67,34.515,34.187,35.539,33.554,33.210,33.031,31.453,34.421,34.164,33.828,33.960,33.890,32.398,32.531,33.250,0.8050,0.8100,0.8000,0.8000,0.7988,0.8025,1.5012,1.4988,1.8025,1.7950,3.3138,1.2000,1.1000,0.0037,0.8788,1.2025,1.4925,1.6664,4.8155,0.1160,0.0548,0.1673,0.3712,1.5358,0.1087,0.1442,0.0126,0.0232,0.5562,1.1638,-0.0000,0.1900,0.1714,0.0030,11.0999
1786332680.67,34.390,34.195,35.539,33.132,33.023,32.625,31.648,34.054,33.992,33.968,33.625,34.281,32.531,32.304,32.335,0.8037,0.8087,0.7988,0.8013,0.7988,0.8013,1.5025,1.4988,1.8013,1.7963,3.3150,1.2000,1.1013,0.0037,0.8788,1.2025,1.4938,1.8326,4.8202,0.1146,0.0545,0.1673,0.3686,1.5378,0.1109,0.1432,0.0126,0.0232,0.5532,1.1657,-0.0000,0.1900,0.1729,0.0030,11.2702
1786332681.67,34.328,34.101,35.539,33.242,33.226,32.929,31.398,33.914,33.812,34.132,34.031,34.109,32.757,32.343,32.992,0.8037,0.8087,0.8000,0.8013,0.7988,0.8013,1.5012,1.4988,1.8013,1.7950,3.3138,1.2012,1.1013,0.0050,0.8788,1.2012,1.4950,1.7602,4.8161,0.1132,0.0545,0.1669,0.3706,1.5358,0.1109,0.1441,0.0126,0.0249,0.5544,1.1657,-0.0000,0.1900,0.1712,0.0022,11.1932
1786332682.67,34.398,34.078,35.539,33.125,32.937,32.750,31.617,34.234,33.960,34.281,33.890,33.546,32.351,32.398,32.734,0.8050,0.8100,0.7988,0.8000,0.7988,0.8000,1.5012,1.4988,1.8025,1.7950,3.3138,1.2000,1.1013,0.0037,0.8775,1.2025,1.4938,1.8113,4.8155,0.1134,0.0540,0.1673,0.3744,1.5358,0.1102,0.1451,0.0126,0.0232,0.5526,1.1662,-0.0000,0.1909,0.1699,0.0015,11.2437
1786332683.71,34.687,34.132,35.539,33.289,33.148,33.234,31.671,34.132,34.070,33.585,33.640,34.023,32.703,32.445,32.804,0.8037,0.8100,0.8000,0.8000,0.8000,0.8000,1.5025,1.4988,1.8013,1.7950,3.3138,1.2012,1.1013,0.0050,0.8788,1.2012,1.4950,1.8808,4.8722,0.1112,0.0544,0.1676,0.4396,1.5341,0.1109,0.1441,0.0117,0.0249,0.6283,1.1662,-0.0000,0.1889,0.1727,0.0022,11.5096
1786332684.71,34.578,34.171,35.539,33.109,32.875,32.773,31.468,34.140,33.828,33.632,33.757,33.765,32.273,32.281,32.960,0.8037,0.8087,0.8000,0.8000,0.7988,0.8013,1.5038,1.5000,1.8000,1.7963,3.3138,1.2000,1.1025,0.0037,0.8788,1.2038,1.4938,2.0254,4.8121,0.1124,0.0540,0.1673,0.3590,1.5376,0.1110,0.1440,0.0117,0.0232,0.5832,1.1681,-0.0000,0.1900,0.1700,0.0022,11.4713
1786332685.71,34.335,34.007,35.539,32.828,33.000,32.937,31.625,34.007,33.828,34.046,34.359,33.796,32.460,32.187,32.992,0.8037,0.8087,0.7988,0.8000,0.7975,0.8013,1.5012,1.5000,1.8013,1.7963,3.3150,1.2000,1.1000,0.0025,0.8788,1.2025,1.4938,1.1092,4.8161,0.1150,0.0544,0.1675,0.3666,1.5365,0.1103,0.1441,0.0135,0.0232,0.5544,1.1655,-0.0000,0.1900,0.1714,0.0030,10.5405
1786332686.71,34.164,34.421,35.539,33.046,33.046,32.875,31.859,34.117,33.898,33.835,33.843,34.242,32.406,32.812,32.835,0.8050,0.8087,0.7988,0.8000,0.7988,0.8000,1.5025,1.5000,1.8000,1.7950,3.3150,1.1975,1.1013,0.0037,0.8788,1.2025,1.4950,1.6181,4.8202,0.1146,0.0544,0.1673,0.3696,1.5498,0.1095,0.1449,0.0117,0.0249,0.5538,1.1673,-0.0000,0.1911,0.1729,0.0030,11.0731
1786332687.71,34.289,34.250,35.539,33.578,32.906,33.015,31.445,34.476,34.765,33.781,33.523,33.929,32.687,32.382,32.781,0.8037,0.8087,0.7988,0.8013,0.7988,0.8013,1.5025,1.5000,1.8000,1.7963,3.3138,1.2000,1.1013,0.0025,0.8775,1.2025,1.4938,1.7602,4.8161,0.1114,0.0545,0.1673,0.3690,1.5393,0.1103,0.1440,0.0135,0.0232,0.5550,1.1668,-0.0000,0.1920,0.1714,0.0015,11.1953
1786332688.71,34.335,34.210,35.539,33.257,33.171,32.812,31.843,34.257,34.312,33.695,33.734,33.656,32.609,32.125,32.515,0.8037,0.8100,0.7988,0.8000,0.7988,0.8013,1.5025,1.5012,1.8013,1.7963,3.3138,1.2000,1.1013,0.0037,0.8788,1.2025,1.4938,2.1942,4.8155,0.1158,0.0540,0.1677,0.3782,1.5386,0.1118,0.1441,0.0126,0.0215,0.5526,1.1673,-0.0000,0.1900,0.1699,0.0022,11.6361
1786332689.71,34.679,34.281,35.539,32.781,33.578,32.968,31.578,34.140,34.296,33.367,34.343,34.000,32.578,32.570,32.679,0.8037,0.8100,0.8000,0.8000,0.7988,0.8013,1.5025,1.5012,1.8013,1.7963,3.3125,1.2000,1.1013,0.0025,0.8775,1.2050,1.4925,1.9290,4.8195,0.1128,0.0540,0.1673,0.3738,1.5371,0.1088,0.1432,0.0126,0.0215,0.5556,1.1673,-0.0000,0.1909,0.1702,0.0030,11.3666
1786332690.71,34.531,34.312,35.539,33.007,33.078,33.453,31.812,34.007,34.085,34.117,34.039,33.429,32.656,32.335,33.070,0.8037,0.8100,0.7988,0.8000,0.7988,0.8000,1.5025,1.5000,1.8000,1.7963,3.3150,1.2000,1.1013,0.0037,0.8800,1.2038,1.4925,1.5914,4.8195,0.1126,0.0540,0.1669,0.3688,1.5378,0.1110,0.1431,0.0126,0.0249,0.5520,1.1668,-0.0000,0.1914,0.1715,0.0030,11.0273
1786332691.71,34.335,34.000,35.539,33.265,32.953,32.968,31.460,33.820,33.914,33.523,33.718,33.890,32.531,32.218,32.945,0.8037,0.8087,0.7988,0.8000,0.7988,0.8013,1.5025,1.5012,1.8013,1.7963,3.3150,1.2012,1.1013,0.0037,0.8788,1.2038,1.4938,1.5914,4.7999,0.1174,0.0544,0.1677,0.3746,1.5438,0.1103,0.1441,0.0126,0.0232,0.5562,1.1673,-0.0000,0.1911,0.1715,0.0030,11.0287
1786332692.71,34.640,34.257,35.539,32.625,32.945,32.875,31.585,34.335,34.406,34.109,33.578,33.945,32.390,32.578,32.468,0.8037,0.8075,0.8000,0.8013,0.7988,0.8013,1.5025,1.5000,1.8013,1.7950,3.3150,1.2000,1.1013,0.0037,0.8800,1.2038,1.4938,1.5432,4.8006,0.1176,0.0545,0.1677,0.3582,1.5341,0.1103,0.1441,0.0117,0.0232,0.5526,1.1668,-0.0000,0.1903,0.1730,0.0022,10.9500
1786332693.71,34.367,34.617,35.539,32.992,33.242,32.742,31.570,34.148,34.000,33.984,33.210,33.515,32.914,32.195,32.835,0.8037,0.8087,0.8000,0.8013,0.7988,0.8013,1.5000,1.5012,1.8025,1.7950,3.3150,1.2000,1.1013,0.0037,0.8775,1.2038,1.4938,1.2780,4.8121,0.1180,0.0545,0.1677,0.3738,1.5368,0.1096,0.1442,0.0126,0.0249,0.5514,1.1662,-0.0000,0.1898,0.1715,0.0022,10.7131
1786332694.71,34.367,34.515,35.539,32.960,33.296,33.125,31.625,34.226,34.007,34.203,33.710,34.062,32.359,32.500,32.835,0.8037,0.8087,0.8000,0.8000,0.7975,0.8000,1.5012,1.5000,1.8013,1.7963,3.3150,1.2000,1.1013,0.0037,0.8788,1.2025,1.4938,1.5673,4.8080,0.1124,0.0548,0.1671,0.3688,1.5410,0.1103,0.1432,0.0117,0.0249,0.5544,1.1651,-0.0000,0.1911,0.1699,0.0030,10.9929
1786332695.71,34.585,34.093,35.539,33.468,33.125,32.906,31.968,34.320,33.937,33.507,33.562,34.375,32.765,32.906,32.937,0.8037,0.8087,0.8000,0.8000,0.7988,0.8013,1.5025,1.5000,1.8000,1.7963,3.3150,1.2000,1.1013,0.0037,0.8788,1.2038,1.4950,1.6638,4.8404,0.1128,0.0544,0.1665,0.3710,1.5363,0.1103,0.1440,0.0108,0.0232,0.5514,1.1673,-0.0000,0.1900,0.1700,0.0015,11.1137
1786332696.71,34.140,34.195,35.539,33.234,33.421,32.734,31.343,33.843,33.695,33.523,33.804,33.820,32.367,32.187,32.734,0.8037,0.8087,0.8000,0.8000,0.7988,0.8013,1.5025,1.5012,1.8000,1.7963,3.3150,1.2012,1.1013,0.0050,0.8788,1.2025,1.4938,1.7361,4.8202,0.1104,0.0540,0.1673,0.3738,1.5468,0.1096,0.1431,0.0135,0.0215,0.5520,1.1668,-0.0000,0.1900,0.1714,0.0030,11.1794
1786332697.71,34.257,34.429,35.539,33.085,33.375,32.820,31.476,34.140,33.601,33.625,33.914,34.031,32.500,32.859,33.000,0.8025,0.8100,0.7975,0.8013,0.7988,0.8013,1.5025,1.5000,1.8013,1.7963,3.3138,1.2000,1.1025,0.0037,0.8788,1.2038,1.4950,1.8297,4.8195,0.1124,0.0545,0.1673,0.3694,1.5371,0.1110,0.1450,0.0135,0.0232,0.5538,1.1670,-0.0000,0.1922,0.1685,0.0030,11.2671
1786332698.71,34.265,34.359,35.539,33.007,33.179,32.906,31.593,33.843,33.882,33.828,33.757,33.804,32.304,32.437,32.757,0.8037,0.8100,0.7988,0.8000,0.7975,0.8013,1.5012,1.4988,1.8025,1.7963,3.3138,1.2000,1.1025,0.0025,0.8775,1.2038,1.4950,2.3148,4.8276,0.1138,0.0548,0.1667,0.3650,1.5358,0.1109,0.1442,0.0117,0.0232,0.5538,1.1687,-0.0000,0.1898,0.1730,0.0030,11.7567
1786332699.71,34.562,34.265,35.539,33.062,33.101,32.820,31.546,34.109,34.585,33.781,33.906,33.531,32.500,32.554,33.164,0.8050,0.8087,0.7975,0.8000,0.8000,0.8025,1.5025,1.5000,1.8025,1.7975,3.3163,1.2000,1.1013,0.0037,0.8788,1.2025,1.4950,2.1011,4.8202,0.1164,0.0540,0.1676,0.3692,1.5378,0.1118,0.1433,0.0135,0.0232,0.5550,1.1668,-0.0000,0.1889,0.1714,0.0022,11.5422
1786332700.71,34.226,34.007,35.539,32.859,32.484,33.187,31.429,33.554,34.445,33.890,33.406,33.664,32.046,32.593,32.953,0.8037,0.8075,0.8000,0.8000,0.8000,0.8013,1.5012,1.5000,1.8013,1.7950,3.3150,1.2012,1.1013,0.0037,0.8775,1.2025,1.4938,1.9772,4.8248,0.1136,0.0540,0.1680,0.3706,1.5350,0.1095,0.1441,0.0126,0.0232,0.5586,1.1668,-0.0000,0.1920,0.1729,0.0037,11.4265
1786332701.71,34.328,34.273,35.539,33.343,32.945,33.023,31.242,34.234,34.164,33.937,33.789,33.921,32.562,32.234,32.859,0.8037,0.8100,0.7988,0.8013,0.7988,0.8013,1.5025,1.5000,1.8013,1.7950,3.3150,1.2012,1.1013,0.0037,0.8788,1.2025,1.4938,1.9290,4.8114,0.1158,0.0537,0.1673,0.3742,1.5476,0.1095,0.1441,0.0126,0.0249,0.5544,1.1668,-0.0000,0.1944,0.1714,0.0030,11.3799
1786332702.71,34.484,34.085,35.539,33.148,32.734,32.804,31.648,33.726,33.679,33.882,33.718,34.078,32.460,32.218,33.140,0.8037,0.8087,0.8000,0.7988,0.7988,0.8013,1.5025,1.5000,1.8013,1.7963,3.3138,1.2000,1.1013,0.0050,0.8788,1.2025,1.4938,2.2184,4.8040,0.1088,0.0539,0.1677,0.3638,1.5378,0.1095,0.1441,0.0126,0.0232,0.5526,1.1651,0.0000,0.1900,0.1729,0.0030,11.6273
1786332703.72,34.304,34.085,35.539,33.117,32.828,33.140,31.406,34.078,33.828,34.093,33.734,33.695,32.234,32.523,33.000,0.8037,0.8100,0.8000,0.8000,0.7988,0.8013,1.5025,1.5000,1.8013,1.7975,3.3150,1.1987,1.1025,0.0037,0.8788,1.2025,1.4938,1.9772,4.8155,0.1144,0.0548,0.1673,0.3702,1.5453,0.1095,0.1432,0.0126,0.0249,0.5550,1.1675,0.0000,0.1900,0.1729,0.0045,11.4248
1786332704.72,34.710,34.218,35.539,32.859,33.546,32.687,31.359,34.195,34.445,34.125,34.125,33.765,32.468,32.656,32.703,0.8037,0.8075,0.7988,0.8013,0.7988,0.8013,1.5012,1.4988,1.8013,1.7963,3.3150,1.2000,1.1013,0.0037,0.8800,1.2025,1.4938,1.9772,4.8087,0.1122,0.0545,0.1673,0.5204,1.5448,0.1094,0.1441,0.0117,0.0265,0.5580,1.1668,-0.0000,0.1914,0.1714,0.0030,11.5674
1786332705.72,34.312,34.125,35.539,33.468,33.250,32.593,31.625,33.882,33.960,34.234,33.867,34.257,32.703,32.695,32.695,0.8050,0.8087,0.8000,0.8000,0.7975,0.8025,1.5025,1.5000,1.8013,1.7950,3.3150,1.2000,1.1013,0.0037,0.8788,1.2025,1.4938,1.4249,4.8121,0.1136,0.0544,0.1667,0.3451,1.5386,0.1095,0.1432,0.0117,0.0215,0.5508,1.1662,-0.0000,0.1900,0.1714,0.0030,10.8225
1786332706.72,34.492,34.078,35.539,33.421,32.929,32.695,31.429,33.921,33.976,34.023,34.203,33.609,32.414,32.250,32.421,0.8037,0.8087,0.7988,0.8000,0.7988,0.8013,1.5038,1.5000,1.8013,1.7950,3.3150,1.2000,1.1013,0.0037,0.8788,1.2025,1.4938,1.6155,4.8282,0.1134,0.0544,0.1677,0.3449,1.5436,0.1088,0.1432,0.0126,0.0249,0.5544,1.1668,-0.0000,0.1889,0.1699,0.0030,11.0402
1786332707.72,34.390,33.929,35.539,33.164,32.812,32.585,31.382,34.085,34.109,34.226,33.312,34.242,32.226,32.398,32.679,0.8037,0.8075,0.7988,0.8000,0.7988,0.8013,1.5025,1.5000,1.8013,1.7963,3.3138,1.2000,1.1013,0.0037,0.8788,1.2038,1.4938,1.6397,4.8127,0.1146,0.0544,0.1669,0.3602,1.5348,0.1110,0.1441,0.0117,0.0232,0.5508,1.1679,0.0000,0.1889,0.1730,0.0022,11.0561
1786332708.72,34.375,34.539,35.539,32.929,33.507,32.820,31.523,33.882,33.843,33.476,33.578,33.757,32.523,32.867,32.679,0.8037,0.8087,0.7988,0.8000,0.7988,0.8000,1.5025,1.4988,1.8013,1.7950,3.3150,1.2012,1.1000,0.0037,0.8775,1.2038,1.4938,1.3744,4.8121,0.1094,0.0544,0.1673,0.3708,1.5431,0.1094,0.1441,0.0117,0.0232,0.5562,1.1649,-0.0000,0.1898,0.1715,0.0022,10.8045
1786332709.72,34.445,34.242,35.539,32.929,33.320,32.757,31.765,33.890,34.625,33.945,33.507,33.609,32.343,32.671,32.398,0.8037,0.8100,0.8000,0.8013,0.7988,0.8013,1.5025,1.4988,1.8013,1.7950,3.3150,1.2000,1.1025,0.0037,0.8800,1.2025,1.4938,1.5914,4.8114,0.1148,0.0541,0.1669,0.3746,1.5356,0.1109,0.1441,0.0126,0.0232,0.5514,1.1675,-0.0000,0.1903,0.1729,0.0030,11.0247
1786332710.72,34.687,34.148,35.539,33.101,33.109,32.882,31.562,33.976,34.070,33.726,33.968,34.093,32.250,32.312,32.882,0.8037,0.8087,0.7988,0.8000,0.7988,0.8013,1.5025,1.5000,1.8013,1.7963,3.3138,1.2000,1.1013,0.0037,0.8788,1.2025,1.4938,1.7361,4.8161,0.1134,0.0544,0.1669,0.3694,1.5363,0.1095,0.1450,0.0126,0.0232,0.5532,1.1673,-0.0000,0.1922,0.1729,0.0022,11.1708
1786332711.72,34.570,34.468,35.539,33.335,33.484,32.968,31.484,34.242,34.250,34.039,33.671,33.695,32.437,32.148,32.453,0.8037,0.8087,0.7988,0.8013,0.8000,0.8013,1.5038,1.4988,1.8013,1.7963,3.3150,1.2000,1.1013,0.0037,0.8788,1.2025,1.4938,1.5432,4.8080,0.1126,0.0549,0.1676,0.3742,1.5496,0.1102,0.1441,0.0126,0.0249,0.5538,1.1668,-0.0000,0.1900,0.1714,0.0022,10.9860
1786332712.72,34.625,34.273,35.539,32.976,33.164,32.796,31.257,34.125,34.000,33.460,33.578,33.718,32.460,32.257,32.929,0.8037,0.8087,0.7988,0.8013,0.7975,0.8013,1.5025,1.5000,1.8000,1.7950,3.3163,1.2000,1.1013,0.0037,0.8788,1.2025,1.4938,2.1460,4.8040,0.1142,0.0545,0.1671,0.3650,1.5363,0.1110,0.1449,0.0135,0.0249,0.5538,1.1668,-0.0000,0.1900,0.1714,0.0030,11.5662
1786332713.72,34.234,34.171,35.539,33.007,32.828,32.539,31.476,33.992,34.164,33.906,33.882,33.734,32.421,32.328,33.289,0.8025,0.8087,0.8000,0.8013,0.7988,0.8025,1.5025,1.4988,1.8013,1.7950,3.3138,1.2012,1.1013,0.0037,0.8775,1.2025,1.4950,2.0705,4.7999,0.1156,0.0541,0.1669,0.3736,1.5483,0.1102,0.1432,0.0126,0.0232,0.5508,1.1662,-0.0000,0.1898,0.1714,0.0030,11.4991
1786332714.72,34.507,34.070,35.539,33.179,33.132,32.859,31.984,34.281,34.242,33.945,34.257,33.937,32.531,32.289,32.718,0.8037,0.8087,0.8000,0.8013,0.8000,0.8013,1.5012,1.4988,1.8013,1.7975,3.3138,1.2000,1.1013,0.0050,0.8788,1.2025,1.4938,1.9049,4.8242,0.1152,0.0541,0.1680,0.3770,1.5373,0.1117,0.1450,0.0117,0.0249,0.5532,1.1668,-0.0000,0.1900,0.1729,0.0030,11.3597
1786332715.72,34.523,34.171,35.539,33.382,32.929,32.953,31.671,33.867,34.148,34.242,33.726,33.945,32.828,32.218,33.226,0.8050,0.8087,0.7988,0.8013,0.8000,0.8013,1.5025,1.5000,1.8000,1.7963,3.3150,1.2000,1.1013,0.0037,0.8775,1.2025,1.4938,1.3524,4.7999,0.1110,0.0545,0.1676,0.3706,1.5476,0.1103,0.1431,0.0117,0.0232,0.5526,1.1673,-0.0000,0.1909,0.1729,0.0030,10.7784
1786332716.72,34.718,34.320,35.539,33.054,32.960,32.789,31.617,34.390,33.921,33.500,33.835,34.039,32.515,32.578,33.007,0.8037,0.8087,0.7988,0.8013,0.7988,0.8013,1.5025,1.4988,1.8013,1.7963,3.3150,1.2000,1.1000,0.0025,0.8788,1.2012,1.4938,1.4709,4.8080,0.1174,0.0545,0.1673,0.3714,1.5371,0.1102,0.1450,0.0117,0.0232,0.5556,1.1649,0.0000,0.1922,0.1697,0.0022,10.9012
1786332717.72,34.601,34.156,35.539,33.296,32.890,33.218,31.281,34.171,34.242,33.703,33.796,34.226,32.234,32.187,32.984,0.8037,0.8087,0.8000,0.8000,0.7988,0.8013,1.5025,1.5000,1.8013,1.7950,3.3150,1.2000,1.1000,0.0037,0.8788,1.2025,1.4938,1.4950,4.8121,0.1128,0.0544,0.1673,0.3694,1.5363,0.1110,0.1450,0.0126,0.0249,0.5526,1.1643,-0.0000,0.1911,0.1714,0.0030,10.9231
1786332718.72,34.429,34.265,35.539,32.929,33.007,32.640,31.757,34.031,34.265,33.921,33.515,33.882,32.953,32.343,32.953,0.8037,0.8100,0.8013,0.8013,0.7988,0.8013,1.5025,1.5000,1.8000,1.7963,3.3150,1.2012,1.1013,0.0037,0.8788,1.2025,1.4938,2.0013,4.8317,0.1142,0.0545,0.1673,0.3650,1.5416,0.1110,0.1440,0.0126,0.0232,0.5520,1.1668,0.0000,0.1944,0.1714,0.0030,11.4538
1786332719.72,34.250,34.265,35.539,32.828,32.789,32.859,31.476,34.085,33.593,33.500,33.523,33.734,32.234,32.226,32.625,0.8037,0.8100,0.7988,0.8013,0.7988,0.8025,1.5012,1.5000,1.8000,1.7963,3.3150,1.2000,1.1013,0.0037,0.8775,1.2038,1.4950,1.7843,4.8357,0.1114,0.0549,0.1669,0.3696,1.5320,0.1103,0.1440,0.0126,0.0232,0.5532,1.1657,-0.0000,0.1909,0.1700,0.0030,11.2276
1786332720.72,34.500,34.085,35.539,33.000,33.078,33.015,31.882,33.906,34.367,33.820,34.179,34.023,32.289,32.179,32.875,0.8037,0.8087,0.7988,0.8000,0.7988,0.8013,1.5025,1.5000,1.8013,1.7963,3.3150,1.2000,1.1013,0.0037,0.8788,1.2025,1.4950,1.7843,4.8040,0.1178,0.0540,0.1677,0.3626,1.5378,0.1095,0.1432,0.0126,0.0232,0.5586,1.1657,-0.0000,0.1922,0.1729,0.0030,11.2090
1786332721.72,34.687,34.164,35.539,33.382,33.367,32.812,31.437,34.070,33.992,33.539,33.945,34.148,32.421,32.226,32.742,0.8050,0.8087,0.7988,0.8000,0.8000,0.8013,1.5025,1.5012,1.8025,1.7950,3.3150,1.2000,1.1000,0.0037,0.8775,1.2038,1.4938,1.3524,4.8121,0.1158,0.0540,0.1676,0.3718,1.5468,0.1103,0.1433,0.0126,0.0215,0.5562,1.1649,-0.0000,0.1909,0.1715,0.0030,10.7947
1786332722.72,34.414,34.382,35.539,32.945,33.421,32.968,31.656,33.960,33.742,33.671,33.609,33.453,32.929,32.398,32.820,0.8025,0.8100,0.7988,0.7988,0.7988,0.8013,1.5025,1.5000,1.8000,1.7963,3.3150,1.2000,1.1013,0.0025,0.8788,1.2025,1.4938,2.0705,4.8236,0.1158,0.0543,0.1673,0.3686,1.5363,0.1095,0.1431,0.0126,0.0232,0.5538,1.1657,-0.0000,0.1900,0.1729,0.0030,11.5101
1786332723.72,34.710,34.492,35.539,33.156,33.187,32.734,31.820,34.109,33.562,33.929,33.453,33.460,32.718,32.257,32.671,0.8037,0.8087,0.7988,0.8013,0.7988,0.8000,1.5025,1.4988,1.8000,1.7950,3.3138,1.2012,1.1013,0.0037,0.8788,1.2025,1.4938,1.4226,4.8080,0.1174,0.0545,0.1669,0.3700,1.5483,0.1102,0.1440,0.0117,0.0232,0.5538,1.1651,-0.0000,0.1933,0.1729,0.0022,10.8642
1786332724.72,34.460,34.367,35.539,32.882,33.117,32.523,31.398,34.398,33.812,33.882,34.171,33.320,32.609,32.273,33.164,0.8037,0.8100,0.7975,0.8000,0.7988,0.8013,1.5025,1.5000,1.8013,1.7963,3.3150,1.2012,1.1013,0.0037,0.8788,1.2025,1.4938,1.0851,4.8195,0.1180,0.0540,0.1669,0.3694,1.5378,0.1110,0.1441,0.0126,0.0232,0.5550,1.1657,-0.0000,0.1922,0.1714,0.0030,10.5288
1786332725.72,34.945,34.031,35.539,33.093,33.148,32.898,32.179,33.726,34.210,33.421,33.906,33.546,32.726,32.578,32.632,0.8037,0.8087,0.8000,0.8000,0.7988,0.8013,1.5025,1.4988,1.8025,1.7963,3.3125,1.2000,1.1025,0.0037,0.8775,1.2025,1.4938,1.0127,4.8323,0.1116,0.0544,0.1669,0.5240,1.5386,0.1109,0.1442,0.0126,0.0248,0.5580,1.1675,-0.0000,0.1898,0.1714,0.0037,10.6234
1786332726.72,34.523,34.328,35.539,33.406,33.140,32.796,31.585,33.726,34.046,34.101,33.937,33.992,32.445,31.945,32.945,0.8037,0.8087,0.7988,0.8000,0.7988,0.8025,1.5025,1.5000,1.8013,1.7950,3.3150,1.2000,1.1013,0.0025,0.8788,1.2025,1.4938,1.5914,4.8161,0.1118,0.0540,0.1673,0.3760,1.5378,0.1110,0.1432,0.0117,0.0249,0.5526,1.1662,-0.0000,0.1900,0.1714,0.0022,11.0277
1786332727.72,34.273,34.046,35.539,32.898,33.023,33.039,31.718,33.960,34.156,33.484,33.812,33.781,32.132,32.148,33.054,0.8037,0.8087,0.7975,0.8000,0.7988,0.8013,1.5012,1.4988,1.8013,1.7950,3.3150,1.2000,1.1000,0.0025,0.8775,1.2025,1.4938,2.0496,4.8202,0.1148,0.0544,0.1673,0.3686,1.5343,0.1094,0.1441,0.0126,0.0249,0.5526,1.1649,-0.0000,0.1931,0.1729,0.0030,11.4865
1786332728.72,34.476,33.953,35.539,33.265,32.945,32.585,31.703,33.835,33.984,34.062,33.515,33.773,32.632,32.156,33.039,0.8050,0.8087,0.7988,0.8013,0.7988,0.8013,1.5025,1.5000,1.8013,1.7950,3.3150,1.2000,1.1000,0.0037,0.8788,1.2025,1.4938,1.8113,4.7999,0.1110,0.0545,0.1673,0.3746,1.5386,0.1118,0.1441,0.0126,0.0232,0.5508,1.1643,-0.0000,0.1922,0.1714,0.0022,11.2298
1786332729.72,34.234,33.796,35.539,33.109,33.187,32.906,31.976,33.859,33.953,33.726,33.187,34.507,32.554,32.554,32.734,0.8037,0.8087,0.8000,0.8000,0.7988,0.8013,1.5025,1.4988,1.8013,1.7950,3.3138,1.2012,1.1013,0.0037,0.8775,1.2025,1.4950,1.3744,4.8080,0.1116,0.0540,0.1673,0.3690,1.5333,0.1102,0.1441,0.0126,0.0215,0.5514,1.1668,-0.0000,0.1920,0.1729,0.0030,10.7920
1786332730.72,34.390,34.265,35.539,33.171,33.085,32.648,31.960,34.007,33.812,33.789,33.898,33.734,32.390,32.468,32.585,0.8037,0.8087,0.7988,0.8000,0.7988,0.8025,1.5025,1.5000,1.8013,1.7963,3.3163,1.2000,1.1013,0.0037,0.8775,1.2025,1.4938,1.5673,4.8161,0.1166,0.0540,0.1673,0.3667,1.5416,0.1110,0.1432,0.0126,0.0249,0.5520,1.1668,-0.0000,0.1909,0.1714,0.0030,11.0053
1786332731.72,34.578,34.281,35.539,33.296,33.500,32.796,31.554,34.281,34.296,33.531,33.976,33.953,32.359,32.039,32.937,0.8037,0.8100,0.7988,0.8013,0.7988,0.8000,1.5000,1.4988,1.8000,1.7963,3.3138,1.2000,1.1025,0.0050,0.8775,1.2025,1.4938,1.4468,4.8236,0.1158,0.0545,0.1673,0.3680,1.5390,0.1109,0.1431,0.0126,0.0232,0.5532,1.1687,-0.0000,0.1920,0.1714,0.0030,10.8929
1786332732.72,34.414,34.171,35.539,33.148,33.203,32.757,31.773,33.625,34.148,33.703,33.960,33.656,32.609,32.445,33.289,0.8037,0.8087,0.8000,0.8013,0.7988,0.8013,1.5025,1.5000,1.8013,1.7963,3.3163,1.2000,1.1000,0.0037,0.8788,1.2025,1.4950,1.8084,4.8202,0.1132,0.0545,0.1673,0.3694,1.5401,0.1103,0.1432,0.0126,0.0232,0.5502,1.1660,-0.0000,0.1900,0.1714,0.0030,11.2429
1786332733.72,34.687,34.132,35.539,33.234,33.156,32.632,31.257,33.414,34.570,33.656,33.875,34.085,32.882,32.382,32.906,0.8037,0.8087,0.8000,0.7988,0.8000,0.8000,1.5025,1.5000,1.8013,1.7963,3.3138,1.2012,1.1013,0.0050,0.8788,1.2025,1.4938,1.8326,4.8080,0.1172,0.0543,0.1680,0.3608,1.5446,0.1103,0.1450,0.0117,0.0265,0.5538,1.1662,-0.0000,0.1900,0.1699,0.0030,11.2617
1786332734.72,34.304,34.023,35.539,33.484,33.421,32.921,31.335,34.031,33.953,33.765,33.671,33.710,32.570,32.789,32.281,0.8050,0.8087,0.8000,0.7988,0.7988,0.8013,1.5025,1.5000,1.8000,1.7963,3.3150,1.2012,1.1000,0.0037,0.8788,1.2025,1.4938,1.7630,4.8282,0.1084,0.0539,0.1677,0.3634,1.5371,0.1110,0.1449,0.0126,0.0232,0.5544,1.1643,-0.0000,0.1922,0.1714,0.0030,11.1986
1786332735.72,34.382,34.671,35.539,33.312,33.132,32.546,31.539,33.609,33.851,33.726,33.718,33.718,32.218,32.164,32.781,0.8025,0.8087,0.7975,0.8000,0.7988,0.8000,1.5012,1.5000,1.8000,1.7950,3.3150,1.2012,1.1013,0.0025,0.8775,1.2025,1.4938,2.1667,4.8121,0.1160,0.0544,0.1673,0.3688,1.5455,0.1110,0.1431,0.0126,0.0232,0.5526,1.1662,-0.0000,0.1909,0.1714,0.0030,11.6048
1786332736.72,34.195,34.234,35.539,33.289,33.367,33.023,31.218,33.976,33.445,33.804,33.554,33.492,32.492,32.281,32.562,0.8050,0.8087,0.7988,0.8013,0.7988,0.8013,1.5038,1.5000,1.8013,1.7975,3.3138,1.2000,1.1013,0.0037,0.8788,1.2025,1.4938,1.5456,4.8121,0.1126,0.0541,0.1673,0.3690,1.5376,0.1103,0.1441,0.0126,0.0232,0.5556,1.1668,-0.0000,0.1900,0.1714,0.0030,10.9751
1786332737.72,34.414,34.132,35.539,33.085,33.617,32.468,31.125,34.078,34.414,33.921,33.421,34.007,31.976,32.382,32.859,0.8037,0.8087,0.8000,0.8000,0.7988,0.8013,1.5025,1.5000,1.8013,1.7963,3.3150,1.2000,1.1013,0.0025,0.8775,1.2038,1.4938,1.1333,4.8161,0.1128,0.0544,0.1673,0.3746,1.5356,0.1095,0.1432,0.0135,0.0232,0.5508,1.1657,-0.0000,0.1898,0.1730,0.0030,10.5657
1786332738.72,34.320,34.140,35.539,33.328,32.851,32.882,31.984,34.140,34.281,33.906,33.890,34.007,32.710,32.054,32.648,0.8037,0.8100,0.8000,0.8000,0.8000,0.8013,1.5025,1.4988,1.8000,1.7963,3.3138,1.2000,1.1013,0.0037,0.8788,1.2025,1.4925,2.0013,4.8276,0.1144,0.0544,0.1672,0.3738,1.5371,0.1102,0.1449,0.0126,0.0232,0.5538,1.1657,0.0000,0.1911,0.1699,0.0030,11.4500
1786332739.72,34.437,34.109,35.539,33.421,33.367,32.765,31.578,33.945,33.859,33.921,33.937,33.750,32.570,32.039,32.859,0.8037,0.8087,0.8000,0.8013,0.8000,0.8013,1.5038,1.4988,1.8013,1.7950,3.3150,1.2000,1.1013,0.0037,0.8775,1.2038,1.4938,1.4709,4.8282,0.1144,0.0549,0.1676,0.3702,1.5398,0.1102,0.1450,0.0126,0.0232,0.5538,1.1673,-0.0000,0.1909,0.1715,0.0022,10.9227
1786332740.72,34.468,34.421,35.539,33.101,33.156,33.242,31.507,34.054,33.828,33.882,33.656,34.023,32.875,32.242,32.687,0.8037,0.8100,0.8000,0.8000,0.7988,0.8013,1.5025,1.5000,1.8013,1.7963,3.3138,1.2000,1.1013,0.0050,0.8775,1.2025,1.4950,1.5673,4.8276,0.1148,0.0544,0.1673,0.3682,1.5461,0.1095,0.1441,0.0126,0.0232,0.5508,1.1679,-0.0000,0.1909,0.1729,0.0030,11.0204
1786332741.72,34.539,34.210,35.539,33.210,32.875,33.078,31.523,33.843,34.242,33.867,34.296,33.921,32.203,32.367,32.578,0.8037,0.8087,0.7988,0.8000,0.8000,0.8000,1.5038,1.5000,1.8013,1.7963,3.3150,1.2000,1.1013,0.0050,0.8775,1.2025,1.4938,1.3985,4.8242,0.1130,0.0544,0.1676,0.3696,1.5376,0.1103,0.1432,0.0126,0.0249,0.5496,1.1673,-0.0000,0.1909,0.1714,0.0022,10.8372
1786332742.72,34.765,33.890,35.539,33.187,32.921,32.875,31.750,33.687,34.250,34.015,34.023,33.835,32.476,32.437,32.625,0.8037,0.8075,0.7988,0.8000,0.7988,0.8000,1.5025,1.5000,1.8000,1.7963,3.3150,1.2012,1.1013,0.0037,0.8788,1.2012,1.4938,1.8326,4.8087,0.1154,0.0544,0.1673,0.3672,1.5438,0.1095,0.1440,0.0135,0.0249,0.5550,1.1662,-0.0000,0.1900,0.1712,0.0022,11.2659
1786332743.72,34.226,34.226,35.539,33.382,33.750,32.656,31.578,34.007,34.070,33.773,33.851,33.398,32.437,32.382,32.476,0.8050,0.8100,0.7988,0.8013,0.8000,0.8013,1.5025,1.5000,1.8025,1.7963,3.3138,1.2012,1.1013,0.0037,0.8788,1.2025,1.4938,1.7630,4.8357,0.1198,0.0541,0.1672,0.3702,1.5423,0.1118,0.1433,0.0126,0.0232,0.5514,1.1662,0.0000,0.1911,0.1729,0.0022,11.2269
1786332744.72,34.484,34.218,35.539,33.179,33.078,32.679,31.609,33.750,33.796,33.859,33.710,33.585,32.648,32.375,32.851,0.8037,0.8087,0.8000,0.8013,0.7988,0.8000,1.5012,1.4988,1.8013,1.7963,3.3138,1.2012,1.1013,0.0037,0.8788,1.2025,1.4938,2.1701,4.8242,0.1168,0.0545,0.1673,0.3580,1.5335,0.1094,0.1450,0.0135,0.0232,0.5562,1.1668,-0.0000,0.1911,0.1729,0.0030,11.6055
1786332745.72,34.687,34.187,35.539,32.835,33.179,32.875,31.523,34.031,33.890,33.601,33.609,34.031,32.554,32.671,32.390,0.8050,0.8087,0.8000,0.8000,0.7988,0.8013,1.5025,1.5000,1.8013,1.7963,3.3138,1.2012,1.1013,0.0037,0.8788,1.2025,1.4938,1.3283,4.8080,0.1148,0.0540,0.1673,0.3726,1.5476,0.1110,0.1441,0.0135,0.0215,0.5532,1.1668,-0.0000,0.1900,0.1699,0.0030,10.7655
1786332746.72,34.359,34.117,35.539,33.164,32.734,32.804,31.671,33.632,33.968,33.828,33.867,33.992,32.335,32.062,32.742,0.8037,0.8075,0.7988,0.8000,0.8000,0.8013,1.5012,1.5000,1.8000,1.7963,3.3138,1.2012,1.1000,0.0037,0.8788,1.2038,1.4938,1.3503,4.8127,0.1122,0.0544,0.1676,0.3694,1.5358,0.1095,0.1431,0.0117,0.0249,0.5538,1.1643,-0.0000,0.1900,0.1730,0.0022,10.7749
1786332747.72,34.679,34.546,35.539,33.304,33.000,32.765,31.359,34.015,33.937,33.710,33.773,33.773,32.617,32.578,32.531,0.8037,0.8087,0.7988,0.8000,0.8000,0.8025,1.5025,1.5000,1.8013,1.7950,3.3138,1.2000,1.1013,0.0050,0.8788,1.2038,1.4950,1.3021,4.7999,0.1122,0.0544,0.1676,0.3639,1.5356,0.1095,0.1441,0.0126,0.0232,0.8538,1.1662,-0.0000,0.1911,0.1730,0.0030,11.0123
1786332748.72,34.695,34.531,35.539,33.875,32.882,32.968,31.531,34.046,34.007,33.335,33.789,34.085,32.570,32.476,32.976,0.8025,0.8100,0.7975,0.8013,0.8013,0.8025,1.5025,1.5012,1.8025,1.7950,3.3163,1.2000,1.1013,0.0037,0.8788,1.2025,1.4938,1.8778,4.8276,0.1188,0.0545,0.1683,0.3724,1.5378,0.1103,0.1433,0.0126,0.0216,0.5556,1.1668,-0.0000,0.1900,0.1714,0.0030,11.3317
1786332749.72,34.507,33.984,35.539,33.125,33.335,32.859,31.625,33.875,33.757,33.796,33.851,33.742,32.546,32.335,33.085,0.8037,0.8087,0.8000,0.8000,0.7988,0.8013,1.5025,1.4988,1.8013,1.7963,3.3150,1.2000,1.1013,0.0037,0.8788,1.2025,1.4950,1.8084,4.8161,0.1140,0.0540,0.1677,0.3630,1.5386,0.1102,0.1441,0.0126,0.0249,0.5526,1.1662,-0.0000,0.1900,0.1729,0.0030,11.2382
1786332750.72,34.531,34.515,35.539,33.531,33.062,33.039,31.742,34.484,34.226,33.609,33.679,34.148,32.570,32.039,32.515,0.8037,0.8100,0.7988,0.8000,0.8000,0.8013,1.5025,1.5000,1.8000,1.7963,3.3150,1.2000,1.1013,0.0037,0.8788,1.2025,1.4938,2.3871,4.8276,0.1154,0.0544,0.1676,0.3758,1.5468,0.1110,0.1449,0.0117,0.0265,0.5634,1.1662,-0.0000,0.1911,0.1714,0.0037,11.8647
1786332751.72,34.648,34.312,35.539,33.195,32.687,32.914,31.507,33.804,34.078,33.640,33.656,33.804,32.593,32.632,33.062,0.8037,0.8100,0.7988,0.8000,0.7988,0.8013,1.5012,1.4988,1.7988,1.7950,3.3150,1.2000,1.1013,0.0025,0.8788,1.2025,1.4938,1.6638,4.8195,0.1130,0.0540,0.1669,0.3726,1.5350,0.1094,0.1430,0.0126,0.0215,0.5520,1.1662,-0.0000,0.1900,0.1714,0.0030,11.0939
1786332752.72,34.500,34.148,35.539,33.359,33.406,32.781,31.414,33.906,33.867,33.906,34.031,33.562,32.265,32.085,32.562,0.8037,0.8087,0.8000,0.8000,0.8000,0.8013,1.5025,1.4988,1.8025,1.7963,3.3138,1.2012,1.1013,0.0037,0.8775,1.2038,1.4950,1.7602,4.8161,0.1184,0.0540,0.1676,0.3702,1.5468,0.1109,0.1442,0.0117,0.0249,0.5562,1.1662,-0.0000,0.1909,0.1715,0.0030,11.2127
1786332753.72,34.328,34.289,35.539,33.125,32.585,32.875,32.203,34.078,34.265,33.929,33.781,34.164,32.773,32.632,32.921,0.8037,0.8100,0.8000,0.8013,0.7975,0.8013,1.5025,1.5000,1.8013,1.7963,3.3150,1.2000,1.1013,0.0037,0.8788,1.2038,1.4938,1.3744,4.8073,0.1124,0.0541,0.1663,0.3586,1.5378,0.1118,0.1441,0.0126,0.0249,0.5532,1.1657,-0.0000,0.1911,0.1730,0.0030,10.7902
1786332754.72,34.296,34.000,35.539,33.460,33.187,33.031,31.554,33.906,34.015,33.570,33.539,34.062,32.648,32.195,33.148,0.8037,0.8087,0.8000,0.8025,0.7988,0.8000,1.5025,1.5000,1.8013,1.7950,3.3150,1.2000,1.1013,0.0037,0.8775,1.2038,1.4938,1.9531,4.8121,0.1132,0.0546,0.1669,0.3740,1.5333,0.1088,0.1432,0.0117,0.0232,0.5520,1.1657,-0.0000,0.1898,0.1730,0.0030,11.3775
1786332755.72,34.804,34.140,35.539,33.078,33.250,32.937,31.531,34.140,34.210,34.070,33.906,34.210,32.187,32.382,32.781,0.8037,0.8100,0.8000,0.8013,0.7975,0.8000,1.5012,1.4988,1.8025,1.7963,3.3138,1.2000,1.1025,0.0025,0.8788,1.2025,1.4938,1.5914,4.8195,0.1184,0.0541,0.1671,0.3728,1.5395,0.1102,0.1433,0.0126,0.0232,0.5520,1.1670,-0.0000,0.1911,0.1729,0.0030,11.0380
1786332756.72,34.273,34.500,35.539,33.156,33.242,33.390,31.203,34.195,34.148,34.101,33.851,33.929,32.531,32.117,32.976,0.8037,0.8087,0.8000,0.8000,0.7975,0.8000,1.5012,1.5000,1.8013,1.7975,3.3138,1.2000,1.1013,0.0050,0.8788,1.2025,1.4938,1.4950,4.8161,0.1124,0.0536,0.1671,0.3644,1.5335,0.1110,0.1450,0.0126,0.0249,0.5538,1.1657,-0.0000,0.1889,0.1699,0.0022,10.9160
1786332757.72,34.679,34.265,35.539,33.304,32.812,32.632,31.710,34.085,33.796,33.781,33.796,34.210,32.523,32.484,33.109,0.8037,0.8087,0.7988,0.8000,0.7988,0.8013,1.5012,1.5000,1.8013,1.7950,3.3150,1.2012,1.1013,0.0037,0.8800,1.2038,1.4938,2.2184,4.8161,0.1082,0.0544,0.1673,0.3746,1.5365,0.1095,0.1450,0.0117,0.0232,0.5520,1.1668,-0.0000,0.1925,0.1700,0.0030,11.6492
1786332758.72,34.531,34.109,35.539,32.906,33.328,33.007,32.078,33.734,34.046,33.757,34.359,33.531,32.281,32.796,32.515,0.8037,0.8087,0.8000,0.8000,0.7988,0.8025,1.5025,1.4988,1.8000,1.7975,3.3150,1.2012,1.1013,0.0037,0.8775,1.2038,1.4938,1.3262,4.8242,0.1168,0.0544,0.1673,0.3696,1.5356,0.1094,0.1449,0.0126,0.0232,0.5544,1.1657,-0.0000,0.1898,0.1730,0.0030,10.7700
1786332759.72,34.375,34.281,35.539,33.507,33.117,32.859,31.710,34.054,34.000,33.367,33.882,33.796,32.242,32.867,32.343,0.8037,0.8075,0.7988,0.8000,0.7988,0.8013,1.5012,1.5000,1.8013,1.7963,3.3150,1.2000,1.1013,0.0025,0.8788,1.2038,1.4938,2.0013,4.8087,0.1142,0.0544,0.1669,0.3750,1.5365,0.1103,0.1423,0.0126,0.0232,0.5538,1.1662,-0.0000,0.1900,0.1700,0.0030,11.4285
1786332760.72,34.312,34.398,35.539,33.117,32.835,32.265,31.882,33.992,34.039,34.031,34.015,33.664,32.484,32.429,32.929,0.8037,0.8087,0.8000,0.8000,0.7988,0.8000,1.5025,1.5000,1.8013,1.7963,3.3138,1.2000,1.1013,0.0025,0.8788,1.2038,1.4938,1.7120,4.8161,0.1172,0.0544,0.1673,0.3688,1.5468,0.1103,0.1441,0.0126,0.0232,0.5532,1.1662,-0.0000,0.1911,0.1715,0.0030,11.1578
1786332761.72,34.343,34.234,35.539,33.328,33.054,32.875,31.765,33.718,33.734,33.570,33.734,34.328,32.679,32.734,33.054,0.8025,0.8087,0.8000,0.8000,0.7988,0.8000,1.5025,1.4988,1.8013,1.7963,3.3150,1.2000,1.1013,0.0037,0.8775,1.2025,1.4938,2.0945,4.7999,0.1184,0.0540,0.1673,0.3716,1.5371,0.1102,0.1441,0.0135,0.0232,0.5508,1.1662,-0.0000,0.1887,0.1729,0.0022,11.5146
1786332762.72,34.148,34.257,35.539,33.304,33.187,33.187,31.296,33.953,34.570,34.140,33.835,33.671,32.515,32.546,32.796,0.8025,0.8100,0.7988,0.8013,0.8000,0.8013,1.5025,1.5000,1.8013,1.7963,3.3150,1.2012,1.1013,0.0037,0.8788,1.2025,1.4925,1.8056,4.8236,0.1138,0.0545,0.1676,0.3762,1.5461,0.1118,0.1441,0.0126,0.0232,0.5544,1.1673,-0.0000,0.1889,0.1714,0.0030,11.2639
1786332763.72,34.617,34.187,35.539,33.570,32.781,32.585,31.718,33.921,34.187,34.085,33.835,33.695,32.742,32.867,32.914,0.8037,0.8100,0.7988,0.8013,0.7975,0.8000,1.5025,1.4988,1.7988,1.7950,3.3138,1.2000,1.1013,0.0037,0.8788,1.2025,1.4938,1.9290,4.8317,0.1126,0.0545,0.1675,0.3684,1.5356,0.1094,0.1448,0.0126,0.0232,0.5538,1.1673,-0.0000,0.1922,0.1729,0.0030,11.3784
1786332764.72,34.546,34.085,35.539,33.203,32.804,32.804,31.710,34.203,34.132,33.867,33.875,33.570,32.796,32.578,33.125,0.8037,0.8087,0.7988,0.8013,0.7988,0.8013,1.5025,1.4988,1.8000,1.7963,3.3138,1.2000,1.1000,0.0037,0.8788,1.2025,1.4938,2.0737,4.8161,0.1134,0.0545,0.1673,0.3702,1.5341,0.1094,0.1440,0.0126,0.0232,0.5532,1.1638,0.0000,0.1922,0.1714,0.0030,11.5020
1786332765.72,34.781,34.171,35.539,33.273,33.460,32.984,31.554,33.656,34.460,33.789,34.085,34.187,32.601,32.492,32.734,0.8037,0.8087,0.7988,0.8013,0.7988,0.8013,1.5012,1.4988,1.8013,1.7950,3.3138,1.2000,1.1013,0.0037,0.8788,1.2038,1.4925,1.3985,4.8202,0.1098,0.0545,0.1673,0.3690,1.5373,0.1102,0.1432,0.0117,0.0232,0.5508,1.1662,-0.0000,0.1911,0.1730,0.0022,10.8282
1786332766.72,34.484,34.304,35.539,32.875,32.765,32.585,31.765,33.867,33.656,33.765,33.929,33.710,32.171,32.562,32.640,0.8037,0.8075,0.8000,0.8013,0.7975,0.8013,1.5025,1.4988,1.8013,1.7950,3.3138,1.2000,1.1000,0.0037,0.8788,1.2025,1.4938,1.6155,4.7965,0.1108,0.0541,0.1671,0.3734,1.5333,0.1094,0.1450,0.0117,0.0232,0.5532,1.1643,-0.0000,0.1911,0.1699,0.0030,11.0215
1786332767.72,34.593,34.484,35.539,33.296,32.984,33.062,31.695,34.484,33.898,33.835,33.390,34.156,32.585,32.734,32.664,0.8037,0.8087,0.7988,0.8000,0.7988,0.8013,1.5025,1.5012,1.8013,1.7963,3.3138,1.2012,1.1013,0.0037,0.8788,1.2012,1.4938,0.4823,4.8161,0.1166,0.0548,0.1673,0.3626,1.5386,0.1096,0.1432,0.0117,0.0232,0.5526,1.1651,-0.0000,0.1900,0.1712,0.0022,9.9070
1786332768.72,34.531,34.398,35.539,33.109,33.054,32.437,31.906,34.406,34.609,33.507,33.875,34.351,32.562,32.531,32.914,0.8037,0.8087,0.7988,0.8013,0.7988,0.8000,1.5012,1.5000,1.8025,1.7963,3.3138,1.2012,1.1000,0.0037,0.8775,1.2025,1.4938,1.5914,4.8242,0.1138,0.0549,0.1677,0.3660,1.5328,0.1095,0.1433,0.0126,0.0215,0.5544,1.1660,-0.0000,0.1909,0.1714,0.0045,11.0248
1786332769.72,34.500,34.265,35.539,33.195,33.226,32.953,31.296,33.890,34.117,33.773,34.007,34.265,32.937,32.671,32.820,0.8037,0.8087,0.8000,0.8013,0.7988,0.8000,1.5025,1.5000,1.8000,1.7963,3.3150,1.2000,1.1025,0.0037,0.8788,1.2038,1.4938,2.0496,4.8161,0.1140,0.0541,0.1673,0.3692,1.5371,0.1103,0.1431,0.0126,0.0232,0.5538,1.1670,-0.0000,0.1933,0.1700,0.0030,11.4836
1786332770.72,34.648,34.234,35.539,33.328,33.546,33.242,31.867,33.953,34.132,33.515,33.773,33.960,32.843,32.492,32.953,0.8037,0.8087,0.8000,0.8013,0.8000,0.8013,1.5025,1.5000,1.8013,1.7963,3.3150,1.2012,1.1013,0.0037,0.8775,1.2038,1.4938,2.0013,4.8242,0.1140,0.0541,0.1676,0.3674,1.5476,0.1110,0.1441,0.0135,0.0215,0.5538,1.1673,-0.0000,0.1876,0.1715,0.0022,11.4487
1786332771.72,34.414,34.328,35.539,33.648,33.476,32.867,31.765,34.257,34.039,33.992,33.507,34.359,32.523,32.695,32.773,0.8050,0.8087,0.7975,0.8000,0.7975,0.8025,1.5025,1.5000,1.8013,1.7963,3.3150,1.2012,1.1013,0.0050,0.8775,1.2025,1.4925,1.9320,4.8121,0.1148,0.0544,0.1671,0.3748,1.5378,0.1103,0.1441,0.0126,0.0249,0.5562,1.1662,-0.0000,0.1898,0.1699,0.0030,11.3697
1786332772.72,34.796,34.367,35.539,33.265,32.984,32.890,31.757,34.117,33.679,34.031,33.953,34.078,32.593,32.578,33.000,0.8037,0.8100,0.8000,0.8000,0.7988,0.8013,1.5025,1.5000,1.8025,1.7950,3.3138,1.2000,1.1013,0.0037,0.8775,1.2025,1.4950,2.0496,4.8195,0.1148,0.0544,0.1669,0.3718,1.5461,0.1110,0.1442,0.0126,0.0232,0.5502,1.1673,-0.0000,0.1920,0.1729,0.0030,11.4993
1786332773.72,34.632,34.312,35.539,33.070,33.210,32.875,32.171,34.312,34.289,33.539,33.812,33.632,32.531,32.453,32.929,0.8050,0.8100,0.7975,0.8013,0.7975,0.8000,1.5012,1.4988,1.8000,1.7963,3.3138,1.2012,1.1000,0.0037,0.8788,1.2038,1.4938,1.4973,4.8114,0.1132,0.0541,0.1671,0.3684,1.5350,0.1094,0.1440,0.0126,0.0232,0.5538,1.1655,-0.0000,0.1911,0.1730,0.0030,10.9221
1786332774.72,34.593,34.484,35.539,33.312,33.359,32.804,31.382,33.843,33.828,34.164,33.625,34.101,32.976,32.648,32.835,0.8037,0.8063,0.7988,0.8000,0.7988,0.8013,1.5025,1.5000,1.8013,1.7963,3.3150,1.2012,1.1025,0.0050,0.8788,1.2025,1.4938,1.8567,4.8093,0.1150,0.0544,0.1673,0.3750,1.5356,0.1110,0.1441,0.0126,0.0232,0.5526,1.1687,-0.0000,0.1922,0.1714,0.0030,11.2919
1786332775.72,34.429,34.375,35.539,33.140,33.218,32.976,31.617,34.375,34.343,33.992,33.835,33.742,32.476,32.273,33.210,0.8037,0.8100,0.7988,0.8000,0.7988,0.8013,1.5025,1.5000,1.8013,1.7950,3.3150,1.2012,1.1000,0.0025,0.8788,1.2025,1.4938,1.1815,4.8317,0.1102,0.0536,0.1673,0.3678,1.5371,0.1095,0.1441,0.0135,0.0232,0.5538,1.1649,-0.0000,0.1900,0.1714,0.0030,10.6225
1786332776.72,34.164,34.320,35.539,33.351,33.601,32.781,31.835,34.460,34.296,33.804,33.601,34.148,32.539,32.617,33.093,0.8037,0.8087,0.8000,0.8013,0.7988,0.8013,1.5025,1.4988,1.8000,1.7963,3.3138,1.2000,1.1013,0.0037,0.8775,1.2038,1.4938,1.6155,4.8121,0.1156,0.0545,0.1673,0.3702,1.5341,0.1109,0.1440,0.0126,0.0232,0.5526,1.1673,-0.0000,0.1909,0.1700,0.0030,11.0437
1786332777.72,34.570,34.148,35.539,33.523,33.289,32.851,31.500,33.617,34.039,33.796,33.570,33.718,32.742,32.679,33.359,0.8063,0.8100,0.8000,0.8013,0.8000,0.8000,1.5025,1.4988,1.8013,1.7963,3.3138,1.2000,1.1013,0.0037,0.8788,1.2025,1.4938,1.8141,4.8276,0.1100,0.0541,0.1676,0.3588,1.5401,0.1102,0.1441,0.0117,0.0232,0.5538,1.1668,-0.0000,0.1900,0.1714,0.0037,11.2470
1786332778.72,34.140,34.007,35.539,33.453,32.828,32.875,31.953,34.226,34.148,33.734,34.062,34.203,32.492,32.500,32.757,0.8037,0.8087,0.7988,0.8000,0.7988,0.8013,1.5038,1.5000,1.8000,1.7963,3.3150,1.2000,1.1013,0.0050,0.8775,1.2025,1.4950,0.6028,4.8242,0.1198,0.0548,0.1673,0.3734,1.5353,0.1103,0.1449,0.0126,0.0249,0.5556,1.1673,-0.0000,0.1909,0.1729,0.0022,10.0591
1786332779.72,34.421,34.273,35.539,33.218,33.406,32.664,31.843,34.257,34.273,33.687,33.812,33.703,32.695,32.312,32.726,0.8037,0.8087,0.7988,0.8013,0.7988,0.8013,1.5012,1.5000,1.8013,1.7963,3.3138,1.2012,1.1025,0.0037,0.8775,1.2025,1.4938,1.6155,4.8202,0.1138,0.0541,0.1673,0.3746,1.5350,0.1095,0.1450,0.0117,0.0232,0.5556,1.1687,-0.0000,0.1909,0.1714,0.0022,11.0586
1786332780.72,34.468,34.460,35.539,33.156,33.054,32.726,31.835,34.226,33.875,34.070,33.953,34.046,32.476,32.562,32.703,0.8050,0.8100,0.8000,0.8013,0.7988,0.8013,1.5025,1.4988,1.8013,1.7963,3.3150,1.2000,1.1013,0.0037,0.8788,1.2025,1.4938,1.3283,4.8276,0.1176,0.0541,0.1669,0.3690,1.5498,0.1109,0.1432,0.0126,0.0232,0.5538,1.1668,-0.0000,0.1900,0.1714,0.0037,10.7889
1786332781.72,34.625,34.312,35.539,32.664,32.968,32.726,31.937,34.312,34.281,34.117,34.265,33.976,32.734,32.484,32.906,0.8037,0.8100,0.7988,0.8000,0.8000,0.8000,1.5025,1.4988,1.8000,1.7975,3.3150,1.2012,1.1000,0.0037,0.8775,1.2025,1.4938,2.0013,4.8195,0.1150,0.0544,0.1672,0.3720,1.5371,0.1102,0.1449,0.0126,0.0232,0.5562,1.1649,-0.0000,0.1898,0.1714,0.0030,11.4425
1786332782.72,34.171,34.125,35.539,33.070,33.007,33.148,31.476,34.375,33.984,33.281,33.648,34.187,32.929,32.367,33.132,0.8050,0.8087,0.7988,0.8013,0.7988,0.8013,1.5012,1.5000,1.8013,1.7963,3.3150,1.2012,1.1013,0.0037,0.8788,1.2025,1.4950,1.5456,4.8282,0.1162,0.0545,0.1673,0.3686,1.5470,0.1110,0.1450,0.0108,0.0215,0.5556,1.1668,-0.0000,0.1900,0.1729,0.0022,11.0033
1786332783.72,34.703,34.054,35.539,33.468,33.117,33.007,32.203,34.343,34.046,33.718,34.148,34.093,32.773,32.375,32.921,0.8037,0.8087,0.7988,0.8000,0.8000,0.8013,1.5025,1.4988,1.8013,1.7963,3.3150,1.2012,1.1013,0.0037,0.8788,1.2038,1.4938,1.9772,4.8323,0.1158,0.0544,0.1676,0.3598,1.5491,0.1117,0.1441,0.0117,0.0232,0.5574,1.1673,-0.0000,0.1889,0.1700,0.0030,11.4334
1786332784.72,34.531,34.132,35.539,33.625,32.828,32.906,31.617,34.039,34.117,33.851,33.453,34.218,32.093,32.179,32.679,0.8037,0.8100,0.8000,0.8013,0.7988,0.8013,1.5025,1.5000,1.8000,1.7963,3.3150,1.2012,1.1000,0.0037,0.8775,1.2038,1.4925,1.7361,4.8155,0.1168,0.0541,0.1673,0.3742,1.5371,0.1110,0.1440,0.0117,0.0232,0.5556,1.1655,-0.0000,0.1920,0.1730,0.0030,11.1799
1786332785.72,34.343,34.429,35.539,33.078,33.101,32.906,31.492,34.429,34.015,33.843,33.984,34.226,32.500,32.796,33.085,0.8037,0.8087,0.8000,0.8000,0.7988,0.8013,1.5025,1.4988,1.8013,1.7950,3.3150,1.2012,1.1013,0.0037,0.8788,1.2025,1.4938,1.3985,4.8242,0.1128,0.0544,0.1673,0.3706,1.5378,0.1094,0.1432,0.0135,0.0232,0.5550,1.1679,-0.0000,0.1911,0.1699,0.0022,10.8410
1786332786.72,34.367,34.500,35.539,32.937,32.757,33.289,31.539,34.421,33.937,34.007,33.664,34.171,32.492,32.875,32.500,0.8037,0.8087,0.8000,0.8000,0.7988,0.8013,1.5025,1.5000,1.8013,1.7963,3.3150,1.1987,1.1025,0.0025,0.8788,1.2025,1.4938,2.0496,4.8323,0.1116,0.0544,0.1673,0.3746,1.5333,0.1110,0.1432,0.0117,0.0232,0.5514,1.1675,-0.0000,0.1911,0.1714,0.0030,11.4966
1786332787.72,34.601,34.375,35.539,33.671,33.289,32.812,31.757,34.101,34.265,33.570,33.937,34.101,32.390,32.835,32.734,0.8037,0.8087,0.8000,0.8013,0.8000,0.8013,1.5025,1.5000,1.8013,1.7950,3.3150,1.2000,1.1000,0.0050,0.8788,1.2025,1.4938,1.2056,4.8282,0.1196,0.0541,0.1676,0.3694,1.5393,0.1103,0.1450,0.0126,0.0232,0.5544,1.1655,-0.0000,0.1889,0.1729,0.0037,10.6602
1786332788.72,34.335,34.375,35.539,33.445,33.234,33.218,31.757,34.289,33.976,33.757,33.531,34.375,32.445,32.335,33.070,0.8037,0.8100,0.7988,0.8000,0.7975,0.8013,1.5025,1.5000,1.8025,1.7963,3.3150,1.2012,1.1000,0.0037,0.8788,1.2038,1.4938,1.6155,4.8236,0.1178,0.0536,0.1671,0.3714,1.5341,0.1095,0.1442,0.0126,0.0232,0.5514,1.1649,-0.0000,0.1911,0.1715,0.0037,11.0552
1786332789.72,34.609,34.148,35.539,32.695,33.367,33.171,31.484,33.890,34.320,33.820,33.945,34.015,32.500,32.765,33.179,0.8037,0.8087,0.7975,0.8000,0.8000,0.8013,1.5025,1.5000,1.8013,1.7950,3.3150,1.2012,1.1013,0.0025,0.8788,1.2038,1.4938,1.8567,4.8242,0.1105,0.0544,0.1680,0.3698,1.5363,0.1110,0.1450,0.0126,0.0232,0.5556,1.1668,-0.0000,0.1922,0.1715,0.0030,11.3007
1786332790.72,34.429,34.539,35.539,33.281,32.960,32.609,31.765,33.664,34.539,34.078,33.867,33.757,32.320,32.390,32.820,0.8037,0.8075,0.7988,0.8000,0.7988,0.8013,1.5025,1.5000,1.8025,1.7963,3.3150,1.2000,1.1013,0.0037,0.8788,1.2025,1.4938,1.8808,4.8288,0.1134,0.0544,0.1677,0.3686,1.5491,0.1118,0.1433,0.0126,0.0232,0.5508,1.1673,-0.0000,0.1911,0.1714,0.0030,11.3373
1786332791.72,34.218,34.140,35.539,33.187,33.101,32.937,31.835,33.953,34.062,34.343,33.671,33.742,32.992,32.859,32.703,0.8037,0.8087,0.7988,0.8000,0.7988,0.8013,1.5038,1.4988,1.8025,1.7963,3.3150,1.2012,1.1013,0.0050,0.8775,1.2025,1.4938,2.4354,4.8242,0.1174,0.0544,0.1673,0.3678,1.5376,0.1102,0.1442,0.0126,0.0232,0.5526,1.1662,-0.0000,0.1898,0.1714,0.0022,11.8763
1786332792.72,34.601,34.140,35.539,33.078,33.054,33.242,31.593,34.140,34.039,34.257,33.914,34.148,32.515,32.742,32.742,0.8050,0.8100,0.7988,0.8013,0.7988,0.8000,1.5025,1.4988,1.8013,1.7950,3.3150,1.2000,1.1000,0.0025,0.8788,1.2025,1.4938,1.5939,4.8195,0.1146,0.0549,0.1673,0.3684,1.5468,0.1094,0.1450,0.0135,0.0249,0.5574,1.1649,-0.0000,0.1900,0.1714,0.0037,11.0456
1786332793.72,34.515,34.570,35.539,33.007,33.562,33.234,31.804,33.984,34.164,34.085,34.250,34.179,32.921,32.843,33.046,0.8037,0.8087,0.7988,0.8013,0.7988,0.8013,1.5012,1.5012,1.8013,1.7963,3.3163,1.2000,1.1013,0.0025,0.8800,1.2038,1.4938,2.0737,4.8202,0.1138,0.0545,0.1673,0.3738,1.5350,0.1096,0.1432,0.0126,0.0249,0.5544,1.1657,-0.0000,0.1914,0.1715,0.0022,11.5138
1786332794.72,34.320,34.281,35.539,33.789,33.187,32.734,31.781,34.117,34.101,33.828,33.664,33.687,32.414,32.062,32.968,0.8050,0.8087,0.8000,0.8013,0.7988,0.8000,1.5025,1.5000,1.8013,1.7950,3.3150,1.2000,1.1025,0.0037,0.8788,1.2038,1.4938,1.4490,4.8080,0.1156,0.0545,0.1669,0.3736,1.5468,0.1103,0.1450,0.0135,0.0249,0.5526,1.1675,-0.0000,0.1900,0.1730,0.0022,10.8935
1786332795.72,34.500,34.171,35.539,33.218,33.078,32.812,31.859,33.976,34.359,33.937,34.132,33.773,32.546,32.703,33.039,0.8037,0.8100,0.7988,0.8013,0.8000,0.8013,1.5025,1.4988,1.8013,1.7950,3.3150,1.2000,1.1013,0.0037,0.8775,1.2025,1.4950,2.0013,4.8195,0.1170,0.0545,0.1676,0.3586,1.5371,0.1102,0.1450,0.0135,0.0232,0.5532,1.1668,-0.0000,0.1898,0.1714,0.0022,11.4307
1786332796.72,34.492,34.109,35.539,33.218,32.882,33.140,31.742,33.835,33.960,33.851,33.937,33.882,32.140,32.421,33.210,0.8037,0.8075,0.7988,0.8013,0.7988,0.8013,1.5025,1.5000,1.8013,1.7950,3.3150,1.2012,1.1013,0.0037,0.8788,1.2025,1.4950,2.0013,4.8127,0.1214,0.0545,0.1673,0.3670,1.5341,0.1103,0.1441,0.0126,0.0249,0.5526,1.1662,-0.0000,0.1911,0.1699,0.0037,11.4336
1786332797.72,34.343,34.531,35.539,32.953,33.156,33.226,31.554,34.179,34.031,33.546,33.828,34.125,32.734,32.195,33.078,0.8037,0.8087,0.7988,0.8000,0.8000,0.8013,1.5025,1.5012,1.8013,1.7950,3.3163,1.2012,1.1000,0.0037,0.8788,1.2025,1.4938,1.5191,4.7999,0.1158,0.0540,0.1672,0.3702,1.5416,0.1103,0.1432,0.0126,0.0232,0.5556,1.1649,-0.0000,0.1900,0.1699,0.0030,10.9404
1786332798.72,34.554,34.062,35.539,33.046,33.203,32.687,31.656,33.937,34.062,33.593,33.804,33.578,32.625,32.367,33.007,0.8037,0.8100,0.8000,0.8013,0.7988,0.8013,1.5025,1.4988,1.8013,1.7975,3.3150,1.2012,1.1000,0.0037,0.8788,1.2025,1.4938,1.9531,4.8236,0.1136,0.0541,0.1673,0.3758,1.5333,0.1109,0.1432,0.0117,0.0232,0.5514,1.1655,-0.0000,0.1922,0.1729,0.0015,11.3932
1786332799.72,34.476,34.570,35.539,33.273,33.125,32.929,31.296,33.875,33.945,33.851,33.867,33.898,32.656,33.054,33.414,0.8037,0.8100,0.8000,0.8013,0.7988,0.8013,1.5025,1.5000,1.8013,1.7950,3.3163,1.2012,1.1013,0.0025,0.8788,1.2025,1.4938,1.6638,4.8276,0.1104,0.0545,0.1677,0.3794,1.5371,0.1110,0.1432,0.0126,0.0232,0.5538,1.1673,0.0000,0.1911,0.1714,0.0022,11.1162
1786332800.72,34.437,34.203,35.539,33.312,33.343,32.726,31.742,34.203,34.031,33.718,34.132,34.093,32.117,32.390,33.023,0.8050,0.8087,0.7988,0.8013,0.7988,0.8013,1.5025,1.5000,1.8013,1.7950,3.3163,1.2000,1.1000,0.0037,0.8788,1.2025,1.4938,1.9320,4.8121,0.1146,0.0545,0.1673,0.3670,1.5483,0.1110,0.1441,0.0117,0.0232,0.5568,1.1649,-0.0000,0.1911,0.1714,0.0030,11.3729
1786332801.72,34.226,34.335,35.539,33.179,33.171,33.070,31.765,34.179,34.234,34.000,34.031,34.460,32.679,32.648,33.070,0.8037,0.8087,0.7988,0.8000,0.7988,0.8013,1.5025,1.5000,1.8025,1.7963,3.3138,1.2012,1.1013,0.0025,0.8788,1.2025,1.4938,1.7361,4.8121,0.1146,0.0540,0.1669,0.3726,1.5371,0.1095,0.1442,0.0117,0.0249,0.5556,1.1662,-0.0000,0.1911,0.1729,0.0022,11.1716
1786332802.72,34.625,34.031,35.539,33.218,33.062,33.132,31.429,34.226,33.664,33.828,33.718,33.960,32.250,32.164,33.312,0.8037,0.8087,0.7988,0.8013,0.7988,0.8013,1.5012,1.5000,1.8000,1.7963,3.3150,1.2012,1.1013,0.0050,0.8788,1.2038,1.4938,1.7843,4.8323,0.1138,0.0549,0.1673,0.3690,1.5485,0.1103,0.1431,0.0126,0.0232,0.5550,1.1662,-0.0000,0.1889,0.1715,0.0030,11.2439
1786332803.72,34.242,34.375,35.539,33.156,33.078,32.757,31.406,34.484,34.507,33.929,33.585,33.710,32.320,32.500,33.234,0.8025,0.8100,0.7988,0.8013,0.7988,0.8013,1.5012,1.5000,1.8013,1.7963,3.3163,1.2000,1.1013,0.0037,0.8788,1.2038,1.4938,1.5890,4.8317,0.1158,0.0541,0.1673,0.3678,1.5380,0.1103,0.1450,0.0126,0.0249,0.5574,1.1662,-0.0000,0.1911,0.1715,0.0030,11.0456
1786332804.72,34.531,34.468,35.539,32.734,33.187,32.953,31.679,33.976,33.929,33.906,34.023,34.218,32.687,32.109,32.734,0.8037,0.8100,0.7988,0.8000,0.7988,0.8013,1.5025,1.5000,1.8025,1.7950,3.3150,1.2012,1.1013,0.0025,0.8800,1.2038,1.4938,1.3744,4.8276,0.1150,0.0548,0.1673,0.3702,1.5498,0.1110,0.1442,0.0126,0.0232,0.5550,1.1668,-0.0000,0.1914,0.1730,0.0030,10.8393
1786332805.72,34.406,34.234,35.539,33.328,32.632,33.210,31.765,34.210,34.148,33.984,33.968,33.835,32.804,32.640,33.351,0.8050,0.8087,0.8000,0.8000,0.7975,0.8013,1.5025,1.5000,1.8013,1.7963,3.3138,1.2000,1.1013,0.0037,0.8788,1.2025,1.4938,2.0769,4.8242,0.1136,0.0544,0.1671,0.5489,1.5371,0.1103,0.1441,0.0117,0.0232,0.5550,1.1662,-0.0000,0.1911,0.1714,0.0037,11.6987
1786332806.72,34.515,34.054,35.539,33.398,33.281,32.796,31.867,34.054,33.843,33.843,33.242,34.468,31.992,32.914,32.929,0.8037,0.8087,0.7988,0.8000,0.7988,0.8000,1.5025,1.5000,1.8000,1.7963,3.3138,1.2000,1.1025,0.0037,0.8788,1.2025,1.4938,1.7120,4.8202,0.1126,0.0544,0.1677,0.3444,1.5386,0.1110,0.1431,0.0126,0.0232,0.5544,1.1692,-0.0000,0.1900,0.1714,0.0022,11.1269
1786332807.72,34.203,34.210,35.539,33.046,32.921,33.031,31.554,33.640,33.921,33.804,33.789,33.921,32.554,32.437,32.507,0.8050,0.8087,0.7988,0.8000,0.7988,0.8013,1.5012,1.4988,1.8013,1.7975,3.3150,1.2000,1.1013,0.0037,0.8788,1.2025,1.4938,2.0045,4.8161,0.1142,0.0544,0.1673,0.3686,1.5418,0.1102,0.1441,0.0117,0.0232,0.5514,1.1673,-0.0000,0.1911,0.1714,0.0030,11.4402
1786332808.72,34.375,34.218,35.539,33.570,32.914,33.171,31.367,34.156,33.898,33.562,34.023,33.976,32.554,32.257,33.101,0.8050,0.8100,0.8000,0.8000,0.7988,0.8000,1.5012,1.4988,1.8000,1.7950,3.3150,1.2012,1.1000,0.0037,0.8788,1.2038,1.4938,1.7388,4.8276,0.1156,0.0544,0.1673,0.3640,1.5335,0.1102,0.1440,0.0117,0.0232,0.5526,1.1649,-0.0000,0.1922,0.1715,0.0030,11.1745
1786332809.72,34.500,34.554,35.539,33.101,33.187,32.992,31.453,33.906,34.257,33.968,34.273,33.953,32.484,32.328,33.125,0.8025,0.8087,0.7988,0.8000,0.8000,0.8013,1.5038,1.4975,1.8013,1.7963,3.3150,1.1987,1.1013,0.0037,0.8800,1.2038,1.4938,1.7575,4.8080,0.1162,0.0540,0.1676,0.3598,1.5398,0.1101,0.1441,0.0117,0.0265,0.5538,1.1668,-0.0000,0.1903,0.1700,0.0030,11.1792
1786332810.72,34.640,34.382,35.539,33.273,33.273,32.703,31.757,34.382,34.296,33.937,33.875,33.859,32.312,32.390,32.726,0.8037,0.8087,0.8000,0.8000,0.7975,0.8013,1.5025,1.4988,1.8000,1.7963,3.3138,1.2000,1.1013,0.0025,0.8800,1.2025,1.4938,1.9531,4.8282,0.1132,0.0552,0.1667,0.3710,1.5468,0.1094,0.1440,0.0126,0.0249,0.5532,1.1657,-0.0000,0.1892,0.1699,0.0030,11.4060
1786332811.72,34.648,34.281,35.539,33.445,32.898,33.015,31.289,33.742,34.085,33.906,33.843,33.867,32.515,32.687,33.304,0.8037,0.8100,0.8000,0.8000,0.7988,0.8013,1.5025,1.4988,1.8013,1.7950,3.3138,1.1987,1.1013,0.0037,0.8775,1.2025,1.4950,1.6638,4.8681,0.1104,0.0544,0.1673,0.5961,1.5483,0.1102,0.1432,0.0117,0.0249,0.5532,1.1662,-0.0000,0.1898,0.1729,0.0037,11.3841
1786332812.72,34.656,34.140,35.539,33.242,33.007,32.929,31.445,34.140,34.007,34.414,33.929,34.250,32.171,32.765,33.070,0.8037,0.8100,0.7975,0.8000,0.7988,0.8013,1.5025,1.4988,1.8013,1.7963,3.3150,1.2012,1.1013,0.0037,0.8788,1.2025,1.4938,1.6638,4.8114,0.1124,0.0540,0.1673,0.3678,1.5483,0.1109,0.1450,0.0135,0.0249,0.5562,1.1668,-0.0000,0.1911,0.1714,0.0030,11.1077
1786332813.72,34.429,33.992,35.539,33.132,33.453,32.859,31.789,34.421,34.015,33.765,34.125,34.148,32.304,32.257,32.992,0.8025,0.8100,0.8000,0.8000,0.8000,0.8013,1.5025,1.5000,1.8013,1.7963,3.3150,1.2000,1.1013,0.0037,0.8788,1.2038,1.4925,1.4926,4.8114,0.1104,0.0544,0.1676,0.3678,1.5378,0.1110,0.1441,0.0126,0.0232,0.5508,1.1657,-0.0000,0.1922,0.1730,0.0030,10.9176
1786332814.72,34.664,34.335,35.539,33.195,32.929,32.742,31.789,34.335,34.000,33.867,33.656,33.867,33.000,32.664,32.734,0.8037,0.8087,0.7988,0.8013,0.7988,0.8013,1.5038,1.4988,1.8000,1.7963,3.3150,1.1987,1.1013,0.0025,0.8788,1.2050,1.4950,1.7361,4.8161,0.1154,0.0545,0.1673,0.3666,1.5496,0.1094,0.1440,0.0117,0.0249,0.5598,1.1657,-0.0000,0.1922,0.1732,0.0022,11.1888
1786332815.72,34.015,34.390,35.539,33.296,33.187,32.882,32.117,33.804,34.257,33.648,33.789,33.929,32.570,32.335,32.929,0.8050,0.8087,0.7988,0.8000,0.7988,0.8013,1.5012,1.5000,1.8013,1.7950,3.3150,1.2000,1.1013,0.0037,0.8788,1.2038,1.4925,1.4490,4.8161,0.1126,0.0540,0.1673,0.3722,1.5365,0.1103,0.1450,0.0117,0.0232,0.5502,1.1657,-0.0000,0.1911,0.1715,0.0037,10.8802
1786332816.72,34.484,34.171,35.539,33.179,33.171,32.968,31.507,34.281,34.242,34.367,33.585,34.039,32.585,32.718,32.750,0.8050,0.8087,0.7988,0.8013,0.8000,0.8000,1.5025,1.5000,1.8025,1.7963,3.3150,1.2000,1.1013,0.0037,0.8788,1.2025,1.4938,1.7147,4.8161,0.1178,0.0537,0.1676,0.3472,1.5371,0.1110,0.1451,0.0126,0.0232,0.5538,1.1673,-0.0000,0.1911,0.1729,0.0030,11.1341
1786332817.72,34.234,34.437,35.539,33.226,33.070,32.921,31.734,34.656,34.500,33.890,34.250,34.195,32.960,31.984,33.132,0.8037,0.8087,0.8000,0.8000,0.7988,0.8013,1.5025,1.4988,1.8013,1.7975,3.3150,1.2000,1.1013,0.0037,0.8788,1.2038,1.4950,1.8326,4.8242,0.1160,0.0544,0.1677,0.3674,1.5386,0.1109,0.1432,0.0126,0.0232,0.5508,1.1662,-0.0000,0.1922,0.1715,0.0037,11.2752
1786332818.72,34.390,34.273,35.539,33.875,32.882,33.296,31.757,34.093,33.828,33.664,33.781,33.921,32.390,32.468,32.765,0.8037,0.8087,0.7988,0.8013,0.8000,0.8013,1.5025,1.4988,1.8013,1.7963,3.3138,1.2012,1.1013,0.0037,0.8788,1.2038,1.4938,1.7843,4.8080,0.1138,0.0545,0.1676,0.3722,1.5341,0.1102,0.1441,0.0117,0.0249,0.5532,1.1662,-0.0000,0.1900,0.1715,0.0030,11.2092
1786332819.73,34.500,34.257,35.539,33.562,33.125,32.875,31.695,34.257,34.398,34.007,33.906,34.062,32.617,32.250,32.796,0.8037,0.8087,0.7988,0.8013,0.7988,0.8013,1.5012,1.5000,1.8013,1.7975,3.3150,1.2000,1.1013,0.0037,0.8775,1.2038,1.4938,2.3389,4.8202,0.1118,0.0541,0.1681,0.3674,1.5380,0.1110,0.1441,0.0117,0.0232,0.5520,1.1662,-0.0000,0.1909,0.1715,0.0022,11.7714
1786332820.73,34.273,34.476,35.539,33.117,33.265,32.968,31.695,34.476,33.773,33.828,33.632,34.015,32.406,32.140,32.609,0.8037,0.8087,0.7988,0.8000,0.8000,0.8013,1.5025,1.4988,1.8000,1.7963,3.3138,1.2000,1.1013,0.0037,0.8788,1.2025,1.4938,1.8567,4.8161,0.1154,0.0540,0.1676,0.3650,1.5476,0.1102,0.1440,0.0126,0.0249,0.5508,1.1662,-0.0000,0.1900,0.1699,0.0022,11.2931
1786332821.73,34.593,33.929,35.539,32.921,32.898,32.929,31.781,34.406,34.281,34.007,33.820,33.773,32.796,32.406,33.125,0.8037,0.8087,0.7988,0.8013,0.7975,0.8000,1.5025,1.4988,1.8000,1.7963,3.3138,1.2012,1.1013,0.0037,0.8788,1.2025,1.4950,1.6155,4.8080,0.1094,0.0549,0.1671,0.3672,1.5386,0.1102,0.1449,0.0126,0.0215,0.5562,1.1662,-0.0000,0.1911,0.1714,0.0015,11.0363
1786332822.73,34.609,34.281,35.539,33.343,32.789,32.710,31.687,33.984,34.195,33.984,33.750,33.796,32.539,32.437,33.039,0.8037,0.8087,0.7988,0.8013,0.7988,0.8013,1.5025,1.4988,1.8013,1.7963,3.3150,1.2000,1.1013,0.0037,0.8788,1.2038,1.4938,2.4354,4.8161,0.1166,0.0545,0.1673,0.3694,1.5498,0.1087,0.1432,0.0126,0.0232,0.5538,1.1662,-0.0000,0.1911,0.1715,0.0030,11.8824
1786332823.73,34.539,34.406,35.539,33.078,33.164,33.125,31.843,34.125,34.398,33.664,33.984,34.171,32.531,32.585,32.929,0.8050,0.8087,0.7988,0.8013,0.7988,0.8013,1.5025,1.5000,1.8013,1.7963,3.3138,1.2000,1.1013,0.0037,0.8788,1.2025,1.4938,1.2558,4.8242,0.1114,0.0549,0.1673,0.3622,1.5378,0.1103,0.1441,0.0126,0.0249,0.5568,1.1673,-0.0000,0.1911,0.1714,0.0030,10.6950
1786332824.73,34.296,34.382,35.539,33.101,33.125,32.507,31.531,34.109,34.000,34.445,33.703,33.968,32.585,32.351,32.859,0.8037,0.8087,0.8000,0.8000,0.7988,0.8000,1.5025,1.4988,1.8013,1.7963,3.3150,1.2000,1.1013,0.0037,0.8788,1.2038,1.4938,1.5432,4.8202,0.1192,0.0544,0.1673,0.3664,1.5468,0.1109,0.1441,0.0126,0.0232,0.5550,1.1673,-0.0000,0.1922,0.1715,0.0037,10.9981
1786332825.73,34.562,34.125,35.539,33.062,32.734,32.882,31.539,34.390,34.007,34.062,34.218,33.867,32.562,32.359,32.562,0.8037,0.8087,0.8000,0.8013,0.7988,0.8013,1.5025,1.5000,1.8000,1.7963,3.3150,1.2012,1.1025,0.0037,0.8775,1.2025,1.4938,1.1092,4.8080,0.1164,0.0545,0.1673,0.3686,1.5378,0.1110,0.1431,0.0126,0.0232,0.5550,1.1687,0.0000,0.1909,0.1714,0.0030,10.5405
1786332826.73,34.601,34.304,35.539,33.328,33.203,33.140,31.664,33.890,33.835,34.000,33.703,33.398,32.515,32.273,32.960,0.8037,0.8075,0.8000,0.8000,0.8000,0.8013,1.5025,1.4988,1.8013,1.7950,3.3150,1.1987,1.1013,0.0037,0.8788,1.2025,1.4963,1.7120,4.8167,0.1124,0.0536,0.1672,0.3674,1.5386,0.1094,0.1441,0.0126,0.0232,0.5574,1.1651,-0.0000,0.1922,0.1714,0.0022,11.1455
1786332827.73,34.640,34.351,35.539,33.515,33.289,33.210,31.617,33.921,33.921,33.773,33.937,33.664,32.781,32.890,32.687,0.8037,0.8087,0.7975,0.8013,0.7988,0.8013,1.5025,1.5000,1.8025,1.7963,3.3150,1.2012,1.1013,0.0037,0.8775,1.2038,1.4938,1.9290,4.8242,0.1136,0.0545,0.1665,0.3730,1.5371,0.1103,0.1442,0.0126,0.0249,0.5538,1.1662,-0.0000,0.1920,0.1715,0.0030,11.3763
1786332828.73,34.671,34.320,35.539,33.023,32.828,32.695,31.570,34.226,33.960,34.078,34.140,34.187,32.460,32.882,33.031,0.8037,0.8087,0.8000,0.8013,0.7988,0.8000,1.5025,1.5000,1.8013,1.7950,3.3150,1.2000,1.1025,0.0037,0.8788,1.2025,1.4938,1.7361,4.8121,0.1148,0.0549,0.1673,0.3716,1.5341,0.1118,0.1441,0.0135,0.0232,0.5514,1.1687,-0.0000,0.1900,0.1729,0.0030,11.1693
1786332829.73,34.312,34.015,35.539,33.523,32.976,32.914,31.375,34.023,34.148,33.648,34.031,34.054,32.671,32.437,33.054,0.8037,0.8087,0.7988,0.8013,0.8000,0.8013,1.5025,1.5012,1.8025,1.7963,3.3150,1.2000,1.1013,0.0050,0.8775,1.2038,1.4950,2.2184,4.8121,0.1102,0.0545,0.1680,0.3658,1.5416,0.1103,0.1424,0.0126,0.0232,0.5526,1.1662,-0.0000,0.1920,0.1715,0.0030,11.6443
1786332830.73,34.554,34.296,35.539,33.398,33.453,33.570,31.382,34.062,34.289,34.062,33.890,33.976,32.921,32.500,32.679,0.8037,0.8100,0.7988,0.8013,0.7988,0.8000,1.5025,1.5012,1.8013,1.7963,3.3150,1.2012,1.1013,0.0025,0.8775,1.2025,1.4938,1.7120,4.8276,0.1126,0.0541,0.1673,0.3668,1.5401,0.1111,0.1441,0.0117,0.0232,0.5532,1.1662,-0.0000,0.1898,0.1714,0.0030,11.1541
1786332831.73,34.429,34.398,35.539,33.148,32.968,32.484,31.203,33.812,34.007,33.726,33.820,33.914,32.679,32.585,32.632,0.8037,0.8087,0.8000,0.8000,0.7988,0.7988,1.5025,1.4988,1.8013,1.7950,3.3138,1.2000,1.1013,0.0037,0.8788,1.2025,1.4938,2.4354,4.8121,0.1144,0.0540,0.1669,0.3658,1.5386,0.1109,0.1432,0.0126,0.0232,0.5568,1.1657,-0.0000,0.1911,0.1729,0.0030,11.8665
1786332832.73,34.851,34.109,35.539,32.835,33.156,32.515,31.531,34.015,33.789,34.070,33.890,33.781,33.078,32.523,32.234,0.8025,0.8087,0.8000,0.8013,0.8000,0.8013,1.5025,1.5000,1.8000,1.7963,3.3163,1.2000,1.1000,0.0025,0.8775,1.2038,1.4950,1.1556,4.8282,0.1144,0.0541,0.1676,0.5473,1.5461,0.1110,0.1431,0.0126,0.0232,0.5544,1.1649,-0.0000,0.1909,0.1700,0.0022,10.7856
1786332833.73,34.234,34.117,35.539,33.429,32.929,32.828,31.734,34.164,34.312,33.671,33.804,33.703,32.945,32.429,33.195,0.8037,0.8100,0.7988,0.8013,0.7988,0.8013,1.5025,1.4988,1.8025,1.7975,3.3150,1.2012,1.1013,0.0037,0.8775,1.2025,1.4938,1.8808,4.8317,0.1154,0.0545,0.1673,0.3726,1.5363,0.1094,0.1433,0.0117,0.0215,0.5556,1.1657,-0.0000,0.1920,0.1699,0.0037,11.3313
1786332834.73,34.320,34.320,35.539,33.546,32.828,32.820,31.804,34.187,34.695,33.750,34.125,33.867,32.664,32.484,33.078,0.8037,0.8087,0.8000,0.8013,0.7988,0.8013,1.5012,1.5000,1.8000,1.7963,3.3150,1.2012,1.1025,0.0037,0.8762,1.2012,1.4938,1.8808,4.8161,0.1124,0.0541,0.1677,0.3682,1.5470,0.1095,0.1431,0.0117,0.0215,0.5592,1.1687,-0.0000,0.1906,0.1712,0.0022,11.3240
1786332835.73,34.445,34.257,35.539,33.820,32.679,32.960,31.382,34.085,34.117,33.710,34.039,34.117,32.710,32.453,33.156,0.8037,0.8087,0.8000,0.8013,0.7988,0.8013,1.5025,1.5000,1.8013,1.7963,3.3163,1.2000,1.1025,0.0050,0.8800,1.2025,1.4938,1.4950,4.8080,0.1120,0.0545,0.1669,0.3698,1.5371,0.1110,0.1441,0.0108,0.0232,0.5550,1.1675,-0.0000,0.1914,0.1699,0.0030,10.9191
1786332836.73,34.289,34.320,35.539,33.250,32.937,32.882,32.054,34.320,33.953,33.875,34.179,33.820,32.554,32.437,32.617,0.8037,0.8075,0.8000,0.8000,0.7988,0.8000,1.5025,1.5000,1.7988,1.7963,3.3150,1.2000,1.1000,0.0037,0.8788,1.2025,1.4938,1.4468,4.8046,0.1092,0.0548,0.1673,0.3668,1.5371,0.1095,0.1448,0.0135,0.0232,0.5538,1.1643,-0.0000,0.1911,0.1714,0.0037,10.8619
1786332837.73,34.843,34.273,35.539,32.828,32.835,32.632,31.710,34.359,34.132,33.937,33.593,34.453,32.523,32.289,33.234,0.8050,0.8087,0.8000,0.8000,0.7988,0.8000,1.5025,1.5000,1.8025,1.7963,3.3138,1.2012,1.1013,0.0037,0.8788,1.2025,1.4938,2.0528,4.8121,0.1160,0.0544,0.1669,0.3680,1.5371,0.1095,0.1442,0.0126,0.0232,0.5544,1.1657,-0.0000,0.1900,0.1699,0.0022,11.4788
1786332838.73,34.320,34.250,35.539,33.265,33.062,32.648,31.531,34.171,34.062,33.726,33.585,34.132,32.968,32.453,32.976,0.8050,0.8087,0.7988,0.8013,0.7975,0.8000,1.5038,1.4988,1.8000,1.7963,3.3163,1.2012,1.1013,0.0037,0.8788,1.2025,1.4938,1.6905,4.8202,0.1126,0.0541,0.1667,0.3656,1.5376,0.1102,0.1440,0.0126,0.0232,0.5520,1.1668,-0.0000,0.1911,0.1729,0.0022,11.1221
1786332839.73,34.351,34.281,35.539,33.218,33.195,33.039,31.593,33.835,33.593,33.992,33.539,34.000,32.484,32.601,32.539,0.8037,0.8087,0.7988,0.8000,0.7988,0.8013,1.5012,1.4988,1.8025,1.7950,3.3150,1.2000,1.1013,0.0025,0.8775,1.2025,1.4950,1.6879,4.8040,0.1154,0.0540,0.1673,0.3726,1.5425,0.1102,0.1442,0.0117,0.0215,0.5598,1.1673,-0.0000,0.1909,0.1699,0.0030,11.1221
1786332840.73,34.406,34.164,35.539,33.343,32.796,33.132,31.273,33.742,34.164,33.812,34.179,33.945,32.664,32.117,33.117,0.8025,0.8087,0.7988,0.8013,0.7988,0.8000,1.5025,1.4988,1.8013,1.7963,3.3138,1.2000,1.1013,0.0037,0.8775,1.2025,1.4938,1.7334,4.8202,0.1194,0.0545,0.1673,0.3716,1.5401,0.1109,0.1450,0.0117,0.0232,0.5520,1.1668,-0.0000,0.1909,0.1699,0.0037,11.1804
1786332841.73,34.562,34.296,35.539,33.593,33.523,32.937,31.640,34.265,34.140,33.945,33.734,33.734,32.843,32.492,32.828,0.8037,0.8100,0.7988,0.8000,0.7988,0.8000,1.5025,1.4988,1.8013,1.7963,3.3138,1.2000,1.1013,0.0037,0.8788,1.2025,1.4938,1.9772,4.8195,0.1150,0.0544,0.1673,0.3704,1.5416,0.1109,0.1441,0.0126,0.0249,0.5550,1.1651,-0.0000,0.1911,0.1699,0.0030,11.4220
1786332842.73,34.671,34.289,35.539,33.007,33.351,32.976,31.531,34.289,33.906,33.804,33.804,33.812,32.625,32.140,32.757,0.8037,0.8100,0.7975,0.8000,0.7988,0.8013,1.5012,1.4988,1.8013,1.7963,3.3138,1.2000,1.1013,0.0025,0.8775,1.2025,1.4938,1.6879,4.8236,0.1168,0.0540,0.1669,0.3718,1.5440,0.1102,0.1432,0.0126,0.0232,0.5538,1.1673,-0.0000,0.1909,0.1714,0.0022,11.1397
1786332843.73,34.460,34.125,35.539,33.164,33.078,32.601,31.671,33.953,33.945,33.515,33.976,34.148,32.664,32.812,33.179,0.8037,0.8087,0.7988,0.8000,0.8000,0.8000,1.5025,1.5012,1.8013,1.7963,3.3150,1.2012,1.1013,0.0037,0.8788,1.2025,1.4938,1.7120,4.8080,0.1174,0.0544,0.1676,0.3676,1.5356,0.1103,0.1432,0.0135,0.0249,0.5562,1.1668,0.0000,0.1900,0.1714,0.0022,11.1410
1786332844.73,34.750,34.289,35.539,33.195,33.187,32.812,31.617,34.289,34.218,34.046,33.937,34.117,32.656,32.554,32.820,0.8050,0.8087,0.7988,0.8000,0.7988,0.8013,1.5012,1.5000,1.8013,1.7950,3.3138,1.2012,1.1000,0.0037,0.8788,1.2038,1.4950,1.4007,4.8040,0.1134,0.0544,0.1665,0.3722,1.5470,0.1095,0.1432,0.0126,0.0215,0.5622,1.1660,-0.0000,0.1911,0.1715,0.0030,10.8389
1786332845.73,34.429,34.171,35.539,33.210,33.289,32.984,31.453,34.382,34.492,34.085,33.632,33.937,32.539,32.898,33.054,0.8050,0.8100,0.8000,0.8000,0.7988,0.8000,1.5012,1.5000,1.8000,1.7963,3.3150,1.2000,1.1025,0.0025,0.8788,1.2025,1.4938,1.7388,4.8317,0.1068,0.0540,0.1677,0.3764,1.5380,0.1110,0.1440,0.0126,0.0232,0.5538,1.1675,-0.0000,0.1911,0.1714,0.0022,11.1903
1786332846.73,34.593,34.750,35.539,32.921,33.281,33.171,31.710,34.281,34.750,33.609,34.000,33.906,32.578,32.687,32.710,0.8037,0.8087,0.7975,0.8000,0.7988,0.8013,1.5012,1.5000,1.8013,1.7963,3.3138,1.2000,1.1025,0.0037,0.8775,1.2038,1.4938,1.7120,4.8080,0.1132,0.0540,0.1673,0.3690,1.5350,0.1095,0.1441,0.0117,0.0232,0.5520,1.1675,-0.0000,0.1898,0.1700,0.0030,11.1294
1786332847.73,34.148,34.093,35.539,33.179,33.085,32.984,31.726,33.898,34.023,33.976,34.031,33.906,32.375,32.976,32.804,0.8050,0.8100,0.7988,0.8000,0.7988,0.8013,1.5025,1.4988,1.8025,1.7950,3.3138,1.2000,1.1000,0.0050,0.8788,1.2025,1.4938,1.8354,4.8276,0.1130,0.0544,0.1673,0.3742,1.5483,0.1102,0.1442,0.0126,0.0232,0.5526,1.1649,-0.0000,0.1911,0.1729,0.0030,11.2949
1786332848.73,34.429,34.242,35.539,32.789,33.359,32.648,31.085,34.242,34.007,33.679,34.062,34.226,32.164,32.531,32.859,0.8037,0.8087,0.8000,0.8013,0.7988,0.8013,1.5025,1.5000,1.8013,1.7963,3.3138,1.2000,1.1013,0.0025,0.8775,1.2038,1.4938,1.4709,4.8161,0.1092,0.0541,0.1673,0.3598,1.5386,0.1103,0.1441,0.0126,0.0232,0.5532,1.1662,-0.0000,0.1898,0.1715,0.0022,10.8890
1786332849.73,34.359,34.062,35.539,33.546,33.468,32.554,31.492,33.765,34.203,33.429,34.296,34.273,32.867,32.210,33.195,0.8037,0.8113,0.7988,0.8013,0.7988,0.8013,1.5012,1.5000,1.8013,1.7963,3.3150,1.2000,1.1000,0.0037,0.8775,1.2012,1.4925,2.7006,4.8310,0.1126,0.0545,0.1669,0.3734,1.5440,0.1095,0.1432,0.0117,0.0232,0.5526,1.1660,-0.0000,0.1909,0.1712,0.0022,12.1535
1786332850.73,34.562,34.390,35.539,33.453,33.312,32.960,31.546,34.390,33.585,34.015,34.125,34.093,32.320,32.398,32.835,0.8037,0.8087,0.8000,0.8000,0.7988,0.8013,1.5025,1.5000,1.8013,1.7963,3.3150,1.2000,1.1000,0.0037,0.8775,1.2025,1.4938,1.5673,4.8282,0.1164,0.0540,0.1673,0.3678,1.5386,0.1103,0.1441,0.0126,0.0232,0.5604,1.1649,-0.0000,0.1898,0.1729,0.0030,11.0206
1786332851.73,34.195,34.382,35.539,33.531,33.039,32.867,31.945,34.000,34.273,34.210,33.234,33.890,32.570,31.968,33.242,0.8037,0.8087,0.7988,0.8013,0.7988,0.8013,1.5025,1.5012,1.8000,1.7963,3.3150,1.2000,1.1000,0.0037,0.8775,1.2025,1.4950,1.5914,4.8161,0.1138,0.0549,0.1677,0.3718,1.5431,0.1103,0.1440,0.0117,0.0215,0.5526,1.1649,-0.0000,0.1887,0.1714,0.0030,11.0269
1786332852.73,34.460,34.453,35.539,33.046,33.062,32.492,31.695,33.656,33.718,33.617,33.750,33.843,32.343,32.617,33.109,0.8037,0.8087,0.8000,0.8013,0.7988,0.8013,1.5025,1.5000,1.8013,1.7963,3.3150,1.2000,1.1013,0.0025,0.8788,1.2025,1.4938,1.6397,4.8040,0.1152,0.0541,0.1673,0.3722,1.5393,0.1095,0.1432,0.0117,0.0249,0.5556,1.1662,-0.0000,0.1900,0.1714,0.0037,11.0679
1786332853.73,34.437,34.187,35.539,33.304,33.257,33.148,31.820,34.109,34.570,33.968,33.968,33.960,32.515,32.281,32.671,0.8037,0.8087,0.7988,0.8013,0.7988,0.8013,1.5025,1.5000,1.8013,1.7950,3.3150,1.2000,1.1000,0.0025,0.8788,1.2025,1.4938,2.1942,4.8161,0.1178,0.0545,0.1673,0.3670,1.5333,0.1103,0.1441,0.0117,0.0215,0.5604,1.1655,-0.0000,0.1911,0.1714,0.0030,11.6291
1786332854.75,34.773,34.468,35.539,33.101,33.156,33.156,31.945,33.937,33.890,33.742,34.117,33.796,32.460,32.804,32.562,0.8050,0.8100,0.8000,0.8013,0.7988,0.8000,1.5025,1.5000,1.8000,1.7950,3.3150,1.2000,1.1013,0.0037,0.8775,1.2025,1.4950,1.5939,4.8357,0.1140,0.0545,0.1669,0.5220,1.5356,0.1103,0.1440,0.0126,0.0265,0.5538,1.1668,-0.0000,0.1898,0.1714,0.0022,11.1998
1786332855.75,34.367,34.156,35.539,33.187,32.781,33.210,31.804,34.187,34.343,33.710,34.304,33.546,32.593,32.742,32.695,0.8037,0.8087,0.8000,0.8013,0.7988,0.8013,1.5025,1.5000,1.8013,1.7950,3.3125,1.2000,1.1013,0.0037,0.8775,1.2025,1.4950,2.1701,4.8202,0.1144,0.0541,0.1673,0.3698,1.5408,0.1110,0.1432,0.0126,0.0232,0.5544,1.1662,-0.0000,0.1909,0.1699,0.0030,11.6110
1786332856.75,34.539,34.171,35.539,33.343,33.179,32.664,31.648,34.250,34.125,33.875,33.773,33.953,32.351,32.515,32.718,0.8037,0.8087,0.7988,0.8013,0.7988,0.8013,1.5025,1.5012,1.8013,1.7963,3.3150,1.2000,1.1013,0.0025,0.8788,1.2025,1.4938,2.2184,4.8202,0.1158,0.0541,0.1673,0.3678,1.5348,0.1103,0.1441,0.0135,0.0232,0.5526,1.1662,-0.0000,0.1911,0.1729,0.0030,11.6552
1786332857.75,34.453,34.265,35.539,33.210,33.031,32.695,31.367,33.882,34.070,33.421,33.765,34.039,32.726,32.234,33.156,0.8037,0.8087,0.8000,0.8013,0.7988,0.8013,1.5012,1.5000,1.8013,1.7950,3.3150,1.2000,1.1013,0.0037,0.8800,1.2012,1.4938,1.8326,4.8323,0.1128,0.0545,0.1673,0.3726,1.5418,0.1118,0.1432,0.0135,0.0249,0.5538,1.1657,-0.0000,0.1914,0.1727,0.0030,11.2936
1786332858.75,34.664,34.257,35.539,32.851,32.765,32.773,31.507,33.812,34.164,34.085,33.554,33.695,32.250,32.460,32.593,0.8025,0.8100,0.7988,0.8000,0.7988,0.8013,1.5025,1.5000,1.8025,1.7963,3.3150,1.2000,1.1013,0.0037,0.8800,1.2025,1.4950,1.8297,4.8317,0.1142,0.0544,0.1673,0.3726,1.5371,0.1103,0.1442,0.0126,0.0249,0.5514,1.1662,0.0000,0.1925,0.1699,0.0030,11.2818
1786332859.75,34.273,34.226,35.539,33.007,33.296,32.882,31.492,33.968,34.156,34.210,33.507,33.742,32.070,32.187,32.945,0.8025,0.8100,0.8000,0.8000,0.8000,0.8000,1.5012,1.5012,1.8000,1.7963,3.3138,1.2000,1.1013,0.0025,0.8788,1.2038,1.4938,1.8778,4.8317,0.1136,0.0544,0.1676,0.3672,1.5358,0.1118,0.1431,0.0117,0.0232,0.5520,1.1662,-0.0000,0.1933,0.1700,0.0022,11.3217
1786332860.75,34.367,33.984,35.539,33.007,32.937,32.617,31.187,34.257,34.125,33.671,33.750,34.203,32.648,32.656,33.203,0.8025,0.8100,0.8000,0.8013,0.7988,0.8000,1.5025,1.5000,1.8013,1.7975,3.3138,1.2000,1.1013,0.0037,0.8800,1.2025,1.4938,1.4445,4.8236,0.1124,0.0545,0.1669,0.3728,1.5386,0.1103,0.1432,0.0117,0.0232,0.5568,1.1662,-0.0000,0.1903,0.1714,0.0030,10.8892
1786332861.75,34.515,34.265,35.539,33.031,33.421,32.703,31.421,34.335,34.429,33.875,34.039,34.429,32.515,32.609,32.492,0.8037,0.8087,0.8000,0.8000,0.8000,0.8013,1.5025,1.5012,1.8025,1.7963,3.3150,1.2025,1.1013,0.0037,0.8788,1.2025,1.4938,1.8084,4.8161,0.1132,0.0544,0.1672,0.3678,1.5386,0.1103,0.1433,0.0126,0.0249,0.5550,1.1657,-0.0000,0.1911,0.1729,0.0030,11.2444
1786332862.75,34.515,34.171,35.539,33.312,32.765,32.804,31.812,34.625,34.046,34.070,33.789,33.734,32.578,32.218,32.898,0.8037,0.8100,0.7988,0.8013,0.7988,0.8013,1.5012,1.5012,1.8000,1.7975,3.3150,1.2012,1.1025,0.0050,0.8788,1.2025,1.4938,1.8326,4.8155,0.1142,0.0541,0.1669,0.3730,1.5463,0.1111,0.1449,0.0126,0.0232,0.5550,1.1675,0.0000,0.1900,0.1714,0.0037,11.2819
1786332863.75,34.218,34.218,35.539,33.210,33.781,33.031,31.648,34.429,34.203,34.062,33.445,33.617,32.046,32.609,32.757,0.8037,0.8100,0.7988,0.8000,0.8000,0.8013,1.5025,1.5000,1.8013,1.7950,3.3138,1.2012,1.1013,0.0037,0.8788,1.2025,1.4938,1.9531,4.8236,0.1102,0.0544,0.1676,0.3674,1.5386,0.1095,0.1441,0.0117,0.0215,0.5514,1.1662,-0.0000,0.1900,0.1714,0.0030,11.3836
1786332864.75,34.312,34.218,35.539,33.132,32.710,33.296,31.695,34.031,33.921,33.804,34.101,33.906,32.554,33.015,32.718,0.8037,0.8100,0.8000,0.8013,0.7988,0.8013,1.5025,1.4988,1.8013,1.7963,3.3138,1.2012,1.1013,0.0025,0.8788,1.2038,1.4938,1.3985,4.8317,0.1164,0.0545,0.1673,0.3690,1.5461,0.1109,0.1450,0.0117,0.0249,0.5544,1.1668,-0.0000,0.1900,0.1700,0.0030,10.8601
1786332865.75,34.531,34.289,35.539,33.320,32.945,32.468,31.421,34.101,33.695,33.687,33.710,33.734,32.335,32.070,33.117,0.8037,0.8087,0.7988,0.8013,0.8000,0.8013,1.5012,1.5000,1.8013,1.7950,3.3150,1.2000,1.1013,0.0037,0.8788,1.2025,1.4938,0.9645,4.8202,0.1150,0.0545,0.1676,0.3734,1.5358,0.1110,0.1441,0.0117,0.0232,0.5550,1.1662,-0.0000,0.1922,0.1714,0.0030,10.4087
1786332866.75,34.265,34.171,35.539,33.289,33.164,32.617,31.476,33.937,34.054,33.593,33.921,34.125,32.281,32.414,32.921,0.8037,0.8100,0.8000,0.8000,0.7988,0.8013,1.5025,1.4988,1.8000,1.7963,3.3150,1.2000,1.1000,0.0025,0.8788,1.2038,1.4938,1.7602,4.8276,0.1180,0.0548,0.1669,0.3686,1.5348,0.1102,0.1440,0.0126,0.0249,0.5514,1.1660,-0.0000,0.1889,0.1700,0.0022,11.2011
1786332867.75,34.242,34.250,35.539,33.562,33.046,33.015,31.718,34.109,33.671,34.234,33.710,34.132,32.414,32.398,32.804,0.8037,0.8100,0.7988,0.8000,0.7988,0.8013,1.5012,1.4975,1.8013,1.7963,3.3150,1.2012,1.1025,0.0025,0.8788,1.2038,1.4938,1.4709,4.8195,0.1106,0.0544,0.1669,0.3718,1.5388,0.1108,0.1441,0.0126,0.0232,0.5550,1.1675,-0.0000,0.1900,0.1715,0.0030,10.9107
1786332868.75,34.218,34.210,35.539,33.406,32.757,32.507,31.546,33.914,33.921,33.531,33.937,33.968,32.906,32.656,33.054,0.8037,0.8075,0.8000,0.8013,0.8000,0.8013,1.5025,1.4988,1.8013,1.7963,3.3150,1.2000,1.1013,0.0050,0.8788,1.2038,1.4938,1.5432,4.8006,0.1156,0.0545,0.1672,0.3694,1.5341,0.1102,0.1441,0.0126,0.0265,0.5538,1.1668,-0.0000,0.1911,0.1700,0.0022,10.9618
1786332869.75,34.648,34.406,35.539,33.015,32.859,32.992,31.781,34.500,34.250,33.890,33.875,33.843,32.609,32.671,32.718,0.8037,0.8113,0.8000,0.8000,0.7988,0.8013,1.5038,1.5000,1.8000,1.7950,3.3150,1.2000,1.1013,0.0025,0.8788,1.2025,1.4950,1.8084,4.8269,0.1136,0.0544,0.1673,0.3630,1.5391,0.1110,0.1431,0.0135,0.0265,0.5538,1.1673,-0.0000,0.1911,0.1714,0.0030,11.2534
1786332870.76,34.429,34.117,35.539,33.015,33.085,33.054,32.015,33.890,33.500,33.773,33.437,34.000,32.257,32.312,33.085,0.8050,0.8087,0.8000,0.8013,0.7988,0.8000,1.5025,1.4988,1.8000,1.7963,3.3138,1.2000,1.1013,0.0025,0.8775,1.2038,1.4950,1.8113,4.8323,0.1116,0.0545,0.1669,0.3628,1.5363,0.1094,0.1440,0.0117,0.0232,0.5532,1.1657,-0.0000,0.1898,0.1715,0.0022,11.2463
1786332871.76,34.382,34.171,35.539,33.281,33.281,33.156,31.632,34.156,34.023,33.710,33.851,34.023,32.351,32.562,32.406,0.8037,0.8100,0.8000,0.8000,0.7988,0.8013,1.5025,1.5000,1.8025,1.7963,3.3138,1.1987,1.1013,0.0037,0.8788,1.2025,1.4938,1.9049,4.8155,0.1112,0.0540,0.1677,0.3694,1.5378,0.1103,0.1433,0.0126,0.0232,0.5544,1.1657,-0.0000,0.1911,0.1714,0.0030,11.3353
1786332872.76,34.296,34.273,35.539,32.742,33.367,32.937,31.453,34.335,33.664,33.546,34.109,34.007,32.898,32.539,32.976,0.8037,0.8100,0.7988,0.8000,0.7988,0.8013,1.5025,1.5000,1.8013,1.7963,3.3138,1.2000,1.1013,0.0025,0.8775,1.2025,1.4938,2.0978,4.8155,0.1134,0.0544,0.1677,0.3642,1.5468,0.1095,0.1441,0.0117,0.0232,0.5556,1.1662,-0.0000,0.1909,0.1729,0.0030,11.5368
1786332873.76,34.359,34.265,35.539,33.234,33.382,32.828,31.117,33.914,34.101,33.632,34.101,33.882,32.960,32.703,32.937,0.8050,0.8087,0.7988,0.8013,0.7988,0.8013,1.5025,1.5012,1.8000,1.7963,3.3163,1.1987,1.1013,0.0037,0.8775,1.2025,1.4938,1.5939,4.8040,0.1130,0.0541,0.1669,0.3678,1.5356,0.1103,0.1440,0.0117,0.0232,0.5580,1.1662,-0.0000,0.1909,0.1714,0.0022,11.0132
1786332874.76,34.218,34.195,35.539,33.320,33.070,32.929,31.789,34.054,34.195,33.898,34.265,34.000,32.421,32.937,32.664,0.8037,0.8087,0.7988,0.8013,0.8000,0.8013,1.5025,1.5000,1.8013,1.7963,3.3150,1.2000,1.1025,0.0037,0.8788,1.2025,1.4938,1.6397,4.8161,0.1126,0.0541,0.1672,0.3742,1.5476,0.1110,0.1450,0.0126,0.0232,0.5544,1.1675,-0.0000,0.1911,0.1714,0.0022,11.0899
1786332875.76,34.328,34.453,35.539,33.632,32.906,32.679,32.031,33.929,33.960,33.882,33.812,33.906,32.414,32.421,32.406,0.8037,0.8100,0.8000,0.8000,0.7988,0.8000,1.5025,1.5000,1.8013,1.7963,3.3150,1.2000,1.1013,0.0037,0.8788,1.2025,1.4938,1.6155,4.8114,0.1148,0.0544,0.1677,0.4604,1.5468,0.1103,0.1432,0.0117,0.0215,0.6924,1.1662,-0.0000,0.1900,0.1714,0.0030,11.2808
1786332876.76,34.250,34.242,35.539,33.218,32.945,32.601,31.187,33.351,33.929,33.929,33.578,33.531,32.492,32.437,32.687,0.8037,0.8087,0.7988,0.8013,0.7988,0.8000,1.5025,1.4988,1.8000,1.7963,3.3150,1.2000,1.1013,0.0037,0.8788,1.2025,1.4925,1.4950,4.8202,0.1138,0.0541,0.1673,0.3436,1.5348,0.1102,0.1449,0.0126,0.0265,0.5556,1.1662,-0.0000,0.1900,0.1714,0.0030,10.9091
1786332877.76,34.367,34.406,35.539,33.195,32.507,33.351,31.890,34.171,33.937,33.796,34.265,34.171,32.867,32.828,32.710,0.8037,0.8087,0.8000,0.8013,0.8000,0.8013,1.5025,1.5000,1.8013,1.7963,3.3150,1.2000,1.1025,0.0025,0.8788,1.2025,1.4938,1.6155,4.8202,0.1128,0.0545,0.1672,0.3457,1.5461,0.1103,0.1432,0.0135,0.0249,0.5526,1.1664,-0.0000,0.1911,0.1714,0.0030,11.0383
1786332878.76,34.218,34.453,35.539,33.171,32.914,32.984,31.320,34.453,34.210,33.992,33.703,34.078,32.421,32.460,32.992,0.8037,0.8100,0.7988,0.8013,0.7988,0.8000,1.5025,1.5000,1.8013,1.7963,3.3125,1.2000,1.1025,0.0037,0.8788,1.2025,1.4938,1.3503,4.8195,0.1190,0.0545,0.1669,0.3656,1.5326,0.1110,0.1432,0.0126,0.0232,0.5532,1.1675,-0.0000,0.1900,0.1729,0.0022,10.7842
1786332879.76,34.421,34.000,35.539,33.023,32.812,32.679,31.796,34.117,34.304,33.820,33.593,33.835,32.414,32.656,33.046,0.8025,0.8100,0.8013,0.8013,0.7988,0.8013,1.5012,1.5000,1.8013,1.7963,3.3163,1.2012,1.1000,0.0025,0.8788,1.2025,1.4938,1.5649,4.8276,0.1178,0.0545,0.1669,0.3726,1.5395,0.1103,0.1441,0.0117,0.0249,0.5550,1.1649,0.0000,0.1900,0.1714,0.0022,11.0182
1786332880.76,34.585,34.078,35.539,32.664,33.281,32.648,31.960,33.968,34.585,34.101,33.750,34.015,32.648,32.492,33.085,0.8037,0.8087,0.7988,0.8000,0.7988,0.8013,1.5025,1.5000,1.8013,1.7963,3.3150,1.2000,1.1025,0.0050,0.8775,1.2025,1.4938,1.8084,4.7959,0.1138,0.0544,0.1673,0.3730,1.5326,0.1103,0.1450,0.0126,0.0249,0.5538,1.1681,-0.0000,0.1909,0.1714,0.0022,11.2244
1786332881.76,34.312,34.117,35.539,33.429,33.210,32.789,31.250,34.468,33.789,34.281,33.773,34.000,32.851,32.726,32.703,0.8050,0.8087,0.8000,0.7988,0.7988,0.8013,1.5025,1.5000,1.8013,1.7950,3.3138,1.2000,1.1025,0.0037,0.8775,1.2012,1.4938,1.4732,4.7999,0.1116,0.0543,0.1669,0.3674,1.5371,0.1110,0.1441,0.0117,0.0232,0.5550,1.1675,0.0000,0.1931,0.1712,0.0030,10.8901
1786332882.76,34.445,34.695,35.539,33.210,33.078,33.289,31.570,34.695,34.273,34.132,33.968,34.257,32.492,32.304,32.789,0.8025,0.8100,0.8000,0.8000,0.8000,0.8013,1.5025,1.5000,1.8013,1.7963,3.3138,1.2000,1.1000,0.0037,0.8788,1.2038,1.4938,1.7816,4.8195,0.1128,0.0544,0.1676,0.3690,1.5453,0.1103,0.1432,0.0126,0.0215,0.5526,1.1649,-0.0000,0.1911,0.1715,0.0022,11.2201
1786332883.76,34.914,34.125,35.539,32.882,33.812,33.070,31.468,34.593,34.125,33.882,33.765,33.859,32.851,32.515,33.234,0.8037,0.8087,0.8000,0.8013,0.7988,0.8000,1.5025,1.5000,1.8000,1.7963,3.3138,1.2012,1.1013,0.0037,0.8788,1.2025,1.4938,1.6638,4.8161,0.1148,0.0541,0.1673,0.3664,1.5363,0.1103,0.1449,0.0126,0.0232,0.5538,1.1662,-0.0000,0.1900,0.1729,0.0022,11.0948
1786332884.76,34.914,34.203,35.539,33.039,32.640,32.976,31.562,34.203,34.000,33.703,33.679,33.843,32.398,32.093,32.593,0.8037,0.8087,0.8000,0.8013,0.8000,0.8000,1.5025,1.5000,1.8025,1.7963,3.3125,1.2000,1.1013,0.0050,0.8788,1.2038,1.4938,1.4468,4.8080,0.1176,0.0541,0.1680,0.3716,1.5476,0.1088,0.1442,0.0126,0.0232,0.5556,1.1662,-0.0000,0.1911,0.1715,0.0030,10.8898
1786332885.76,34.187,34.070,35.539,33.171,33.445,32.789,31.789,33.796,33.734,33.687,34.132,34.101,32.484,32.539,32.921,0.8037,0.8087,0.7988,0.8000,0.7988,0.8013,1.5025,1.5000,1.8013,1.7963,3.3150,1.2000,1.1013,0.0037,0.8775,1.2038,1.4938,1.3021,4.8080,0.1098,0.0544,0.1669,0.3762,1.5371,0.1095,0.1441,0.0126,0.0265,0.5544,1.1662,-0.0000,0.1887,0.1715,0.0030,10.7310
1786332886.76,34.390,34.210,35.539,33.390,33.109,32.679,31.437,34.078,33.593,33.976,33.835,33.906,32.664,32.390,33.359,0.8037,0.8100,0.7988,0.8000,0.7988,0.8013,1.5025,1.5000,1.8013,1.7963,3.3138,1.2000,1.1000,0.0025,0.8788,1.2038,1.4938,1.7361,4.8236,0.1190,0.0544,0.1669,0.3570,1.5491,0.1110,0.1432,0.0126,0.0232,0.5508,1.1649,-0.0000,0.1944,0.1715,0.0037,11.1814
1786332887.76,34.617,34.101,35.539,33.234,32.937,32.937,31.460,33.976,33.351,34.328,33.851,33.421,32.382,32.445,32.601,0.8025,0.8087,0.8000,0.8013,0.8000,0.8013,1.5025,1.5000,1.8000,1.7963,3.3138,1.2000,1.1013,0.0037,0.8775,1.2038,1.4938,2.1427,4.8121,0.1172,0.0541,0.1676,0.3469,1.5483,0.1110,0.1449,0.0117,0.0232,0.5526,1.1662,-0.0000,0.1909,0.1700,0.0015,11.5609
1786332888.76,34.140,34.046,35.539,32.960,33.203,32.750,31.218,34.046,33.679,33.812,33.789,34.039,32.210,32.554,33.171,0.8037,0.8100,0.8000,0.8013,0.8000,0.8025,1.5025,1.5000,1.8013,1.7950,3.3150,1.2000,1.1025,0.0037,0.8800,1.2025,1.4938,2.2907,4.8195,0.1168,0.0545,0.1676,0.3700,1.5371,0.1110,0.1441,0.0126,0.0249,0.5532,1.1675,-0.0000,0.1925,0.1729,0.0030,11.7377
1786332889.76,34.703,34.140,35.539,33.304,33.078,32.585,32.085,34.109,34.164,33.945,34.007,34.140,33.234,32.179,33.078,0.8037,0.8100,0.8000,0.8000,0.7988,0.8025,1.5025,1.5000,1.8013,1.7963,3.3138,1.2012,1.1000,0.0025,0.8788,1.2025,1.4925,1.3503,4.8276,0.1128,0.0540,0.1673,0.3663,1.5371,0.1110,0.1441,0.0117,0.0232,0.5520,1.1666,-0.0000,0.1911,0.1729,0.0030,10.7909
1786332890.76,34.703,34.453,35.539,33.273,33.203,33.148,31.742,33.906,34.453,33.976,34.015,33.992,32.242,32.437,32.578,0.8037,0.8100,0.7988,0.8013,0.7988,0.8013,1.5025,1.5012,1.8013,1.7950,3.3150,1.2000,1.1013,0.0037,0.8775,1.2025,1.4938,1.4709,4.8236,0.1118,0.0545,0.1677,0.3694,1.5371,0.1103,0.1441,0.0126,0.0249,0.5526,1.1673,-0.0000,0.1898,0.1714,0.0022,10.9100
1786332891.76,34.500,34.265,35.539,33.343,33.601,32.968,31.648,34.171,34.000,33.796,33.750,34.226,32.750,32.367,32.906,0.8037,0.8087,0.7988,0.8013,0.7988,0.8013,1.5025,1.5000,1.8000,1.7963,3.3150,1.2000,1.1013,0.0025,0.8775,1.2025,1.4938,1.4468,4.8080,0.1134,0.0545,0.1673,0.3662,1.5431,0.1095,0.1440,0.0126,0.0232,0.5502,1.1662,-0.0000,0.1898,0.1714,0.0022,10.8683
1786332892.76,34.523,34.226,35.539,32.992,32.968,33.085,31.546,34.070,34.226,33.914,33.843,33.953,32.632,32.156,32.898,0.8050,0.8087,0.7988,0.8000,0.7988,0.8013,1.5025,1.5000,1.8013,1.7963,3.3138,1.2012,1.1025,0.0037,0.8775,1.2025,1.4938,1.6664,4.8080,0.1142,0.0544,0.1677,0.3734,1.5401,0.1103,0.1441,0.0126,0.0265,0.5538,1.1664,-0.0000,0.1920,0.1699,0.0030,11.1026
1786332893.76,34.335,34.148,35.539,33.273,32.945,32.781,32.000,34.609,34.320,34.148,34.398,34.445,32.468,32.476,32.796,0.8025,0.8100,0.8000,0.8013,0.8000,0.8000,1.5025,1.5012,1.8013,1.7963,3.3150,1.2000,1.1025,0.0037,0.8788,1.2025,1.4938,1.5890,4.8276,0.1176,0.0545,0.1680,0.3660,1.5416,0.1111,0.1450,0.0126,0.0232,0.5538,1.1675,-0.0000,0.1911,0.1729,0.0030,11.0444
1786332894.76,34.695,33.835,35.539,33.429,32.828,32.898,31.007,33.609,33.835,33.687,34.000,33.664,32.406,32.562,32.851,0.8037,0.8087,0.8000,0.8013,0.7975,0.8013,1.5025,1.5000,1.8013,1.7963,3.3150,1.2000,1.1013,0.0050,0.8788,1.2025,1.4938,1.3503,4.8161,0.1120,0.0545,0.1667,0.3698,1.5423,0.1095,0.1441,0.0126,0.0249,0.5550,1.1668,-0.0000,0.1900,0.1714,0.0030,10.7888
1786332895.76,34.351,34.039,35.539,33.203,33.023,32.773,31.914,33.906,33.796,33.828,33.828,33.648,32.320,32.218,32.601,0.8037,0.8087,0.7988,0.8000,0.7988,0.8000,1.5025,1.4988,1.8000,1.7975,3.3150,1.2012,1.1000,0.0025,0.8788,1.2025,1.4925,2.0254,4.8161,0.1126,0.0540,0.1677,0.3580,1.5341,0.1109,0.1431,0.0117,0.0249,0.5538,1.1655,-0.0000,0.1900,0.1729,0.0030,11.4436
1786332896.76,34.492,34.437,35.539,33.062,33.203,32.765,31.742,33.945,33.820,34.562,33.804,34.429,32.546,32.476,32.796,0.8050,0.8087,0.7988,0.8013,0.8000,0.8000,1.5025,1.5000,1.8013,1.7950,3.3150,1.2012,1.1013,0.0037,0.8788,1.2025,1.4925,1.1351,4.8040,0.1150,0.0545,0.1676,0.3740,1.5461,0.1103,0.1441,0.0108,0.0232,0.5556,1.1662,-0.0000,0.1911,0.1714,0.0030,10.5718
1786332897.76,34.601,34.039,35.539,33.179,33.070,32.734,31.531,33.875,33.992,34.125,33.648,34.234,32.742,32.320,32.937,0.8037,0.8087,0.7988,0.8013,0.8000,0.8000,1.5012,1.5000,1.8013,1.7963,3.3150,1.2000,1.1013,0.0037,0.8775,1.2038,1.4938,1.8084,4.8161,0.1134,0.0541,0.1680,0.5224,1.5343,0.1103,0.1441,0.0126,0.0232,0.7194,1.1668,-0.0000,0.1909,0.1715,0.0030,11.5584
1786332898.76,34.523,34.195,35.539,33.375,32.742,33.023,31.460,34.414,34.195,33.898,33.726,34.179,32.507,32.539,33.109,0.8037,0.8087,0.8000,0.8013,0.8000,0.8013,1.5025,1.4988,1.8013,1.7963,3.3150,1.2012,1.1013,0.0037,0.8788,1.2025,1.4938,2.0254,4.8485,0.1136,0.0541,0.1676,0.3698,1.5371,0.1102,0.1432,0.0126,0.0232,0.5550,1.1657,-0.0000,0.1911,0.1684,0.0030,11.4883
1786332899.76,34.328,34.039,35.539,33.156,32.828,33.132,31.929,33.890,33.453,33.687,33.640,33.929,32.585,32.531,32.789,0.8037,0.8087,0.8000,0.8013,0.7975,0.8013,1.5025,1.4988,1.8013,1.7975,3.3138,1.2000,1.1000,0.0050,0.8788,1.2025,1.4938,1.6397,4.8161,0.1084,0.0545,0.1675,0.3798,1.5363,0.1102,0.1432,0.0135,0.0249,0.5556,1.1643,-0.0000,0.1900,0.1699,0.0037,11.0775
1786332900.76,34.453,34.492,35.539,33.328,33.203,32.632,31.921,34.492,34.203,33.710,34.250,33.859,32.828,32.562,33.039,0.8037,0.8113,0.8000,0.8000,0.7988,0.8013,1.5025,1.5000,1.8025,1.7950,3.3138,1.2025,1.1013,0.0037,0.8788,1.2038,1.4938,2.0013,4.8269,0.1124,0.0544,0.1673,0.3690,1.5468,0.1110,0.1442,0.0126,0.0232,0.5532,1.1673,-0.0000,0.1900,0.1700,0.0030,11.4527
1786332901.76,34.531,34.046,35.539,33.226,32.617,32.375,31.953,34.328,33.835,33.695,33.882,34.187,32.664,32.367,32.593,0.8050,0.8100,0.7988,0.8013,0.8000,0.8013,1.5025,1.4988,1.8013,1.7950,3.3125,1.2000,1.1013,0.0037,0.8788,1.2025,1.4938,2.5358,4.8236,0.1142,0.0541,0.1676,0.3730,1.5386,0.1102,0.1441,0.0126,0.0248,0.5520,1.1662,-0.0000,0.1900,0.1729,0.0022,11.9818
1786332902.76,34.460,34.828,35.539,33.375,32.921,32.906,31.703,34.828,33.968,33.640,33.945,34.218,32.343,32.562,32.726,0.8025,0.8087,0.8000,0.8000,0.7988,0.8013,1.5012,1.5000,1.8013,1.7975,3.3150,1.2000,1.1025,0.0050,0.8775,1.2025,1.4938,1.4926,4.8202,0.1136,0.0536,0.1669,0.3686,1.5380,0.1118,0.1432,0.0126,0.0215,0.5526,1.1675,0.0000,0.1909,0.1699,0.0030,10.9265
1786332903.76,34.382,34.226,35.539,33.328,33.132,32.648,31.734,33.750,34.148,33.671,33.804,33.867,32.453,32.460,32.984,0.8037,0.8100,0.7988,0.8000,0.7975,0.8013,1.5025,1.5000,1.8013,1.7963,3.3150,1.2000,1.1013,0.0037,0.8775,1.2025,1.4938,1.0368,4.8236,0.1158,0.0544,0.1667,0.3774,1.5378,0.1095,0.1432,0.0126,0.0232,0.5532,1.1673,-0.0000,0.1909,0.1699,0.0030,10.4852
1786332904.76,34.335,34.234,35.539,32.851,32.890,32.984,31.546,34.234,34.039,34.351,34.281,33.968,32.515,32.507,32.656,0.8037,0.8087,0.8000,0.8000,0.7988,0.8013,1.5025,1.4988,1.8013,1.7975,3.3125,1.2012,1.1013,0.0025,0.8788,1.2025,1.4938,1.6155,4.8282,0.1144,0.0540,0.1673,0.3766,1.5356,0.1094,0.1450,0.0117,0.0215,0.5532,1.1662,-0.0000,0.1911,0.1729,0.0030,11.0656
1786332905.76,34.585,34.203,35.539,33.453,32.742,33.054,31.640,33.835,34.000,33.890,34.164,33.960,32.671,32.296,33.148,0.8037,0.8087,0.8013,0.8013,0.7988,0.8000,1.5025,1.5000,1.8013,1.7963,3.3150,1.1987,1.1013,0.0037,0.8788,1.2038,1.4950,1.6397,4.8040,0.1182,0.0541,0.1673,0.3704,1.5438,0.1103,0.1432,0.0135,0.0232,0.5508,1.1668,-0.0000,0.1911,0.1730,0.0022,11.0716
1786332906.76,34.570,34.132,35.539,33.210,33.195,32.656,31.726,34.132,34.125,33.570,33.757,33.914,32.656,32.343,32.750,0.8037,0.8100,0.7988,0.8000,0.7988,0.8013,1.5025,1.5000,1.8013,1.7963,3.3150,1.1987,1.1000,0.0037,0.8788,1.2025,1.4938,1.4468,4.8236,0.1142,0.0540,0.1669,0.3710,1.5401,0.1110,0.1450,0.0126,0.0215,0.5526,1.1666,-0.0000,0.1900,0.1729,0.0030,10.8917
1786332907.76,34.234,34.164,35.539,33.132,32.875,32.625,31.656,33.921,34.203,33.937,33.648,33.921,32.335,32.789,32.617,0.8037,0.8100,0.8000,0.8013,0.7988,0.8013,1.5025,1.5000,1.8013,1.7950,3.3138,1.2012,1.1013,0.0037,0.8775,1.2025,1.4938,1.6879,4.8317,0.1160,0.0549,0.1673,0.3694,1.5408,0.1110,0.1432,0.0126,0.0232,0.5538,1.1662,-0.0000,0.1909,0.1714,0.0030,11.1431
1786332908.76,34.187,33.945,35.539,33.500,33.125,32.531,31.304,33.687,33.945,33.648,33.890,34.046,32.445,32.265,32.976,0.8037,0.8087,0.8000,0.8000,0.7988,0.8000,1.5025,1.5012,1.8013,1.7937,3.3150,1.2012,1.1013,0.0037,0.8775,1.2038,1.4938,1.3262,4.8121,0.1160,0.0540,0.1669,0.3664,1.5438,0.1103,0.1432,0.0126,0.0215,0.5514,1.1662,-0.0000,0.1909,0.1715,0.0022,10.7553
1786332909.76,34.804,34.085,35.539,33.312,33.031,32.710,31.609,33.945,34.226,34.156,34.187,34.359,32.460,32.812,32.632,0.8037,0.8100,0.8000,0.8000,0.7988,0.8013,1.5012,1.5000,1.8025,1.7963,3.3138,1.1987,1.1013,0.0050,0.8788,1.2025,1.4950,1.7120,4.8033,0.1096,0.0544,0.1677,0.3690,1.5305,0.1103,0.1442,0.0117,0.0232,0.5688,1.1673,-0.0000,0.1922,0.1714,0.0022,11.1378
1786332910.76,34.421,34.171,35.539,33.437,33.304,32.875,31.625,33.867,34.171,33.679,33.828,33.984,32.164,32.273,32.718,0.8037,0.8087,0.7988,0.8000,0.7988,0.8013,1.5025,1.5000,1.8025,1.7963,3.3163,1.2012,1.1013,0.0037,0.8788,1.2038,1.4950,1.9049,4.8080,0.1114,0.0544,0.1673,0.3734,1.5476,0.1110,0.1451,0.0126,0.0232,0.5520,1.1668,0.0000,0.1922,0.1715,0.0030,11.3444
1786332911.76,34.406,34.617,35.539,32.992,33.328,33.101,31.695,33.835,34.132,33.679,33.632,34.007,32.648,32.382,32.968,0.8037,0.8087,0.7988,0.8000,0.8000,0.8000,1.5025,1.5000,1.8013,1.7963,3.3150,1.2000,1.1013,0.0037,0.8775,1.2038,1.4938,1.3985,4.8121,0.1122,0.0540,0.1672,0.3740,1.5363,0.1110,0.1432,0.0126,0.0232,0.5520,1.1662,-0.0000,0.1898,0.1715,0.0030,10.8268
1786332912.76,34.007,34.421,35.539,33.445,32.531,32.664,31.820,34.046,34.312,34.289,33.703,33.484,32.867,32.179,32.617,0.8037,0.8100,0.8000,0.8013,0.7988,0.8000,1.5025,1.4988,1.8013,1.7963,3.3138,1.2000,1.1000,0.0037,0.8788,1.2038,1.4950,1.4468,4.8236,0.1164,0.0541,0.1665,0.3680,1.5356,0.1094,0.1450,0.0117,0.0232,0.5520,1.1671,-0.0000,0.1900,0.1700,0.0030,10.8823
1786332913.76,34.492,34.296,35.539,33.164,32.914,32.945,31.742,34.304,34.140,33.812,34.203,33.875,32.273,32.257,33.070,0.8037,0.8087,0.7988,0.8013,0.7988,0.8000,1.5025,1.5000,1.8013,1.7963,3.3150,1.2012,1.1000,0.0037,0.8788,1.2025,1.4938,2.0496,4.8080,0.1110,0.0545,0.1673,0.3740,1.5371,0.1103,0.1441,0.0117,0.0232,0.5568,1.1649,-0.0000,0.1900,0.1699,0.0030,11.4753
1786332914.76,34.351,34.617,35.539,33.125,33.351,32.851,31.718,33.937,34.617,33.882,33.812,33.492,32.343,32.234,32.953,0.8037,0.8100,0.8000,0.8013,0.8000,0.8013,1.5025,1.5000,1.8013,1.7963,3.3150,1.2000,1.1000,0.0025,0.8788,1.2025,1.4938,1.7843,4.8276,0.1140,0.0541,0.1680,0.3698,1.5371,0.1095,0.1441,0.0126,0.0215,0.5520,1.1643,-0.0000,0.1911,0.1699,0.0030,11.2229
1786332915.76,34.328,34.140,35.539,33.203,33.007,32.593,31.406,34.007,33.726,33.664,33.757,34.070,32.718,32.242,32.726,0.8037,0.8100,0.8000,0.8013,0.7988,0.8013,1.5038,1.5000,1.8013,1.7963,3.3138,1.2000,1.1025,0.0037,0.8788,1.2025,1.4938,1.8567,4.8236,0.1104,0.0545,0.1669,0.3722,1.5489,0.1095,0.1432,0.0126,0.0232,0.5544,1.1675,-0.0000,0.1900,0.1714,0.0030,11.3079
1786332916.76,34.320,34.335,35.539,33.109,33.531,33.046,31.523,34.335,34.273,33.921,33.648,33.937,32.625,32.492,33.046,0.8037,0.8075,0.7988,0.7988,0.8013,0.8013,1.5025,1.5000,1.8013,1.7950,3.3150,1.2000,1.1013,0.0025,0.8788,1.2025,1.4938,1.4950,4.8087,0.1126,0.0543,0.1679,0.3742,1.5356,0.1103,0.1441,0.0126,0.0232,0.5544,1.1657,-0.0000,0.1900,0.1714,0.0022,10.9220
1786332917.76,34.289,34.078,35.539,33.796,33.343,33.171,31.492,33.796,34.359,34.000,33.804,33.984,32.695,32.437,32.796,0.8037,0.8087,0.8000,0.8000,0.7988,0.8013,1.5025,1.5000,1.8013,1.7963,3.3150,1.2012,1.1013,0.0025,0.8788,1.2025,1.4938,1.9049,4.8202,0.1176,0.0544,0.1673,0.3694,1.5461,0.1103,0.1441,0.0126,0.0249,0.5532,1.1662,-0.0000,0.1900,0.1714,0.0030,11.3554
1786332918.76,34.257,34.320,35.539,33.070,33.250,32.867,31.679,33.609,34.445,33.937,34.132,33.914,32.359,32.453,32.835,0.8037,0.8113,0.7988,0.8013,0.7988,0.8013,1.5025,1.5012,1.8013,1.7950,3.3150,1.2000,1.1013,0.0037,0.8775,1.2025,1.4938,0.8680,4.8310,0.1146,0.0541,0.1673,0.5825,1.5348,0.1103,0.1441,0.0135,0.0232,0.5562,1.1673,-0.0000,0.1898,0.1714,0.0030,10.5311
1786332919.76,34.593,34.031,35.539,33.460,33.007,32.875,31.406,33.570,34.101,33.921,34.070,34.132,32.359,32.398,32.375,0.8037,0.8087,0.8000,0.8013,0.7988,0.8000,1.5025,1.4988,1.8013,1.7950,3.3163,1.2012,1.1013,0.0037,0.8775,1.2025,1.4938,1.7361,4.8161,0.1112,0.0541,0.1665,0.3632,1.5326,0.1109,0.1450,0.0117,0.0232,0.5532,1.1651,-0.0000,0.1909,0.1714,0.0045,11.1556
1786332920.76,34.484,34.148,35.539,33.242,32.875,32.875,31.546,34.148,34.328,34.210,33.796,33.804,32.304,32.328,32.601,0.8050,0.8100,0.7988,0.8013,0.7988,0.8013,1.5025,1.4988,1.8013,1.7963,3.3138,1.2000,1.1025,0.0037,0.8775,1.2025,1.4938,1.9320,4.8317,0.1202,0.0545,0.1673,0.3738,1.5393,0.1102,0.1441,0.0117,0.0232,0.5538,1.1675,-0.0000,0.1909,0.1699,0.0022,11.3922
1786332921.76,34.226,34.015,35.539,33.140,33.171,33.023,31.531,34.414,33.820,33.734,34.031,34.007,32.078,32.062,32.593,0.8037,0.8087,0.8000,0.8000,0.7988,0.8013,1.5025,1.5000,1.8000,1.7963,3.3138,1.2000,1.1013,0.0037,0.8788,1.2025,1.4950,2.3148,4.8161,0.1088,0.0540,0.1673,0.3730,1.5341,0.1110,0.1431,0.0126,0.0232,0.5514,1.1662,0.0000,0.1911,0.1714,0.0030,11.7410
1786332922.76,34.515,33.976,35.539,33.460,33.109,32.820,31.757,33.773,33.937,33.828,33.882,33.453,32.414,32.640,32.976,0.8037,0.8087,0.7988,0.8013,0.8000,0.8000,1.5025,1.5000,1.8013,1.7963,3.3163,1.2000,1.1013,0.0037,0.8775,1.2012,1.4938,1.0610,4.8161,0.1094,0.0545,0.1676,0.3704,1.5386,0.1095,0.1432,0.0126,0.0232,0.5526,1.1657,0.0000,0.1909,0.1727,0.0030,10.4908
1786332923.76,34.367,34.429,35.539,33.476,32.601,32.890,31.078,33.765,34.273,33.851,33.609,34.070,32.804,32.656,33.210,0.8037,0.8087,0.8000,0.8000,0.8000,0.8013,1.5025,1.5000,1.8013,1.7963,3.3150,1.2000,1.1013,0.0037,0.8788,1.2038,1.4938,1.3744,4.8161,0.1156,0.0544,0.1672,0.3798,1.5341,0.1110,0.1450,0.0126,0.0232,0.5526,1.1662,-0.0000,0.1911,0.1700,0.0030,10.8163
1786332924.76,34.453,34.460,35.539,33.546,32.953,32.742,31.609,34.046,33.953,33.210,33.585,34.039,32.554,32.507,32.460,0.8050,0.8075,0.7975,0.8013,0.7988,0.8000,1.5025,1.4988,1.8013,1.7975,3.3150,1.2000,1.1025,0.0050,0.8788,1.2012,1.4938,1.8837,4.8167,0.1156,0.0545,0.1677,0.3684,1.5386,0.1102,0.1450,0.0135,0.0232,0.5532,1.1675,-0.0000,0.1900,0.1712,0.0022,11.3213
1786332925.76,34.554,34.289,35.539,32.773,33.000,32.414,31.734,33.664,33.898,33.726,33.539,34.054,32.703,32.250,32.570,0.8037,0.8100,0.8000,0.8000,0.7988,0.8000,1.5025,1.5000,1.8013,1.7963,3.3163,1.1987,1.1013,0.0050,0.8788,1.2025,1.4938,1.6879,4.8155,0.1132,0.0540,0.1673,0.3696,1.5498,0.1118,0.1441,0.0117,0.0249,0.5496,1.1662,-0.0000,0.1889,0.1714,0.0030,11.1288
1786332926.76,34.390,34.109,35.539,33.335,33.304,32.859,31.375,34.109,33.781,34.007,33.476,33.632,32.562,32.515,32.757,0.8037,0.8100,0.8000,0.8000,0.8000,0.8000,1.5025,1.5012,1.8025,1.7963,3.3138,1.2012,1.1013,0.0037,0.8788,1.2025,1.4925,1.7361,4.8236,0.1132,0.0540,0.1676,0.3680,1.5393,0.1103,0.1433,0.0126,0.0249,0.5520,1.1662,-0.0000,0.1922,0.1699,0.0030,11.1761
1786332927.76,34.335,34.187,35.539,33.210,32.914,33.101,31.414,34.195,33.890,33.515,33.421,33.921,32.476,32.562,32.789,0.8025,0.8100,0.7988,0.8000,0.8000,0.8013,1.5025,1.5000,1.8013,1.7950,3.3138,1.1987,1.1013,0.0037,0.8775,1.2038,1.4925,1.7093,4.8114,0.1182,0.0544,0.1680,0.3742,1.5483,0.1095,0.1441,0.0135,0.0232,0.5532,1.1657,-0.0000,0.1909,0.1700,0.0037,11.1576
1786332928.76,34.367,34.156,35.539,33.289,33.117,33.085,31.468,33.703,33.867,33.164,33.828,33.976,32.492,32.570,32.820,0.8037,0.8087,0.7988,0.8013,0.7988,0.8025,1.5012,1.5000,1.8013,1.7963,3.3138,1.2000,1.1013,0.0013,0.8788,1.2025,1.4938,1.5432,4.8161,0.1134,0.0545,0.1673,0.3639,1.5373,0.1110,0.1441,0.0108,0.0249,0.5532,1.1668,-0.0000,0.1900,0.1714,0.0030,10.9708
1786332929.76,34.281,34.132,35.539,33.281,33.109,32.742,31.125,33.539,34.156,33.843,33.617,34.140,32.539,32.476,32.398,0.8037,0.8087,0.7988,0.8013,0.7988,0.8013,1.5025,1.5000,1.8013,1.7963,3.3138,1.2000,1.1025,0.0037,0.8788,1.2025,1.4938,1.8326,4.8242,0.1118,0.0545,0.1677,0.3690,1.5393,0.1103,0.1441,0.0117,0.0232,0.5508,1.1675,-0.0000,0.1900,0.1729,0.0030,11.2725
1786332930.76,34.609,34.140,35.539,32.906,33.125,33.085,31.390,34.000,33.578,33.781,33.625,33.757,32.179,32.679,32.476,0.8037,0.8100,0.8000,0.8000,0.8000,0.8013,1.5025,1.5000,1.8013,1.7963,3.3138,1.2000,1.1013,0.0037,0.8788,1.2038,1.4950,0.9886,4.8195,0.1128,0.0544,0.1676,0.3766,1.5378,0.1103,0.1432,0.0126,0.0215,0.5526,1.1662,-0.0000,0.1922,0.1715,0.0030,10.4304
1786332931.76,34.453,34.242,35.539,33.101,32.890,32.554,31.398,33.671,34.046,33.953,33.453,33.921,32.421,32.585,33.109,0.8037,0.8100,0.8000,0.8000,0.8000,0.8013,1.5025,1.5000,1.8013,1.7963,3.3138,1.2000,1.1025,0.0050,0.8775,1.2038,1.4938,1.8326,4.8195,0.1104,0.0540,0.1676,0.3690,1.5378,0.1095,0.1441,0.0117,0.0232,0.5520,1.1681,-0.0000,0.1887,0.1715,0.0022,11.2618
1786332932.76,34.484,33.875,35.539,33.242,33.031,32.726,31.359,33.476,33.617,33.687,33.781,33.945,32.875,32.367,32.929,0.8037,0.8075,0.7988,0.8013,0.7988,0.8013,1.5025,1.4988,1.8013,1.7975,3.3150,1.2012,1.1013,0.0037,0.8775,1.2025,1.4950,1.9531,4.8046,0.1150,0.0541,0.1677,0.3742,1.5461,0.1094,0.1441,0.0126,0.0232,0.5568,1.1668,-0.0000,0.1887,0.1714,0.0030,11.3907
1786332933.76,34.421,34.164,35.539,33.273,33.062,33.093,31.265,34.062,34.062,34.054,33.414,34.125,32.554,32.601,33.078,0.8037,0.8100,0.7988,0.7988,0.7988,0.8013,1.5025,1.5000,1.8013,1.7963,3.3150,1.2000,1.1013,0.0037,0.8788,1.2012,1.4938,1.6638,4.8155,0.1130,0.0539,0.1673,0.3978,1.5333,0.1103,0.1441,0.0108,0.0232,0.5508,1.1668,-0.0000,0.1889,0.1712,0.0030,11.1136
1786332934.76,34.390,33.828,35.539,32.804,33.125,32.921,31.804,34.218,33.742,33.781,33.718,33.664,32.312,32.242,32.570,0.8037,0.8100,0.7988,0.8000,0.7988,0.8013,1.5012,1.5012,1.8013,1.7963,3.3150,1.2012,1.1013,0.0037,0.8788,1.2025,1.4938,1.5914,4.8195,0.1126,0.0540,0.1673,0.3606,1.5418,0.1103,0.1432,0.0108,0.0232,0.5520,1.1657,-0.0000,0.1889,0.1699,0.0030,11.0142
1786332935.76,34.421,34.406,35.539,33.031,32.992,33.296,31.367,33.953,33.968,34.101,33.796,33.804,32.476,32.578,33.062,0.8037,0.8100,0.7988,0.8013,0.7988,0.8000,1.5025,1.5012,1.8013,1.7963,3.3138,1.1987,1.1013,0.0025,0.8788,1.2025,1.4950,1.6155,4.8236,0.1118,0.0545,0.1673,0.3716,1.5416,0.1103,0.1432,0.0126,0.0232,0.5538,1.1662,-0.0000,0.1900,0.1714,0.0030,11.0596
1786332936.76,34.664,34.187,35.539,33.078,32.984,32.906,31.578,33.445,34.117,33.875,33.578,33.554,32.757,32.523,32.890,0.8037,0.8087,0.7988,0.8013,0.7988,0.8025,1.5025,1.5000,1.8013,1.7937,3.3150,1.2000,1.1013,0.0037,0.8788,1.2025,1.4950,1.3503,4.8040,0.1138,0.0545,0.1673,0.3704,1.5326,0.1103,0.1423,0.0126,0.0249,0.5508,1.1668,-0.0000,0.1922,0.1729,0.0030,10.7684
1786332937.76,34.367,34.156,35.539,33.507,32.734,32.507,31.257,34.148,34.046,33.921,33.601,33.757,32.132,32.531,32.585,0.8037,0.8100,0.8000,0.8000,0.8000,0.8013,1.5025,1.5012,1.8013,1.7963,3.3150,1.2012,1.1013,0.0037,0.8788,1.2025,1.4950,1.7843,4.8236,0.1148,0.0544,0.1676,0.3634,1.5453,0.1096,0.1441,0.0117,0.0249,0.5556,1.1668,-0.0000,0.1889,0.1729,0.0037,11.2315
1786332938.76,34.335,33.968,35.539,32.664,32.976,32.843,31.632,33.835,33.820,33.531,33.648,33.710,32.578,32.601,33.039,0.8037,0.8100,0.8000,0.7988,0.7988,0.8013,1.5038,1.5000,1.8013,1.7950,3.3150,1.2012,1.1013,0.0037,0.8775,1.2038,1.4938,1.3985,4.8276,0.1152,0.0543,0.1669,0.3698,1.5361,0.1110,0.1441,0.0126,0.0249,0.5574,1.1673,-0.0000,0.1909,0.1715,0.0030,10.8510
1786332939.76,34.671,34.117,35.539,33.359,33.054,32.710,31.593,33.750,34.234,33.687,34.023,34.093,32.179,31.937,33.117,0.8037,0.8100,0.7988,0.8000,0.7988,0.8000,1.5025,1.4988,1.8025,1.7963,3.3150,1.2012,1.1000,0.0025,0.8788,1.2025,1.4938,1.5191,4.8195,0.1094,0.0540,0.1673,0.3692,1.5371,0.1102,0.1442,0.0126,0.0249,0.5538,1.1649,-0.0000,0.1900,0.1684,0.0022,10.9467
1786332940.76,34.437,33.882,35.539,33.585,33.007,32.835,31.515,33.882,33.468,33.937,34.210,33.992,32.351,32.929,32.593,0.8025,0.8100,0.7988,0.8000,0.7988,0.8013,1.5025,1.4988,1.8013,1.7950,3.3138,1.2000,1.1013,0.0037,0.8788,1.2038,1.4938,2.0223,4.8276,0.1154,0.0544,0.1669,0.3730,1.5371,0.1102,0.1441,0.0126,0.0232,0.5532,1.1668,-0.0000,0.1911,0.1730,0.0030,11.4738
1786332941.76,34.367,34.031,35.539,32.710,32.890,32.781,31.398,34.148,33.617,33.570,33.710,34.093,32.640,32.351,32.570,0.8037,0.8100,0.7988,0.8013,0.7988,0.8013,1.5025,1.4988,1.8000,1.7963,3.3150,1.2012,1.1025,0.0037,0.8788,1.2025,1.4938,1.7120,4.8195,0.1166,0.0545,0.1681,0.3690,1.5363,0.1109,0.1440,0.0126,0.0249,0.5544,1.1681,0.0000,0.1911,0.1714,0.0030,11.1563
1786332942.76,34.500,34.421,35.539,33.273,32.789,32.820,31.750,34.078,33.515,34.101,33.523,33.320,32.375,32.406,32.937,0.8037,0.8075,0.7975,0.8000,0.7988,0.8013,1.5012,1.5000,1.8000,1.7963,3.3150,1.2000,1.1013,0.0050,0.8788,1.2025,1.4925,1.8326,4.8248,0.1101,0.0548,0.1677,0.3674,1.5463,0.1103,0.1431,0.0126,0.0249,0.5538,1.1657,-0.0000,0.1911,0.1714,0.0022,11.2786
1786332943.76,34.421,34.304,35.539,32.914,32.718,32.601,31.226,33.851,34.281,33.968,33.781,33.593,32.554,32.640,32.742,0.8037,0.8100,0.7988,0.8000,0.7988,0.8013,1.5025,1.5000,1.8013,1.7963,3.3150,1.2000,1.1000,0.0037,0.8775,1.2050,1.4950,1.8808,4.8276,0.1126,0.0544,0.1669,0.3690,1.5363,0.1110,0.1450,0.0126,0.0215,0.5580,1.1660,-0.0000,0.1898,0.1717,0.0030,11.3262
1786332944.76,34.492,34.320,35.539,32.742,32.859,32.648,31.484,33.781,34.039,33.960,33.804,33.757,32.460,32.765,32.859,0.8037,0.8100,0.8000,0.8000,0.8000,0.8013,1.5012,1.5000,1.8013,1.7963,3.3150,1.2000,1.1013,0.0037,0.8775,1.2025,1.4938,1.6638,4.8236,0.1136,0.0544,0.1672,0.3738,1.5463,0.1103,0.1441,0.0135,0.0265,0.5544,1.1662,-0.0000,0.1898,0.1699,0.0030,11.1201
1786332945.76,34.351,34.304,35.539,33.039,33.093,33.250,31.437,34.031,34.015,34.046,33.437,33.992,32.382,32.765,33.085,0.8037,0.8100,0.8000,0.8000,0.8000,0.8013,1.5025,1.5000,1.8013,1.7950,3.3150,1.2000,1.1013,0.0037,0.8788,1.2038,1.4938,2.0496,4.8317,0.1100,0.0540,0.1676,0.3738,1.5363,0.1118,0.1432,0.0117,0.0265,0.5586,1.1668,-0.0000,0.1900,0.1715,0.0030,11.5060
1786332946.76,34.343,34.320,35.539,33.351,33.250,33.085,31.804,34.203,34.593,33.867,33.773,34.195,32.695,32.039,32.843,0.8037,0.8087,0.7988,0.8000,0.7988,0.8013,1.5025,1.4988,1.8013,1.7975,3.3150,1.2000,1.1013,0.0050,0.8775,1.2038,1.4938,1.6397,4.8040,0.1158,0.0544,0.1673,0.3710,1.5356,0.1109,0.1432,0.0126,0.0232,0.5604,1.1662,-0.0000,0.1909,0.1700,0.0030,11.0681
1786332947.76,34.304,34.296,35.539,32.882,33.554,33.015,31.703,33.515,33.898,34.093,33.781,33.812,32.648,32.187,32.750,0.8037,0.8100,0.7988,0.8013,0.7988,0.8013,1.5025,1.4988,1.8013,1.7963,3.3150,1.2000,1.1013,0.0025,0.8788,1.2038,1.4938,1.8326,4.8357,0.1130,0.0545,0.1677,0.5645,1.5386,0.1109,0.1432,0.0117,0.0232,0.6084,1.1673,-0.0000,0.1889,0.1730,0.0030,11.5362
1786332948.76,34.578,34.359,35.539,33.296,32.835,32.968,31.851,34.171,34.242,33.726,34.007,33.656,32.421,32.531,33.320,0.8037,0.8087,0.7988,0.8013,0.7988,0.8000,1.5025,1.5000,1.8013,1.7963,3.3150,1.2012,1.1013,0.0037,0.8788,1.2025,1.4925,1.1574,4.8080,0.1142,0.0545,0.1673,0.3924,1.5333,0.1095,0.1450,0.0126,0.0232,0.5526,1.1668,-0.0000,0.1900,0.1699,0.0030,10.5997
1786332949.76,34.437,34.015,35.539,33.179,32.984,33.382,31.914,34.203,33.828,34.062,33.851,33.750,32.546,32.171,32.851,0.8037,0.8087,0.8000,0.8000,0.7988,0.8000,1.5025,1.4988,1.8013,1.7963,3.3138,1.2000,1.1013,0.0037,0.8775,1.2038,1.4938,2.0978,4.8202,0.1180,0.0544,0.1673,0.3716,1.5386,0.1094,0.1441,0.0126,0.0232,0.5550,1.1662,-0.0000,0.1920,0.1715,0.0030,11.5448
1786332950.76,34.539,34.000,35.539,33.218,33.015,32.820,31.781,34.210,33.968,33.945,33.453,33.640,32.304,32.171,32.976,0.8037,0.8087,0.8000,0.8000,0.7988,0.8013,1.5025,1.4988,1.8025,1.7963,3.3138,1.2000,1.1013,0.0037,0.8788,1.2038,1.4938,2.0737,4.8202,0.1188,0.0540,0.1673,0.3750,1.5341,0.1102,0.1433,0.0126,0.0249,0.5508,1.1673,-0.0000,0.1911,0.1700,0.0030,11.5161
1786332951.76,34.429,34.414,35.539,33.187,33.546,32.937,31.398,34.000,34.335,33.539,33.367,34.054,32.328,32.398,32.835,0.8037,0.8087,0.7975,0.8013,0.7988,0.8013,1.5025,1.5012,1.8025,1.7963,3.3138,1.2012,1.1000,0.0037,0.8775,1.2038,1.4938,1.8808,4.8121,0.1124,0.0549,0.1673,0.3594,1.5378,0.1096,0.1442,0.0126,0.0232,0.5550,1.1660,-0.0000,0.1876,0.1715,0.0030,11.2973
1786332952.76,34.257,34.562,35.539,33.156,32.773,32.875,31.718,34.343,34.015,33.562,33.468,34.234,32.546,32.664,33.125,0.8037,0.8075,0.7988,0.8013,0.7988,0.8000,1.5012,1.5000,1.8000,1.7975,3.3138,1.2000,1.1013,0.0037,0.8788,1.2038,1.4938,1.0368,4.8288,0.1170,0.0545,0.1673,0.3732,1.5455,0.1110,0.1431,0.0126,0.0232,0.5526,1.1662,-0.0000,0.1911,0.1745,0.0030,10.5006
1786332953.76,34.601,34.273,35.539,33.343,32.554,33.125,32.046,34.093,33.859,34.031,33.726,34.078,32.218,31.648,32.835,0.8037,0.8087,0.7988,0.8000,0.7988,0.8000,1.5025,1.5000,1.8013,1.7950,3.3150,1.2012,1.1025,0.0025,0.8788,1.2025,1.4938,1.4226,4.8202,0.1162,0.0540,0.1677,0.3684,1.5386,0.1110,0.1450,0.0135,0.0232,0.5532,1.1687,-0.0000,0.1900,0.1714,0.0037,10.8673
1786332954.76,34.664,34.078,35.539,33.648,33.320,32.882,31.968,34.046,34.203,33.679,33.859,34.140,32.515,32.804,33.054,0.8037,0.8100,0.7988,0.8000,0.7975,0.8025,1.5038,1.5000,1.8000,1.7975,3.3150,1.2000,1.1000,0.0037,0.8788,1.2025,1.4938,1.4226,4.8398,0.1162,0.0544,0.1671,0.3659,1.5496,0.1103,0.1422,0.0117,0.0232,0.5502,1.1655,-0.0000,0.1911,0.1714,0.0030,10.8841
1786332955.76,34.460,34.156,35.539,33.382,32.960,32.765,31.882,33.984,34.226,33.679,34.000,33.890,32.203,32.171,32.796,0.8037,0.8087,0.8000,0.8013,0.7988,0.8000,1.5025,1.4988,1.8000,1.7963,3.3150,1.2000,1.1013,0.0037,0.8775,1.2025,1.4938,2.6283,4.8121,0.1104,0.0541,0.1669,0.3816,1.5363,0.1102,0.1431,0.0117,0.0249,0.5526,1.1679,-0.0000,0.1909,0.1699,0.0030,12.0636
1786332956.76,34.429,34.226,35.539,33.156,32.992,32.976,31.335,33.835,33.914,34.031,33.906,33.890,32.218,32.460,32.882,0.8037,0.8100,0.8000,0.8000,0.7988,0.8025,1.5025,1.5000,1.8013,1.7963,3.3150,1.2012,1.1013,0.0037,0.8788,1.2025,1.4938,1.3021,4.8114,0.1124,0.0544,0.1677,0.3683,1.5371,0.1103,0.1432,0.0126,0.0232,0.5562,1.1651,-0.0000,0.1911,0.1714,0.0030,10.7294
1786332957.76,34.312,34.351,35.539,33.320,33.156,32.945,31.171,34.195,34.203,33.953,33.906,33.914,32.750,32.328,32.687,0.8050,0.8087,0.7988,0.8013,0.7975,0.8000,1.5025,1.4988,1.8013,1.7950,3.3150,1.2000,1.1013,0.0037,0.8788,1.2025,1.4938,1.2317,4.8040,0.1142,0.0541,0.1671,0.3772,1.5393,0.1094,0.1432,0.0126,0.0232,0.5520,1.1662,-0.0000,0.1933,0.1714,0.0030,10.6618
1786332958.76,34.429,34.203,35.539,33.140,32.835,33.125,31.468,34.437,33.859,34.101,33.851,33.789,32.492,32.203,32.710,0.8037,0.8087,0.7988,0.8000,0.8000,0.8013,1.5025,1.5000,1.8000,1.7963,3.3138,1.2000,1.1013,0.0037,0.8775,1.2038,1.4938,1.2297,4.8242,0.1126,0.0544,0.1676,0.3690,1.5363,0.1103,0.1440,0.0135,0.0265,0.5502,1.1657,-0.0000,0.1898,0.1730,0.0022,10.6690
1786332959.76,34.382,34.531,35.539,32.773,32.617,32.656,31.734,34.437,34.132,33.554,33.984,33.757,32.250,32.453,33.015,0.8037,0.8100,0.8000,0.8013,0.7988,0.8000,1.5025,1.5000,1.8013,1.7963,3.3138,1.2000,1.1013,0.0037,0.8775,1.2025,1.4938,1.9531,4.8155,0.1116,0.0545,0.1665,0.3696,1.5401,0.1095,0.1441,0.0126,0.0232,0.5556,1.1668,-0.0000,0.1898,0.1699,0.0037,11.3859
1786332960.76,34.468,34.617,35.539,33.187,33.101,32.781,31.601,34.132,33.835,33.781,33.710,33.757,32.398,32.570,33.062,0.8037,0.8087,0.8000,0.8000,0.7988,0.8013,1.5025,1.4988,1.8013,1.7950,3.3150,1.2000,1.1013,0.0037,0.8788,1.2038,1.4938,1.5914,4.8161,0.1124,0.0544,0.1677,0.3686,1.5333,0.1117,0.1441,0.0126,0.0215,0.5520,1.1673,-0.0000,0.1900,0.1715,0.0015,11.0162
1786332961.79,34.851,33.992,35.539,33.039,32.710,32.710,31.460,34.328,33.984,34.273,34.171,33.960,32.632,32.601,32.601,0.8037,0.8100,0.8000,0.8013,0.7988,0.8025,1.5025,1.4988,1.8013,1.7975,3.3150,1.2000,1.1013,0.0037,0.8788,1.2038,1.4925,1.7120,4.8722,0.1120,0.0537,0.1673,0.5220,1.5348,0.1102,0.1432,0.0126,0.0232,0.5574,1.1651,-0.0000,0.1900,0.1715,0.0030,11.3502
1786332962.79,34.414,34.265,35.539,33.320,33.101,32.437,31.367,33.929,33.898,33.914,33.390,33.679,32.679,32.109,32.812,0.8050,0.8075,0.7988,0.8000,0.8000,0.8013,1.5038,1.5000,1.8013,1.7963,3.3150,1.2000,1.1025,0.0037,0.8788,1.2025,1.4938,1.9320,4.8208,0.1162,0.0540,0.1672,0.3622,1.5391,0.1103,0.1432,0.0126,0.0232,0.5550,1.1687,-0.0000,0.1900,0.1714,0.0037,11.3694
1786332963.79,34.460,34.078,35.539,33.710,32.945,32.757,31.226,33.937,33.882,33.796,33.601,33.718,32.867,32.664,32.718,0.8037,0.8087,0.7988,0.8000,0.7988,0.8000,1.5012,1.4988,1.8025,1.7963,3.3138,1.2000,1.1013,0.0037,0.8788,1.2038,1.4950,2.0496,4.8202,0.1166,0.0544,0.1677,0.3688,1.5365,0.1102,0.1442,0.0117,0.0232,0.5502,1.1668,-0.0000,0.1900,0.1730,0.0030,11.4861
1786332964.79,34.289,33.960,35.539,33.304,32.945,32.539,31.640,34.046,34.351,33.531,33.109,33.750,32.351,32.234,32.757,0.8025,0.8087,0.7988,0.8000,0.8000,0.8013,1.5025,1.5000,1.8013,1.7963,3.3163,1.2012,1.1013,0.0025,0.8775,1.2025,1.4938,1.4445,4.8242,0.1130,0.0540,0.1672,0.1703,1.5401,0.1095,0.1441,0.0126,0.0249,0.5490,1.1662,-0.0000,0.1920,0.1714,0.0030,10.6858
1786332965.79,33.984,33.875,35.539,33.085,32.718,32.726,31.125,33.968,33.742,33.328,33.570,33.851,32.414,32.375,33.000,0.8037,0.8100,0.7988,0.8013,0.7988,0.8013,1.5012,1.5000,1.8013,1.7963,3.3150,1.2000,1.1013,0.0025,0.8788,1.2025,1.4950,1.2297,4.8357,0.1122,0.0545,0.1669,0.1611,1.5313,0.1103,0.1450,0.0126,0.0249,0.5460,1.1662,-0.0000,0.1922,0.1729,0.0030,10.4644
1786332966.79,34.031,34.078,35.539,32.921,32.882,32.968,31.671,34.085,33.945,33.601,33.742,33.796,32.710,32.695,32.296,0.8050,0.8100,0.8000,0.8013,0.8000,0.8025,1.5025,1.4988,1.8025,1.7963,3.3138,1.2000,1.1013,0.0025,0.8788,1.2025,1.4938,1.1592,4.8114,0.1116,0.0549,0.1676,0.1681,1.5386,0.1102,0.1442,0.0126,0.0232,0.5454,1.1673,-0.0000,0.1911,0.1699,0.0037,10.3789
1786332967.79,34.085,34.250,35.539,32.984,32.718,33.007,31.757,33.945,34.187,33.289,33.820,33.578,32.210,32.070,32.875,0.8037,0.8100,0.7988,0.8013,0.7988,0.8000,1.5025,1.5000,1.8025,1.7963,3.3138,1.2000,1.1013,0.0037,0.8762,1.2025,1.4938,1.1574,4.8114,0.1170,0.0545,0.1673,0.1612,1.5468,0.1095,0.1451,0.0117,0.0249,0.5460,1.1668,-0.0000,0.1895,0.1699,0.0022,10.3811
1786332968.79,34.148,34.109,35.539,33.093,32.875,32.796,31.507,33.765,34.046,33.539,33.820,33.625,32.578,32.687,32.640,0.8037,0.8087,0.8000,0.8000,0.7988,0.8000,1.5025,1.5000,1.8013,1.7963,3.3150,1.2000,1.1013,0.0050,0.8775,1.2025,1.4950,1.3021,4.7999,0.1168,0.0540,0.1673,0.1732,1.5371,0.1118,0.1432,0.0126,0.0232,0.5454,1.1673,-0.0000,0.1876,0.1714,0.0022,10.5150
1786332969.79,34.414,33.734,35.539,32.906,32.984,33.210,31.085,34.093,33.906,34.062,33.914,34.125,32.476,32.226,32.593,0.8037,0.8100,0.7988,0.8013,0.8000,0.8013,1.5038,1.5012,1.8000,1.7963,3.3150,1.2012,1.1013,0.0025,0.8788,1.2038,1.4950,1.6879,4.8276,0.1134,0.0541,0.1676,0.1619,1.5428,0.1111,0.1431,0.0117,0.0232,0.5466,1.1657,-0.0000,0.1911,0.1715,0.0030,10.9222
1786332970.79,34.046,33.976,35.539,33.335,32.734,32.945,31.554,34.343,33.625,33.710,33.421,34.062,32.289,32.250,32.640,0.8050,0.8087,0.7988,0.8013,0.7988,0.8025,1.5025,1.5000,1.8013,1.7963,3.3138,1.2000,1.1013,0.0050,0.8800,1.2038,1.4950,1.4249,4.8080,0.1138,0.0545,0.1673,0.1613,1.5468,0.1103,0.1432,0.0126,0.0215,0.5460,1.1673,-0.0000,0.1903,0.1715,0.0037,10.6431
1786332971.79,33.992,34.125,35.539,32.804,32.851,32.851,31.406,34.125,33.765,33.375,33.546,34.179,32.609,32.156,32.796,0.8050,0.8075,0.7988,0.8000,0.7988,0.8013,1.5012,1.5000,1.8013,1.7963,3.3150,1.2000,1.1013,0.0037,0.8788,1.2038,1.4950,1.0385,4.8006,0.1134,0.0544,0.1673,0.1623,1.5358,0.1110,0.1441,0.0117,0.0232,0.5448,1.1673,-0.0000,0.1889,0.1715,0.0030,10.2378
1786332972.79,33.750,34.078,35.539,33.101,32.703,32.820,31.921,33.476,33.875,33.734,33.460,33.695,32.570,32.398,32.726,0.8050,0.8100,0.7988,0.8013,0.7988,0.8013,1.5038,1.5012,1.8025,1.7963,3.3150,1.2000,1.1013,0.0037,0.8788,1.2025,1.4938,1.7871,4.8236,0.1166,0.0545,0.1665,0.1603,1.5489,0.1096,0.1433,0.0117,0.0232,0.5460,1.1679,-0.0000,0.1911,0.1729,0.0022,11.0253
1786332973.79,34.171,33.945,35.539,33.070,32.789,32.570,31.929,33.945,33.804,33.343,33.343,34.187,32.460,33.054,33.015,0.8037,0.8100,0.7988,0.8013,0.7988,0.8000,1.5025,1.5000,1.8013,1.7963,3.3125,1.2000,1.1013,0.0037,0.8788,1.2025,1.4938,1.3985,4.8195,0.1118,0.0545,0.1661,0.1568,1.5378,0.1118,0.1441,0.0126,0.0232,0.5448,1.1662,-0.0000,0.1900,0.1729,0.0030,10.6136
1786332974.79,34.132,34.304,35.539,33.046,33.203,32.796,31.757,34.132,34.171,33.757,33.273,33.265,32.664,32.570,32.750,0.8050,0.8087,0.7988,0.8000,0.7988,0.8013,1.5025,1.5000,1.8000,1.7963,3.3138,1.2000,1.1013,0.0037,0.8800,1.2038,1.4938,1.8113,4.8161,0.1150,0.0540,0.1677,0.1574,1.5326,0.1103,0.1449,0.0108,0.0232,0.5454,1.1668,-0.0000,0.1903,0.1715,0.0030,11.0202
1786332975.79,33.976,33.945,35.539,33.210,32.531,32.531,31.570,33.820,34.148,33.726,33.789,33.882,32.382,32.031,32.695,0.8037,0.8100,0.7975,0.8000,0.7988,0.8013,1.5025,1.5000,1.8013,1.7950,3.3138,1.2000,1.1013,0.0037,0.8788,1.2025,1.4925,2.0496,4.8276,0.1132,0.0544,0.1673,0.1631,1.5476,0.1110,0.1432,0.0126,0.0249,0.5466,1.1668,-0.0000,0.1922,0.1744,0.0030,11.2973
1786332976.79,34.000,34.007,35.539,32.796,32.625,32.632,31.125,33.812,34.320,33.640,33.492,33.570,32.507,32.476,32.578,0.8037,0.8100,0.8000,0.8000,0.7988,0.8000,1.5025,1.5000,1.8013,1.7963,3.3150,1.2012,1.1000,0.0037,0.8775,1.2025,1.4938,1.6638,4.8195,0.1176,0.0544,0.1669,0.1556,1.5371,0.1103,0.1441,0.0126,0.0232,0.5466,1.1671,0.0000,0.1909,0.1714,0.0015,10.8824
1786332977.79,33.843,34.468,35.539,32.929,33.078,32.695,31.398,33.718,33.750,34.015,33.523,33.992,32.765,32.492,32.843,0.8050,0.8087,0.7988,0.8013,0.7988,0.8013,1.5025,1.5000,1.8013,1.7950,3.3138,1.2012,1.1013,0.0037,0.8775,1.2025,1.4938,1.0868,4.8040,0.1070,0.0549,0.1673,0.1659,1.5348,0.1095,0.1432,0.0135,0.0232,0.5478,1.1657,-0.0000,0.1898,0.1714,0.0030,10.2875
1786332978.80,34.367,33.945,35.539,32.937,32.664,32.531,31.468,33.898,34.468,33.734,33.750,33.703,32.617,32.234,32.812,0.8037,0.8100,0.8000,0.8013,0.7988,0.8013,1.5025,1.4988,1.8013,1.7963,3.3150,1.2012,1.1013,0.0037,0.8788,1.2038,1.4938,1.9290,4.8155,0.1132,0.0541,0.1669,0.1675,1.5423,0.1102,0.1432,0.0117,0.0249,0.5514,1.1668,-0.0000,0.1900,0.1715,0.0022,11.1603
1786332979.80,34.281,33.929,35.539,33.132,32.515,32.523,31.257,34.226,33.960,33.781,33.382,33.718,32.320,32.140,32.734,0.8037,0.8087,0.8000,0.8000,0.7988,0.8013,1.5025,1.4988,1.8000,1.7963,3.3150,1.2000,1.1000,0.0037,0.8775,1.2025,1.4938,1.6397,4.8121,0.1144,0.0544,0.1669,0.1671,1.5363,0.1109,0.1440,0.0117,0.0249,0.5484,1.1649,-0.0000,0.1898,0.1714,0.0022,10.8589
1786332980.82,34.453,34.367,35.539,33.187,32.726,32.875,31.304,33.937,33.914,33.718,33.710,33.625,31.992,32.171,32.570,0.8050,0.8087,0.8000,0.7988,0.8000,0.8025,1.5038,1.4988,1.8000,1.7963,3.3150,1.1987,1.1013,0.0025,0.8788,1.2025,1.4925,1.3766,4.8687,0.1116,0.0539,0.1672,0.4578,1.5489,0.1102,0.1440,0.0126,0.0232,0.6132,1.1662,-0.0000,0.1900,0.1714,0.0030,11.0183
1786332981.82,34.117,34.210,35.539,33.492,32.984,32.328,31.632,33.781,33.976,33.781,33.687,33.679,32.343,32.070,32.828,0.8037,0.8087,0.8013,0.8000,0.8000,0.8000,1.5025,1.5000,1.8000,1.7963,3.3150,1.2012,1.1013,0.0037,0.8775,1.2038,1.4938,1.8084,4.8040,0.1170,0.0544,0.1672,0.1592,1.5461,0.1110,0.1449,0.0126,0.0249,0.5466,1.1662,-0.0000,0.1898,0.1730,0.0030,11.0282
1786332982.82,34.171,34.101,35.539,33.046,32.632,32.984,31.695,33.953,33.867,33.679,33.625,33.906,32.179,32.265,32.468,0.8037,0.8087,0.7988,0.8000,0.7988,0.8013,1.5025,1.5012,1.8025,1.7963,3.3150,1.2000,1.1025,0.0025,0.8775,1.2025,1.4938,2.2425,4.8121,0.1114,0.0540,0.1677,0.3473,1.5371,0.1118,0.1442,0.0126,0.0232,0.5454,1.1692,-0.0000,0.1909,0.1714,0.0030,11.6437
1786332983.82,34.546,33.968,35.539,33.578,33.023,32.898,31.570,33.843,34.046,33.671,33.804,33.953,32.523,32.289,32.617,0.8037,0.8087,0.7988,0.8000,0.7988,0.8013,1.5025,1.4988,1.8025,1.7950,3.3138,1.2012,1.1013,0.0037,0.8775,1.2025,1.4938,1.3503,4.8121,0.1150,0.0540,0.1673,0.1566,1.5476,0.1094,0.1442,0.0117,0.0265,0.5460,1.1673,-0.0000,0.1898,0.1699,0.0030,10.5706
1786332984.82,34.218,34.062,35.539,33.609,33.195,32.828,31.851,33.898,34.070,33.085,33.281,34.015,32.156,32.468,32.726,0.8037,0.8087,0.7988,0.8013,0.7988,0.8000,1.5025,1.5000,1.8013,1.7950,3.3163,1.2000,1.1013,0.0037,0.8775,1.2025,1.4938,1.0851,4.8121,0.1086,0.0545,0.1673,0.1664,1.5371,0.1095,0.1441,0.0117,0.0265,0.5454,1.1668,-0.0000,0.1887,0.1729,0.0022,10.2988
1786332985.82,34.031,34.320,35.539,33.203,32.945,32.937,31.164,33.867,33.843,33.476,33.734,34.296,32.898,32.468,32.507,0.8037,0.8113,0.8000,0.8000,0.7988,0.8025,1.5025,1.5000,1.8000,1.7950,3.3150,1.2000,1.1025,0.0037,0.8788,1.2038,1.4938,0.7957,4.8269,0.1128,0.0548,0.1669,0.1545,1.5341,0.1103,0.1440,0.0135,0.0232,0.5496,1.1675,-0.0000,0.1911,0.1730,0.0030,10.0209
1786332986.82,34.320,34.007,35.539,32.695,33.171,32.687,31.593,34.054,33.703,34.140,34.070,34.007,32.398,32.031,32.906,0.8037,0.8087,0.7988,0.8013,0.7988,0.8013,1.5025,1.5000,1.8013,1.7937,3.3150,1.2012,1.1025,0.0025,0.8788,1.2038,1.4938,1.5191,4.8161,0.1102,0.0541,0.1673,0.1671,1.5401,0.1103,0.1432,0.0126,0.0232,0.5454,1.1687,-0.0000,0.1922,0.1700,0.0030,10.7424
1786332987.82,34.343,34.031,35.539,33.187,32.867,32.656,31.781,34.015,33.492,33.546,33.539,34.062,32.828,31.929,32.742,0.8037,0.8087,0.8000,0.8013,0.7988,0.8013,1.5025,1.5000,1.8013,1.7963,3.3150,1.2000,1.1013,0.0037,0.8788,1.2038,1.4938,1.1574,4.8080,0.1124,0.0545,0.1669,0.1611,1.5333,0.1095,0.1432,0.0126,0.0232,0.5454,1.1668,-0.0000,0.1889,0.1715,0.0022,10.3569
1786332988.82,34.500,34.234,35.539,33.250,33.164,33.148,31.265,33.750,34.117,33.710,33.609,33.984,32.546,32.382,32.695,0.8037,0.8087,0.8000,0.8013,0.7975,0.8013,1.5025,1.4988,1.8013,1.7950,3.3150,1.2012,1.1013,0.0037,0.8788,1.2025,1.4938,1.8084,4.7959,0.1100,0.0545,0.1675,0.1542,1.5386,0.1094,0.1441,0.0126,0.0232,0.5448,1.1662,-0.0000,0.1900,0.1759,0.0030,10.9982
1786332989.82,34.117,34.640,35.539,33.257,32.875,32.687,31.171,34.320,33.804,33.726,33.648,34.078,32.929,32.406,32.835,0.8025,0.8087,0.7975,0.8013,0.7988,0.8013,1.5025,1.5000,1.8013,1.7975,3.3138,1.2012,1.1013,0.0037,0.8788,1.2025,1.4938,1.8297,4.8161,0.1120,0.0545,0.1669,0.1627,1.5341,0.1103,0.1441,0.0108,0.0249,0.5472,1.1662,-0.0000,0.1911,0.1729,0.0030,11.0463
1786332990.82,33.984,34.500,35.539,33.398,33.226,33.039,31.601,34.046,34.179,33.679,33.476,33.984,32.617,32.242,32.710,0.8025,0.8100,0.8000,0.8000,0.8000,0.8000,1.5038,1.5000,1.8013,1.7963,3.3150,1.2000,1.1025,0.0037,0.8788,1.2038,1.4938,2.0945,4.8195,0.1144,0.0544,0.1672,0.1588,1.5376,0.1110,0.1441,0.0117,0.0232,0.5454,1.1681,-0.0000,0.1911,0.1730,0.0022,11.3163
1786332991.82,34.015,34.250,35.539,33.226,33.195,33.007,31.890,34.007,34.039,34.070,33.976,33.789,32.921,32.359,33.070,0.8050,0.8100,0.7975,0.8013,0.7988,0.8013,1.5025,1.5012,1.8013,1.7963,3.3138,1.2012,1.1013,0.0037,0.8788,1.2038,1.4938,1.3524,4.8276,0.1132,0.0537,0.1673,0.1719,1.5476,0.1103,0.1432,0.0126,0.0249,0.5466,1.1673,-0.0000,0.1889,0.1730,0.0022,10.6028
1786332992.82,34.312,34.164,35.539,33.070,33.320,32.312,32.101,33.835,33.960,33.640,33.210,34.179,32.601,31.906,32.695,0.8037,0.8125,0.7988,0.8013,0.8000,0.8013,1.5025,1.5000,1.8013,1.7963,3.3150,1.2000,1.1013,0.0037,0.8788,1.2038,1.4938,2.2907,4.8466,0.1118,0.0541,0.1676,0.1603,1.5348,0.1103,0.1441,0.0117,0.0232,0.5448,1.1668,-0.0000,0.1900,0.1700,0.0030,11.5297
1786332993.82,34.046,34.062,35.539,33.234,32.593,33.109,31.632,34.132,34.414,33.101,33.617,34.062,32.796,32.335,33.265,0.8037,0.8100,0.7988,0.8000,0.7988,0.8013,1.5025,1.5000,1.8025,1.7963,3.3163,1.2000,1.1013,0.0050,0.8788,1.2025,1.4938,1.2538,4.8236,0.1110,0.0536,0.1673,0.1631,1.5476,0.1103,0.1442,0.0126,0.0249,0.5454,1.1668,-0.0000,0.1889,0.1714,0.0022,10.4866
1786332994.82,34.156,34.203,35.539,32.968,33.085,32.835,31.601,33.976,33.687,33.554,33.640,33.812,32.242,32.273,32.789,0.8037,0.8087,0.7988,0.8013,0.7975,0.8013,1.5038,1.4988,1.8013,1.7963,3.3163,1.2012,1.1013,0.0025,0.8788,1.2038,1.4938,1.2780,4.8242,0.1106,0.0545,0.1671,0.1498,1.5376,0.1102,0.1432,0.0126,0.0232,0.5460,1.1662,-0.0000,0.1922,0.1730,0.0015,10.4899
1786332995.82,34.179,34.015,35.539,33.390,32.750,32.484,31.820,33.890,33.734,33.609,33.601,34.070,32.046,32.546,33.203,0.8050,0.8100,0.7988,0.8000,0.7988,0.8013,1.5012,1.4988,1.8013,1.7963,3.3138,1.2000,1.1013,0.0025,0.8775,1.2025,1.4938,1.6664,4.8236,0.1110,0.0548,0.1673,0.1631,1.5350,0.1102,0.1441,0.0126,0.0232,0.5460,1.1668,-0.0000,0.1898,0.1714,0.0022,10.8873
1786332996.82,34.351,34.070,35.539,33.171,32.921,32.179,31.679,33.960,34.257,33.828,33.937,33.570,32.117,32.093,32.914,0.8037,0.8087,0.8000,0.8013,0.7988,0.8000,1.5025,1.5000,1.8025,1.7950,3.3150,1.2000,1.1025,0.0025,0.8788,1.2025,1.4938,1.7843,4.8161,0.1136,0.0545,0.1673,0.1664,1.5363,0.1103,0.1433,0.0117,0.0249,0.5448,1.1681,-0.0000,0.1889,0.1714,0.0037,11.0056
1786332997.82,34.039,34.226,35.539,33.132,32.593,33.023,31.515,33.664,34.062,33.382,33.679,34.054,32.078,32.812,33.093,0.8037,0.8100,0.8013,0.8000,0.7988,0.8013,1.5012,1.5000,1.8013,1.7963,3.3125,1.2000,1.1013,0.0037,0.8775,1.2025,1.4938,1.4226,4.8155,0.1150,0.0540,0.1673,0.1578,1.5313,0.1118,0.1441,0.0126,0.0232,0.5454,1.1662,-0.0000,0.1898,0.1714,0.0030,10.6309
1786332998.82,34.265,34.335,35.539,33.210,33.031,32.625,31.296,34.078,34.078,33.781,33.562,34.000,32.312,32.101,32.742,0.8025,0.8087,0.8000,0.8013,0.7988,0.8013,1.5025,1.4988,1.8000,1.7950,3.3150,1.2012,1.1013,0.0037,0.8788,1.2038,1.4950,1.4445,4.8121,0.1120,0.0549,0.1673,0.1679,1.5416,0.1094,0.1440,0.0126,0.0249,0.5454,1.1662,-0.0000,0.1911,0.1715,0.0030,10.6683
1786332999.82,34.304,34.023,35.539,33.156,33.390,32.835,31.757,33.937,34.429,33.578,33.726,33.867,32.234,32.484,32.882,0.8037,0.8087,0.8000,0.8000,0.7975,0.8013,1.5025,1.5012,1.8025,1.7950,3.3150,1.2012,1.1013,0.0050,0.8775,1.2038,1.4938,1.4468,4.8242,0.1168,0.0544,0.1671,0.1611,1.5326,0.1111,0.1442,0.0117,0.0249,0.5466,1.1668,-0.0000,0.1920,0.1730,0.0030,10.6760
1786333000.82,34.046,34.328,35.539,33.492,32.750,32.906,31.914,33.796,33.835,33.593,33.554,33.554,32.523,32.078,32.546,0.8037,0.8087,0.8000,0.8013,0.7975,0.8013,1.5025,1.4988,1.8025,1.7963,3.3150,1.2000,1.1013,0.0025,0.8788,1.2025,1.4938,2.0013,4.8040,0.1116,0.0545,0.1671,0.1558,1.5386,0.1109,0.1433,0.0135,0.0232,0.5466,1.1662,-0.0000,0.1911,0.1714,0.0030,11.2021
1786333001.82,33.984,33.757,35.539,33.171,32.695,33.007,31.296,33.398,34.164,33.054,33.828,33.625,32.359,32.093,32.679,0.8050,0.8087,0.7988,0.8013,0.7988,0.8025,1.5038,1.5000,1.8013,1.7950,3.3138,1.2012,1.1000,0.0037,0.8800,1.2025,1.4950,1.6181,4.8080,0.1110,0.0545,0.1673,0.1569,1.5466,0.1095,0.1450,0.0117,0.0232,0.5472,1.1660,-0.0000,0.1903,0.1729,0.0030,10.8311
1786333002.82,34.046,33.960,35.539,33.000,32.734,32.875,31.421,34.460,33.773,33.976,33.750,33.914,32.640,32.359,32.937,0.8025,0.8087,0.8000,0.8000,0.7988,0.8000,1.5025,1.4988,1.8013,1.7963,3.3138,1.2000,1.1013,0.0025,0.8800,1.2038,1.4938,1.4445,4.8080,0.1172,0.0544,0.1669,0.1620,1.5371,0.1109,0.1432,0.0126,0.0232,0.5466,1.1673,-0.0000,0.1914,0.1715,0.0022,10.6591
1786333003.82,33.984,33.898,35.539,32.882,32.695,32.875,31.554,34.218,33.882,33.593,33.812,33.617,32.382,32.781,32.710,0.8037,0.8100,0.7988,0.8013,0.8000,0.8013,1.5012,1.5000,1.8000,1.7963,3.3150,1.2012,1.1013,0.0050,0.8775,1.2025,1.4925,1.7120,4.8317,0.1146,0.0545,0.1676,0.1687,1.5455,0.1103,0.1431,0.0108,0.0249,0.5472,1.1657,0.0000,0.1909,0.1714,0.0030,10.9616
1786333004.82,34.390,34.078,35.539,33.195,32.601,33.031,31.851,33.828,34.171,33.734,33.992,33.750,32.593,32.281,32.960,0.8037,0.8087,0.7988,0.8000,0.7988,0.8013,1.5012,1.5000,1.8013,1.7963,3.3138,1.2000,1.1013,0.0037,0.8788,1.2025,1.4938,1.1092,4.8525,0.1126,0.0544,0.1677,0.1651,1.5470,0.1095,0.1432,0.0135,0.0265,0.5454,1.1668,-0.0000,0.1900,0.1729,0.0030,10.3793
1786333005.82,34.125,34.062,35.539,33.039,32.429,32.898,31.539,34.062,33.562,33.687,33.765,33.929,32.226,32.320,32.789,0.8025,0.8087,0.8000,0.8013,0.8000,0.8013,1.5038,1.4988,1.8025,1.7963,3.3150,1.2000,1.1013,0.0037,0.8788,1.2038,1.4950,1.9260,4.8080,0.1152,0.0545,0.1676,0.1759,1.5496,0.1102,0.1442,0.0126,0.0249,0.5454,1.1668,-0.0000,0.1889,0.1730,0.0030,11.1657
1786333006.82,34.312,34.101,35.539,32.921,32.656,32.578,31.414,34.164,33.843,33.656,33.554,33.757,32.703,32.406,32.570,0.8050,0.8087,0.7988,0.8000,0.7988,0.8013,1.5012,1.5000,1.8013,1.7963,3.3138,1.2000,1.1000,0.0025,0.8788,1.2025,1.4938,1.5698,4.7999,0.1082,0.0540,0.1673,0.1667,1.5373,0.1103,0.1432,0.0117,0.0249,0.5484,1.1655,-0.0000,0.1911,0.1714,0.0030,10.7725
1786333007.82,34.179,34.132,35.539,32.843,33.101,32.929,31.726,34.132,33.859,33.984,34.039,34.125,32.664,31.906,33.070,0.8025,0.8087,0.7988,0.8013,0.7988,0.8013,1.5025,1.5000,1.8013,1.7963,3.3150,1.2012,1.1013,0.0050,0.8775,1.2025,1.4950,0.9630,4.8121,0.1126,0.0537,0.1673,0.1615,1.5363,0.1118,0.1450,0.0126,0.0215,0.5496,1.1668,-0.0000,0.1887,0.1714,0.0030,10.1767
1786333008.82,34.351,34.117,35.539,33.234,32.960,32.898,31.437,34.085,33.500,33.679,33.687,33.187,32.421,32.054,32.710,0.8037,0.8087,0.7988,0.8013,0.7988,0.8013,1.5025,1.5000,1.8000,1.7963,3.3138,1.2000,1.1013,0.0025,0.8788,1.2025,1.4950,0.9645,4.8242,0.1174,0.0545,0.1669,0.1643,1.5453,0.1103,0.1449,0.0126,0.0249,0.5454,1.1662,-0.0000,0.1900,0.1699,0.0022,10.2034
1786333009.82,34.101,34.015,35.539,32.890,32.546,32.695,31.476,33.976,34.000,33.515,33.796,33.757,32.648,32.015,33.093,0.8050,0.8113,0.7988,0.8000,0.7988,0.8000,1.5012,1.4988,1.8025,1.7963,3.3150,1.2012,1.1000,0.0037,0.8788,1.2025,1.4938,0.8936,4.8351,0.1118,0.0544,0.1669,0.1620,1.5358,0.1102,0.1442,0.0126,0.0249,0.5520,1.1655,-0.0000,0.1889,0.1714,0.0022,10.1313
1786333010.82,34.242,34.046,35.539,33.296,32.859,33.210,31.968,34.000,34.242,33.656,33.812,34.125,32.078,32.429,33.023,0.8037,0.8087,0.8000,0.8000,0.7988,0.8025,1.5025,1.5000,1.8000,1.7963,3.3150,1.2012,1.1013,0.0037,0.8788,1.2025,1.4938,1.4709,4.8202,0.1088,0.0540,0.1681,0.1581,1.5431,0.1103,0.1440,0.0126,0.0249,0.5466,1.1668,-0.0000,0.1889,0.1714,0.0030,10.6914
1786333011.82,34.140,33.804,35.539,32.710,32.601,32.890,31.671,34.132,34.492,33.320,33.398,33.929,32.351,32.195,32.703,0.8037,0.8100,0.8000,0.8000,0.7988,0.8000,1.5025,1.5000,1.8000,1.7963,3.3138,1.2000,1.1025,0.0037,0.8800,1.2025,1.4938,1.5432,4.8236,0.1184,0.0548,0.1673,0.1604,1.5363,0.1110,0.1440,0.0135,0.0232,0.5460,1.1675,-0.0000,0.1903,0.1699,0.0030,10.7723
1786333012.82,34.109,34.093,35.539,32.765,32.492,32.687,31.140,33.781,33.835,33.312,33.414,33.804,32.218,32.562,32.664,0.8050,0.8087,0.7988,0.8000,0.7988,0.8013,1.5012,1.5000,1.8013,1.7963,3.3150,1.1987,1.1013,0.0025,0.8788,1.2025,1.4950,2.0045,4.8080,0.1134,0.0544,0.1673,0.1623,1.5418,0.1103,0.1450,0.0117,0.0249,0.5454,1.1673,-0.0000,0.1922,0.1729,0.0030,11.2243
1786333013.82,34.148,34.171,35.539,32.953,32.234,33.101,31.320,33.320,34.171,33.835,34.117,33.812,32.539,31.937,32.421,0.8037,0.8087,0.7988,0.8013,0.7988,0.8013,1.5025,1.5000,1.8013,1.7963,3.3150,1.2000,1.1013,0.0037,0.8775,1.2025,1.4938,0.9645,4.8121,0.1122,0.0537,0.1673,0.1679,1.5408,0.1103,0.1441,0.0126,0.0232,0.5466,1.1668,-0.0000,0.1909,0.1699,0.0030,10.1857
1786333014.82,33.984,33.851,35.539,32.617,33.179,33.101,31.195,33.140,33.562,33.687,33.695,33.734,32.203,32.414,32.617,0.8037,0.8087,0.7988,0.8013,0.7988,0.8000,1.5025,1.4988,1.8013,1.7975,3.3150,1.2000,1.1013,0.0037,0.8788,1.2038,1.4938,1.2056,4.8040,0.1170,0.0545,0.1673,0.1612,1.5341,0.1117,0.1441,0.0117,0.0232,0.5478,1.1657,-0.0000,0.1900,0.1715,0.0030,10.4124
1786333015.82,34.000,34.429,35.539,33.125,32.523,32.656,31.742,33.921,33.960,33.250,33.703,33.757,32.234,32.015,32.500,0.8037,0.8100,0.7988,0.8000,0.7975,0.8000,1.5012,1.4988,1.8025,1.7950,3.3150,1.2000,1.1013,0.0037,0.8788,1.2038,1.4938,1.8567,4.8317,0.1134,0.0540,0.1667,0.1616,1.5410,0.1094,0.1433,0.0126,0.0232,0.5454,1.1662,-0.0000,0.1922,0.1715,0.0030,11.0919
1786333016.82,34.078,33.898,35.539,33.468,33.031,32.531,31.585,33.984,34.039,33.828,33.445,33.460,32.257,32.421,32.921,0.8050,0.8087,0.7988,0.8013,0.7975,0.8013,1.5025,1.5000,1.8000,1.7963,3.3150,1.2000,1.1013,0.0050,0.8788,1.2038,1.4938,1.7388,4.8121,0.1194,0.0549,0.1671,0.1603,1.5333,0.1110,0.1440,0.0126,0.0249,0.5460,1.1668,-0.0000,0.1900,0.1700,0.0030,10.9540
1786333017.82,33.976,33.859,35.539,33.046,32.507,32.796,31.531,33.585,33.820,33.757,33.875,34.101,32.375,32.414,32.648,0.8037,0.8087,0.8000,0.8000,0.7988,0.8013,1.5025,1.4988,1.8000,1.7963,3.3138,1.2000,1.1013,0.0037,0.8775,1.2025,1.4938,1.5673,4.8121,0.1116,0.0548,0.1673,0.1671,1.5363,0.1109,0.1440,0.0135,0.0249,0.5448,1.1662,-0.0000,0.1931,0.1714,0.0022,10.7874
1786333018.82,34.125,34.250,35.539,32.921,32.960,32.945,31.343,33.984,33.460,33.546,33.773,33.945,32.375,32.539,32.671,0.8037,0.8100,0.8000,0.8000,0.8000,0.8000,1.5025,1.4988,1.8013,1.7963,3.3150,1.1987,1.1013,0.0037,0.8775,1.2025,1.4938,1.7602,4.8195,0.1124,0.0544,0.1676,0.1664,1.5461,0.1102,0.1450,0.0126,0.0232,0.5460,1.1662,0.0000,0.1887,0.1714,0.0030,10.9928
1786333019.82,34.085,34.007,35.539,33.171,32.976,32.820,31.859,34.085,34.148,33.835,33.867,34.078,32.257,32.289,32.585,0.8050,0.8087,0.7988,0.8000,0.7975,0.8013,1.5038,1.4988,1.8000,1.7950,3.3150,1.2000,1.1013,0.0037,0.8775,1.2038,1.4938,0.9660,4.8323,0.1138,0.0544,0.1667,0.1631,1.5376,0.1109,0.1440,0.0126,0.0232,0.5460,1.1662,-0.0000,0.1898,0.1730,0.0022,10.2018
1786333020.82,34.046,34.304,35.539,33.078,32.984,32.593,31.031,34.359,33.929,33.351,33.335,33.585,32.156,32.359,33.054,0.8037,0.8100,0.7988,0.8013,0.7988,0.8013,1.5012,1.4988,1.8013,1.7950,3.3150,1.2012,1.1013,0.0025,0.8775,1.2025,1.4938,1.1574,4.8155,0.1154,0.0541,0.1673,0.1671,1.5455,0.1109,0.1441,0.0126,0.0232,0.5466,1.1657,-0.0000,0.1887,0.1729,0.0030,10.3898
1786333021.82,34.156,33.875,35.539,32.882,33.203,32.507,31.445,33.687,33.898,33.500,33.453,34.062,32.445,32.320,32.828,0.8037,0.8087,0.8000,0.8013,0.8000,0.8000,1.5038,1.5000,1.8013,1.7950,3.3138,1.2025,1.1013,0.0037,0.8788,1.2038,1.4938,1.4468,4.8121,0.1112,0.0545,0.1680,0.1656,1.5368,0.1110,0.1441,0.0117,0.0215,0.5465,1.1673,-0.0000,0.1900,0.1715,0.0030,10.6616
1786333022.82,34.203,33.937,35.539,33.187,32.390,32.695,31.492,34.187,33.890,33.812,33.898,33.585,32.242,31.898,32.328,0.8037,0.8087,0.7988,0.8013,0.7988,0.8025,1.5025,1.4988,1.8013,1.7963,3.3150,1.2000,1.1013,0.0050,0.8788,1.2038,1.4950,0.8922,4.8080,0.1138,0.0541,0.1673,0.1657,1.5476,0.1102,0.1450,0.0108,0.0249,0.5472,1.1668,-0.0000,0.1900,0.1715,0.0030,10.1180
1786333023.82,34.179,34.296,35.539,32.718,32.953,32.796,31.484,33.781,33.687,33.453,33.835,33.929,32.312,31.921,32.585,0.8037,0.8087,0.8000,0.8000,0.7988,0.8013,1.5025,1.5000,1.8013,1.7963,3.3150,1.2000,1.1013,0.0050,0.8788,1.2038,1.4950,1.8567,4.8202,0.1132,0.0544,0.1673,0.1663,1.5371,0.1103,0.1450,0.0126,0.0232,0.5460,1.1662,-0.0000,0.1900,0.1715,0.0030,11.0829
1786333024.82,34.078,34.156,35.539,33.203,32.507,32.859,31.023,33.914,33.742,33.484,33.601,33.898,32.375,31.828,32.695,0.8050,0.8100,0.7988,0.8000,0.8000,0.8013,1.5025,1.5000,1.8025,1.7963,3.3138,1.2000,1.1025,0.0025,0.8788,1.2025,1.4950,1.4007,4.8236,0.1134,0.0544,0.1676,0.1615,1.5348,0.1110,0.1442,0.0135,0.0232,0.5472,1.1681,-0.0000,0.1900,0.1729,0.0022,10.6282
1786333025.82,33.992,34.250,35.539,32.992,32.929,32.570,31.382,34.250,33.750,33.257,33.710,33.906,32.664,32.210,32.929,0.8037,0.8087,0.8000,0.8000,0.8000,0.8013,1.5025,1.5000,1.8013,1.7963,3.3163,1.2012,1.1025,0.0025,0.8788,1.2025,1.4938,1.4709,4.8485,0.1136,0.0544,0.1672,0.4074,1.5363,0.1103,0.1432,0.0126,0.0232,0.5646,1.1692,-0.0000,0.1889,0.1714,0.0030,10.9846
1786333026.82,34.070,34.015,35.539,33.289,33.242,32.523,31.320,33.601,33.992,33.812,33.671,33.695,32.335,32.492,32.460,0.8037,0.8087,0.8000,0.8000,0.7988,0.8013,1.5012,1.5000,1.8000,1.7963,3.3138,1.2012,1.1013,0.0025,0.8788,1.2025,1.4938,1.3744,4.8040,0.1140,0.0540,0.1673,0.1474,1.5343,0.1110,0.1440,0.0126,0.0215,0.5454,1.1657,-0.0000,0.1900,0.1699,0.0030,10.5585
1786333027.82,34.367,34.031,35.539,33.132,33.312,32.414,31.234,33.906,33.945,33.742,33.640,33.710,32.375,32.125,32.734,0.8037,0.8087,0.7988,0.8000,0.7988,0.8013,1.5025,1.5000,1.8025,1.7963,3.3150,1.2000,1.1013,0.0025,0.8788,1.2025,1.4938,1.8567,4.8040,0.1202,0.0544,0.1669,0.1675,1.5393,0.1103,0.1451,0.0126,0.0215,0.5466,1.1668,-0.0000,0.1900,0.1729,0.0022,11.0769
1786333028.82,33.882,33.843,35.539,32.968,32.648,32.679,31.554,33.625,33.476,33.765,33.570,34.046,32.265,32.382,32.507,0.8037,0.8087,0.7988,0.8000,0.7988,0.8013,1.5025,1.4975,1.8013,1.7950,3.3138,1.2000,1.1013,0.0050,0.8788,1.2038,1.4938,1.5191,4.8161,0.1142,0.0540,0.1669,0.1659,1.5333,0.1108,0.1441,0.0135,0.0215,0.5454,1.1668,-0.0000,0.1900,0.1730,0.0015,10.7362
1786333029.82,34.203,33.812,35.539,32.984,32.804,32.632,31.593,33.750,33.812,33.453,33.492,33.804,32.304,32.148,32.328,0.8037,0.8075,0.7988,0.8000,0.7988,0.8000,1.5012,1.4988,1.8025,1.7963,3.3138,1.2012,1.1013,0.0037,0.8788,1.2025,1.4938,1.5914,4.8167,0.1138,0.0544,0.1673,0.4192,1.5320,0.1109,0.1442,0.0126,0.0249,0.5520,1.1657,-0.0000,0.1911,0.1714,0.0030,11.0706
1786333030.82,34.273,33.851,35.539,32.843,32.617,32.898,31.390,33.625,33.671,33.820,33.781,33.343,32.289,32.421,32.789,0.8050,0.8087,0.7988,0.8000,0.7988,0.8000,1.5025,1.5000,1.8000,1.7963,3.3138,1.2000,1.1013,0.0037,0.8775,1.2038,1.4938,1.3283,4.8161,0.1206,0.0544,0.1673,0.1688,1.5431,0.1095,0.1440,0.0117,0.0249,0.5460,1.1657,-0.0000,0.1898,0.1730,0.0022,10.5653
1786333031.82,34.132,33.921,35.539,32.851,33.015,32.531,31.210,33.835,33.867,33.898,34.046,33.531,32.328,32.460,32.687,0.8037,0.8100,0.7975,0.8013,0.7988,0.8013,1.5025,1.5000,1.8000,1.7975,3.3163,1.2012,1.1025,0.0037,0.8788,1.2038,1.4950,2.2666,4.8236,0.1077,0.0541,0.1669,0.1542,1.5326,0.1110,0.1440,0.0117,0.0232,0.5466,1.1670,-0.0000,0.1911,0.1715,0.0030,11.4747
1786333032.82,33.828,33.914,35.539,32.671,32.835,32.585,30.726,33.476,33.765,33.367,33.695,34.000,32.382,32.250,32.507,0.8037,0.8087,0.8000,0.8000,0.7988,0.8013,1.5025,1.4988,1.8025,1.7963,3.3150,1.2000,1.1013,0.0037,0.8788,1.2038,1.4938,2.0737,4.8121,0.1164,0.0544,0.1669,0.1635,1.5453,0.1087,0.1451,0.0126,0.0249,0.5454,1.1657,-0.0000,0.1900,0.1715,0.0030,11.2991
1786333033.82,34.203,33.945,35.539,32.812,32.617,32.703,31.500,33.789,33.710,33.601,33.640,33.992,32.351,32.304,32.843,0.8050,0.8087,0.7988,0.8013,0.8013,0.8025,1.5025,1.5000,1.8013,1.7963,3.3150,1.2012,1.1013,0.0037,0.8775,1.2038,1.4938,2.2460,4.8121,0.1182,0.0545,0.1675,0.1621,1.5356,0.1103,0.1441,0.0126,0.0249,0.5478,1.1657,-0.0000,0.1898,0.1700,0.0037,11.4646
1786333034.82,34.015,33.757,35.539,32.609,32.421,32.664,31.554,34.062,33.671,33.460,33.531,33.789,32.468,32.054,32.460,0.8037,0.8087,0.8000,0.8000,0.7988,0.8013,1.5038,1.5000,1.8025,1.7963,3.3150,1.2000,1.1025,0.0037,0.8775,1.2025,1.4950,1.6638,4.8161,0.1188,0.0540,0.1669,0.1679,1.5376,0.1110,0.1433,0.0126,0.0249,0.5466,1.1675,-0.0000,0.1887,0.1699,0.0030,10.8924
1786333035.82,34.156,33.976,35.539,32.906,32.367,32.375,31.460,33.890,33.625,33.375,33.835,33.765,32.250,32.164,32.562,0.8037,0.8087,0.7988,0.8013,0.8000,0.8013,1.5012,1.5000,1.8013,1.7950,3.3150,1.2000,1.1013,0.0025,0.8800,1.2038,1.4950,2.0013,4.8202,0.1146,0.0541,0.1672,0.1683,1.5328,0.1103,0.1432,0.0126,0.0232,0.5460,1.1662,-0.0000,0.1914,0.1700,0.0022,11.2235
1786333036.82,33.750,34.007,35.539,33.328,32.835,32.625,31.125,34.078,33.578,33.875,33.421,33.648,32.117,32.109,32.656,0.8037,0.8100,0.7988,0.8000,0.8000,0.8000,1.5012,1.5000,1.8037,1.7963,3.3138,1.2000,1.1013,0.0025,0.8788,1.2025,1.4938,1.4468,4.8195,0.1150,0.0540,0.1672,0.1620,1.5328,0.1118,0.1434,0.0117,0.0215,0.5466,1.1657,-0.0000,0.1889,0.1729,0.0030,10.6627
1786333037.82,34.007,33.992,35.539,32.703,32.718,32.773,31.234,34.039,33.640,33.421,33.359,33.750,32.437,32.234,32.281,0.8037,0.8087,0.7988,0.8000,0.7988,0.8013,1.5025,1.5000,1.8025,1.7963,3.3150,1.2000,1.1013,0.0050,0.8788,1.2038,1.4938,1.5914,4.8202,0.1118,0.0540,0.1673,0.1574,1.5461,0.1095,0.1451,0.0126,0.0249,0.5448,1.1662,-0.0000,0.1900,0.1700,0.0030,10.8144
1786333038.82,33.945,33.945,35.539,32.898,32.976,32.828,31.359,33.843,33.617,33.398,33.625,33.765,32.539,32.132,32.906,0.8037,0.8087,0.8000,0.8000,0.7988,0.8013,1.5025,1.5000,1.8025,1.7950,3.3163,1.2000,1.1013,0.0050,0.8775,1.2038,1.4938,1.0368,4.7959,0.1172,0.0544,0.1673,0.1611,1.5356,0.1110,0.1433,0.0126,0.0216,0.5454,1.1662,-0.0000,0.1898,0.1730,0.0030,10.2341
1786333039.82,33.898,33.695,35.539,33.140,32.531,32.437,31.320,34.054,33.968,33.328,33.406,33.796,32.250,32.312,32.421,0.8037,0.8087,0.8000,0.7988,0.7988,0.8013,1.5025,1.5012,1.8013,1.7963,3.3163,1.2012,1.1013,0.0025,0.8788,1.2038,1.4938,1.4950,4.8161,0.1156,0.0543,0.1673,0.1695,1.5476,0.1103,0.1450,0.0117,0.0232,0.5460,1.1662,-0.0000,0.1900,0.1730,0.0037,10.7346
1786333040.82,34.179,33.937,35.539,32.773,32.679,32.679,31.382,34.023,34.101,33.359,33.695,33.617,31.843,32.132,32.960,0.8025,0.8087,0.7988,0.8013,0.7988,0.8013,1.5025,1.4975,1.8037,1.7975,3.3150,1.2000,1.1000,0.0025,0.8788,1.2038,1.4938,2.0705,4.8161,0.1194,0.0541,0.1677,0.1679,1.5363,0.1101,0.1443,0.0126,0.0232,0.5448,1.1649,-0.0000,0.1900,0.1715,0.0022,11.2956
1786333041.82,34.015,34.164,35.539,32.757,32.632,32.351,31.398,33.351,33.609,33.875,33.554,33.796,32.843,31.906,32.359,0.8037,0.8100,0.8000,0.8000,0.8000,0.8000,1.5025,1.5012,1.8025,1.7963,3.3150,1.2000,1.1013,0.0050,0.8788,1.2025,1.4950,1.6397,4.8236,0.1104,0.0540,0.1676,0.1636,1.5356,0.1103,0.1442,0.0126,0.0215,0.5460,1.1662,-0.0000,0.1900,0.1714,0.0030,10.8596
1786333042.82,33.859,33.781,35.539,33.093,32.281,32.562,31.507,33.679,34.023,33.460,33.562,33.523,32.054,32.445,32.507,0.8037,0.8087,0.7988,0.8013,0.7988,0.8013,1.5025,1.5000,1.8000,1.7950,3.3150,1.2000,1.1025,0.0025,0.8788,1.2038,1.4950,1.9531,4.8080,0.1142,0.0541,0.1673,0.1683,1.5356,0.1095,0.1440,0.0126,0.0232,0.5448,1.1670,-0.0000,0.1911,0.1700,0.0030,11.1658
1786333043.82,34.039,33.726,35.539,33.054,32.796,32.945,31.351,33.656,33.312,33.515,33.929,33.382,32.117,32.460,32.343,0.8037,0.8075,0.7988,0.8013,0.7988,0.8000,1.5025,1.5000,1.8000,1.7963,3.3150,1.2000,1.1013,0.0037,0.8788,1.2025,1.4938,1.3021,4.8127,0.1186,0.0541,0.1669,0.1620,1.5341,0.1110,0.1440,0.0126,0.0232,0.5460,1.1662,-0.0000,0.1900,0.1699,0.0030,10.5163
1786333044.82,33.859,33.687,35.539,33.039,33.062,32.343,31.062,33.890,33.359,33.632,33.484,33.609,32.414,32.257,32.406,0.8037,0.8087,0.7988,0.8000,0.7988,0.8013,1.5000,1.5000,1.8013,1.7963,3.3150,1.2000,1.1000,0.0037,0.8788,1.2025,1.4950,1.1815,4.8121,0.1150,0.0540,0.1669,0.1723,1.5413,0.1110,0.1441,0.0126,0.0232,0.5454,1.1649,-0.0000,0.1900,0.1714,0.0022,10.4079
1786333045.82,33.851,34.187,35.539,32.937,32.484,32.781,31.109,33.976,33.445,33.828,33.460,33.421,31.945,32.242,32.500,0.8037,0.8087,0.8000,0.8000,0.7988,0.8037,1.5025,1.4988,1.8025,1.7950,3.3138,1.2012,1.1013,0.0025,0.8788,1.2038,1.4938,1.2780,4.8202,0.1140,0.0540,0.1669,0.1648,1.5326,0.1102,0.1442,0.0126,0.0215,0.5460,1.1657,-0.0000,0.1900,0.1730,0.0030,10.4965
1786333046.82,34.085,33.851,35.539,32.890,32.687,32.484,31.718,33.812,33.781,33.406,33.765,33.742,32.515,32.187,33.031,0.8037,0.8087,0.7988,0.8000,0.7988,0.8013,1.5025,1.5000,1.8013,1.7963,3.3138,1.2000,1.1013,0.0037,0.8788,1.2025,1.4938,1.6155,4.8080,0.1146,0.0544,0.1673,0.1619,1.5386,0.1110,0.1432,0.0126,0.0232,0.5466,1.1662,-0.0000,0.1900,0.1729,0.0037,10.8297
1786333047.82,34.109,33.890,35.539,32.828,32.812,32.570,31.648,33.695,33.523,33.476,33.156,33.546,32.132,31.898,32.601,0.8050,0.8087,0.8000,0.8013,0.7988,0.8013,1.5025,1.5000,1.8013,1.7950,3.3163,1.2000,1.1013,0.0025,0.8788,1.2025,1.4925,1.7630,4.8080,0.1132,0.0545,0.1669,0.1643,1.5401,0.1103,0.1432,0.0126,0.0232,0.5442,1.1662,0.0000,0.1922,0.1714,0.0030,10.9761
1786333048.82,34.023,34.007,35.539,33.117,32.882,32.468,31.234,33.578,33.531,33.601,33.554,33.328,31.937,32.195,32.585,0.8037,0.8087,0.8000,0.8000,0.7988,0.8013,1.5025,1.5000,1.8000,1.7963,3.3150,1.2012,1.1025,0.0050,0.8788,1.2038,1.4938,1.4950,4.8282,0.1124,0.0540,0.1669,0.1619,1.5401,0.1095,0.1431,0.0117,0.0232,0.5466,1.1675,-0.0000,0.1911,0.1700,0.0030,10.7242
1786333049.82,33.757,34.015,35.539,32.914,32.710,32.421,31.351,33.500,33.101,33.375,33.359,33.492,31.898,32.296,32.453,0.8037,0.8087,0.7988,0.8000,0.7988,0.8013,1.5038,1.5000,1.8013,1.7950,3.3163,1.2000,1.1013,0.0037,0.8788,1.2025,1.4938,1.4709,4.7999,0.1146,0.0544,0.1673,0.1635,1.5459,0.1095,0.1450,0.0135,0.0232,0.5460,1.1662,-0.0000,0.1900,0.1714,0.0030,10.6842
1786333050.82,33.851,33.953,35.539,33.453,32.750,32.460,31.734,33.406,33.679,33.554,33.765,33.429,32.164,32.406,32.335,0.8037,0.8087,0.8000,0.8013,0.7988,0.8013,1.5012,1.4988,1.8013,1.7963,3.3150,1.2000,1.1013,0.0025,0.8788,1.2025,1.4938,1.5191,4.8080,0.1160,0.0545,0.1677,0.1619,1.5313,0.1109,0.1441,0.0135,0.0232,0.5454,1.1662,-0.0000,0.1889,0.1729,0.0045,10.7280
1786333051.82,33.906,33.937,35.539,32.796,32.757,32.468,31.710,33.664,33.734,33.546,33.656,33.640,31.921,31.851,32.835,0.8037,0.8100,0.8000,0.8000,0.8000,0.8013,1.5025,1.5012,1.8013,1.7963,3.3150,1.2000,1.1025,0.0037,0.8775,1.2025,1.4938,1.6879,4.8236,0.1132,0.0540,0.1672,0.1643,1.5453,0.1103,0.1441,0.0126,0.0232,0.5460,1.1675,-0.0000,0.1898,0.1729,0.0030,10.9248
1786333052.82,34.195,33.898,35.539,33.046,33.078,32.359,31.000,34.015,33.625,33.757,33.468,33.609,32.476,32.304,32.617,0.8037,0.8100,0.7988,0.8000,0.8000,0.8025,1.5038,1.5000,1.8013,1.7963,3.3150,1.1987,1.1000,0.0037,0.8788,1.2025,1.4938,1.8084,4.8155,0.1118,0.0540,0.1676,0.1565,1.5376,0.1095,0.1432,0.0117,0.0232,0.5442,1.1655,-0.0000,0.1900,0.1714,0.0030,11.0130
1786333053.82,34.023,33.804,35.539,32.875,32.976,32.507,31.476,33.960,33.906,33.140,33.242,33.562,32.375,32.281,32.804,0.8037,0.8100,0.7988,0.8000,0.7975,0.8013,1.5025,1.5000,1.8025,1.7963,3.3138,1.2000,1.1025,0.0013,0.8775,1.2025,1.4938,1.6879,4.8195,0.1098,0.0544,0.1671,0.1615,1.5341,0.1103,0.1442,0.0126,0.0232,0.5460,1.1670,-0.0000,0.1909,0.1729,0.0030,10.9041
1786333054.82,33.992,33.875,35.539,33.140,32.437,32.265,31.765,33.515,33.851,33.132,33.242,33.710,32.156,31.976,32.156,0.8050,0.8100,0.7988,0.8000,0.7988,0.8013,1.5012,1.4988,1.8025,1.7963,3.3138,1.2000,1.1013,0.0050,0.8788,1.2025,1.4950,1.9320,4.8195,0.1130,0.0544,0.1673,0.1639,1.5455,0.1094,0.1451,0.0117,0.0249,0.5460,1.1651,-0.0000,0.1889,0.1714,0.0037,11.1618
1786333055.82,34.007,33.867,35.539,33.062,32.632,32.789,31.296,33.757,33.671,33.609,33.531,33.835,32.390,32.515,32.617,0.8037,0.8087,0.8000,0.8000,0.7988,0.8013,1.5025,1.5000,1.8025,1.7963,3.3150,1.2000,1.1025,0.0025,0.8775,1.2038,1.4938,1.6638,4.8080,0.1132,0.0540,0.1673,0.1607,1.5363,0.1110,0.1442,0.0117,0.0232,0.5460,1.1687,-0.0000,0.1909,0.1715,0.0037,10.8741
1786333056.82,33.796,34.179,35.539,33.000,32.468,32.242,31.742,33.507,33.929,33.367,33.476,33.742,32.218,32.500,32.562,0.8037,0.8100,0.8000,0.8000,0.7988,0.8025,1.5012,1.5000,1.8013,1.7950,3.3138,1.2000,1.1013,0.0037,0.8775,1.2025,1.4938,1.4468,4.8195,0.1148,0.0544,0.1673,0.1713,1.5455,0.1103,0.1441,0.0126,0.0249,0.5460,1.1662,-0.0000,0.1898,0.1729,0.0022,10.6885
1786333057.82,34.039,34.242,35.539,32.757,32.343,32.453,31.359,33.937,33.648,33.656,33.328,33.828,32.109,32.085,32.359,0.8037,0.8087,0.7988,0.8013,0.7988,0.8013,1.5038,1.4988,1.8000,1.7963,3.3150,1.2012,1.1025,0.0037,0.8788,1.2038,1.4938,1.5191,4.8121,0.1134,0.0541,0.1669,0.1615,1.5368,0.1117,0.1449,0.0126,0.0249,0.5472,1.1670,-0.0000,0.1900,0.1715,0.0030,10.7366
1786333058.82,34.062,34.039,35.539,32.539,32.710,32.507,31.703,33.648,33.632,33.554,33.343,33.695,32.398,31.703,32.679,0.8025,0.8087,0.8000,0.8013,0.7988,0.8013,1.5025,1.5000,1.8013,1.7963,3.3138,1.2025,1.1013,0.0037,0.8788,1.2038,1.4950,1.3963,4.8121,0.1132,0.0541,0.1669,0.1639,1.5453,0.1095,0.1432,0.0126,0.0232,0.5471,1.1662,-0.0000,0.1900,0.1715,0.0022,10.6174
1786333059.82,34.312,33.750,35.539,33.312,32.664,32.617,31.546,33.601,33.570,33.656,33.585,34.070,32.218,32.585,32.750,0.8037,0.8087,0.8000,0.7988,0.7975,0.8013,1.5025,1.5000,1.8013,1.7950,3.3150,1.2000,1.1013,0.0025,0.8775,1.2025,1.4950,1.9049,4.8242,0.1144,0.0539,0.1671,0.1755,1.5348,0.1103,0.1441,0.0126,0.0249,0.5472,1.1662,-0.0000,0.1909,0.1714,0.0030,11.1451
1786333060.82,34.070,33.718,35.539,32.656,32.125,32.375,31.554,33.718,33.859,33.304,33.554,33.687,31.914,32.562,32.429,0.8037,0.8087,0.7988,0.8013,0.8000,0.8013,1.5025,1.5012,1.8013,1.7950,3.3150,1.2000,1.1025,0.0037,0.8775,1.2025,1.4938,1.6879,4.8121,0.1134,0.0541,0.1676,0.1623,1.5348,0.1111,0.1441,0.0135,0.0249,0.5454,1.1675,0.0000,0.1898,0.1714,0.0022,10.9019
1786333061.82,33.750,34.218,35.539,32.789,32.343,32.382,31.437,33.828,33.585,33.593,33.523,33.210,32.320,32.304,32.781,0.8037,0.8087,0.8000,0.8000,0.8000,0.8025,1.5025,1.5000,1.8013,1.7963,3.3150,1.2000,1.1000,0.0037,0.8788,1.2038,1.4938,1.1092,4.8282,0.1164,0.0548,0.1676,0.1585,1.5378,0.1103,0.1441,0.0126,0.0249,0.5460,1.1655,-0.0000,0.1900,0.1730,0.0030,10.3418
1786333062.83,34.000,33.992,35.539,32.593,32.828,32.546,31.367,33.656,33.984,32.984,33.601,33.492,32.015,32.085,32.539,0.8037,0.8087,0.8000,0.8013,0.7988,0.8013,1.5025,1.5000,1.8025,1.7963,3.3150,1.2000,1.1013,0.0037,0.8788,1.2038,1.4938,1.4226,4.8242,0.1112,0.0545,0.1673,0.3874,1.5363,0.1095,0.1442,0.0126,0.0249,0.5466,1.1657,0.0000,0.1900,0.1715,0.0022,10.8708
1786333063.83,33.984,33.695,35.539,32.601,32.445,32.039,31.234,34.039,33.968,33.437,33.695,33.578,31.851,32.179,32.593,0.8037,0.8087,0.7988,0.8000,0.7988,0.8013,1.5012,1.4988,1.8037,1.7950,3.3138,1.2012,1.1000,0.0037,0.8788,1.2038,1.4938,1.7120,4.8121,0.1114,0.0536,0.1669,0.1683,1.5328,0.1109,0.1452,0.0117,0.0232,0.5466,1.1643,-0.0000,0.1900,0.1715,0.0030,10.9235
1786333064.83,33.781,33.890,35.539,32.992,32.531,32.515,31.273,33.914,33.671,33.601,33.406,33.812,32.453,32.445,32.500,0.8037,0.8075,0.7988,0.8013,0.7988,0.8013,1.5025,1.4988,1.8025,1.7963,3.3150,1.2012,1.1013,0.0050,0.8788,1.2025,1.4938,1.9290,4.8087,0.1138,0.0545,0.1673,0.1607,1.5416,0.1102,0.1451,0.0117,0.0232,0.5460,1.1662,-0.0000,0.1889,0.1714,0.0030,11.1411
1786333065.83,33.890,34.015,35.539,32.914,32.492,32.937,31.257,33.789,33.578,34.039,33.359,33.695,32.320,32.070,32.617,0.8037,0.8087,0.8000,0.8000,0.7988,0.8013,1.5025,1.5000,1.8025,1.7950,3.3150,1.2000,1.1000,0.0037,0.8788,1.2038,1.4938,1.7602,4.8121,0.1196,0.0548,0.1669,0.1627,1.5416,0.1110,0.1442,0.0126,0.0232,0.5454,1.1655,-0.0000,0.1900,0.1715,0.0030,10.9842
1786333066.83,34.132,34.031,35.539,32.796,32.695,32.617,31.484,34.085,33.937,33.273,33.648,33.421,32.125,32.281,32.679,0.8037,0.8100,0.8000,0.8000,0.8000,0.8013,1.5038,1.4988,1.8013,1.7963,3.3150,1.2000,1.1013,0.0025,0.8788,1.2025,1.4938,2.1219,4.8195,0.1156,0.0540,0.1676,0.1723,1.5391,0.1102,0.1432,0.0117,0.0232,0.5448,1.1662,-0.0000,0.1900,0.1714,0.0037,11.3543
1786333067.83,33.929,34.101,35.539,32.734,32.601,32.617,31.382,33.796,33.679,33.406,33.375,33.617,32.101,31.984,32.929,0.8025,0.8100,0.8000,0.8000,0.7988,0.8013,1.5012,1.5000,1.8025,1.7963,3.3150,1.2000,1.1013,0.0050,0.8775,1.2038,1.4950,1.4445,4.8276,0.1120,0.0536,0.1673,0.1627,1.5418,0.1103,0.1442,0.0126,0.0232,0.5460,1.1662,-0.0000,0.1887,0.1730,0.0022,10.6759
1786333068.83,34.015,33.859,35.539,33.171,32.859,32.664,31.257,33.625,33.726,34.007,33.210,33.398,32.226,32.265,32.515,0.8037,0.8087,0.7988,0.8000,0.7988,0.8013,1.5025,1.4988,1.8013,1.7963,3.3150,1.2000,1.1025,0.0025,0.8800,1.2025,1.4938,1.2538,4.8161,0.1142,0.0544,0.1681,0.2660,1.5363,0.1102,0.1441,0.0126,0.0249,0.7608,1.1675,-0.0000,0.1903,0.1714,0.0030,10.7937
1786333069.83,33.945,33.968,35.539,33.492,32.359,32.656,31.234,33.875,33.585,33.531,33.031,33.750,32.375,31.945,32.609,0.8037,0.8100,0.7988,0.8000,0.7988,0.8000,1.5025,1.4988,1.8013,1.7963,3.3150,1.2012,1.1013,0.0050,0.8775,1.2038,1.4938,1.9290,4.8195,0.1170,0.0548,0.1673,0.1608,1.5468,0.1102,0.1450,0.0126,0.0232,0.5460,1.1657,-0.0000,0.1909,0.1730,0.0030,11.1647
1786333070.83,33.882,34.015,35.539,32.664,32.320,32.320,31.609,33.664,33.656,33.445,33.625,34.046,32.328,31.992,32.703,0.8037,0.8087,0.7988,0.8000,0.7988,0.8013,1.5025,1.4988,1.8013,1.7950,3.3150,1.2000,1.1025,0.0025,0.8788,1.2038,1.4938,1.5432,4.8121,0.1178,0.0548,0.1673,0.1627,1.5348,0.1109,0.1441,0.0117,0.0232,0.5448,1.1681,-0.0000,0.1900,0.1700,0.0022,10.7577
1786333071.83,33.742,33.812,35.539,32.898,32.859,32.734,30.976,33.828,33.898,33.679,33.640,33.664,32.101,31.703,32.742,0.8037,0.8100,0.7988,0.8000,0.7988,0.8013,1.5025,1.4988,1.8025,1.7963,3.3150,1.2000,1.1013,0.0037,0.8788,1.2025,1.4925,1.2056,4.8276,0.1122,0.0544,0.1673,0.1490,1.5356,0.1102,0.1442,0.0126,0.0232,0.5454,1.1662,-0.0000,0.1900,0.1714,0.0030,10.4179
1786333072.83,33.906,34.085,35.539,33.625,32.937,32.906,31.476,33.554,34.070,33.250,33.500,33.898,32.117,32.531,32.484,0.8037,0.8087,0.7988,0.8000,0.7975,0.8013,1.5025,1.4988,1.8000,1.7950,3.3138,1.2000,1.1013,0.0037,0.8800,1.2025,1.4950,1.4950,4.8161,0.1142,0.0544,0.1671,0.1635,1.5476,0.1109,0.1440,0.0126,0.0232,0.5472,1.1673,-0.0000,0.1903,0.1714,0.0030,10.7276
1786333073.83,34.093,34.000,35.539,33.046,32.875,32.906,31.585,34.062,33.507,33.671,33.281,33.781,32.335,32.164,32.750,0.8037,0.8087,0.7988,0.8000,0.7988,0.8013,1.5025,1.5000,1.8025,1.7950,3.3150,1.2000,1.1013,0.0025,0.8788,1.2038,1.4938,1.9049,4.8040,0.1118,0.0540,0.1669,0.1651,1.5363,0.1103,0.1442,0.0126,0.0249,0.5454,1.1657,-0.0000,0.1900,0.1700,0.0022,11.1082
1786333074.83,33.875,33.757,35.539,32.679,32.929,32.539,30.953,33.484,34.078,34.015,33.953,33.585,32.296,32.296,32.750,0.8050,0.8087,0.8000,0.8000,0.7988,0.7988,1.5025,1.4988,1.7988,1.7950,3.3150,1.2000,1.1013,0.0037,0.8788,1.2025,1.4938,0.9177,4.8202,0.1128,0.0544,0.1665,0.1605,1.5461,0.1109,0.1439,0.0126,0.0232,0.5496,1.1657,-0.0000,0.1889,0.1729,0.0022,10.1481
1786333075.83,33.898,33.781,35.539,32.953,33.085,32.484,31.445,33.828,33.726,33.328,33.914,33.546,32.156,32.117,32.765,0.8050,0.8087,0.8000,0.8013,0.8000,0.8000,1.5025,1.4988,1.8000,1.7963,3.3138,1.2000,1.1000,0.0037,0.8788,1.2025,1.4950,1.4007,4.8202,0.1112,0.0541,0.1680,0.1804,1.5363,0.1094,0.1449,0.0126,0.0232,0.5484,1.1643,-0.0000,0.1889,0.1699,0.0030,10.6354
1786333076.83,33.812,34.046,35.539,32.851,32.320,32.664,31.218,33.664,33.757,33.835,33.726,33.687,32.687,32.250,32.335,0.8037,0.8087,0.7988,0.8000,0.7988,0.8013,1.5025,1.5000,1.8013,1.7950,3.3150,1.2012,1.1025,0.0037,0.8762,1.2025,1.4938,1.7361,4.8080,0.1138,0.0540,0.1669,0.1611,1.5461,0.1095,0.1450,0.0117,0.0249,0.5454,1.1687,-0.0000,0.1884,0.1699,0.0030,10.9523
1786333077.83,33.882,33.906,35.539,32.695,32.750,32.367,31.226,34.015,33.742,33.656,33.687,33.250,32.265,32.171,32.632,0.8050,0.8087,0.7988,0.8013,0.8000,0.8013,1.5012,1.5000,1.8013,1.7950,3.3150,1.2000,1.1025,0.0050,0.8788,1.2025,1.4950,2.3908,4.8121,0.1150,0.0549,0.1680,0.1719,1.5343,0.1110,0.1441,0.0135,0.0232,0.5454,1.1675,-0.0000,0.1900,0.1714,0.0022,11.6153
1786333078.83,34.015,33.921,35.539,32.968,32.460,32.531,31.335,33.304,34.140,33.859,33.320,33.304,32.515,32.718,32.617,0.8037,0.8087,0.7988,0.8013,0.7988,0.8013,1.5025,1.5000,1.8013,1.7950,3.3150,1.2000,1.1025,0.0050,0.8800,1.2025,1.4950,1.6638,4.7999,0.1142,0.0545,0.1669,0.1635,1.5341,0.1095,0.1441,0.0126,0.0232,0.5448,1.1670,-0.0000,0.1914,0.1684,0.0015,10.8592
1786333079.83,33.921,33.796,35.539,32.695,32.492,32.601,31.156,33.968,33.500,33.531,33.179,33.882,32.539,32.367,32.789,0.8037,0.8087,0.8000,0.8013,0.8000,0.8025,1.5012,1.5000,1.7988,1.7963,3.3150,1.2000,1.1013,0.0037,0.8788,1.2038,1.4925,1.7843,4.8202,0.1144,0.0545,0.1676,0.1717,1.5358,0.1095,0.1439,0.0126,0.0232,0.5460,1.1668,0.0000,0.1900,0.1700,0.0022,11.0127
1786333080.83,34.117,34.304,35.539,33.281,32.492,32.515,31.726,34.304,34.328,33.570,33.023,33.601,32.515,32.453,32.515,0.8050,0.8087,0.7975,0.8013,0.7988,0.8000,1.5025,1.5000,1.8013,1.7950,3.3150,1.2000,1.1013,0.0050,0.8788,1.2025,1.4938,1.5698,4.8080,0.1117,0.0545,0.1673,0.1640,1.5341,0.1110,0.1441,0.0117,0.0249,0.5454,1.1651,-0.0000,0.1889,0.1729,0.0030,10.7762
1786333081.83,34.117,33.664,35.539,32.789,32.679,32.671,30.906,33.750,33.406,33.375,33.476,33.335,32.414,32.351,32.570,0.8037,0.8087,0.8000,0.8000,0.8000,0.8013,1.5025,1.4975,1.8025,1.7963,3.3150,1.2000,1.1013,0.0050,0.8800,1.2025,1.4925,1.6155,4.8080,0.1144,0.0540,0.1668,0.1603,1.5401,0.1093,0.1433,0.0126,0.0232,0.5454,1.1662,-0.0000,0.1925,0.1714,0.0030,10.8259
1786333082.83,33.859,33.859,35.539,32.656,32.453,32.726,31.554,33.445,33.859,33.796,33.679,33.945,32.195,32.203,32.406,0.8025,0.8100,0.7988,0.8013,0.7975,0.8013,1.5038,1.5000,1.8013,1.7963,3.3150,1.2000,1.1013,0.0037,0.8775,1.2025,1.4950,2.0945,4.8236,0.1130,0.0545,0.1667,0.1623,1.5444,0.1110,0.1441,0.0126,0.0215,0.5496,1.1662,-0.0000,0.1920,0.1714,0.0022,11.3295
1786333083.83,33.984,33.757,35.539,32.687,32.835,32.726,31.007,33.820,33.648,33.507,33.351,34.039,32.218,32.531,32.531,0.8037,0.8087,0.8000,0.8013,0.7988,0.8013,1.5025,1.4988,1.8013,1.7963,3.3163,1.1987,1.1025,0.0037,0.8800,1.2025,1.4938,1.3021,4.8080,0.1128,0.0541,0.1673,0.1570,1.5371,0.1102,0.1441,0.0117,0.0232,0.5460,1.1681,-0.0000,0.1914,0.1729,0.0030,10.5089
