epoch,versal,aie,sysmon_max,VCCINT_V,VCC_SOC_V,VCC_PMC_V,VCC_RAM_V,VCCINT_PSLP_V,VCCINT_PSFP_V,VCCAUX_V,VCCAUX_PMC_V,VCC_MIO_V,VCC1V8_V,VCC3V3_V,VCC_DDR4_V,VCC1V1_LP4_V,VADJ_FMC_V,MGTYAVCC_V,MGTYAVTT_V,MGTYVCCAUX_V,VCCINT_W,VCC_SOC_W,VCC_PMC_W,VCC_RAM_W,VCCINT_PSLP_W,VCCINT_PSFP_W,VCCAUX_W,VCCAUX_PMC_W,VCC_MIO_W,VCC1V8_W,VCC3V3_W,VCC_DDR4_W,VCC1V1_LP4_W,VADJ_FMC_W,MGTYAVCC_W,MGTYAVTT_W,MGTYVCCAUX_W,total_W
1786330467.38,32.460,30.687,34.070,0.8037,0.8087,0.7988,0.8013,0.8000,0.8025,1.5025,1.5000,1.8000,1.7950,3.3150,1.1987,1.1025,0.0037,0.8775,1.2038,1.4938,-1.5432,4.7352,0.1098,0.0753,0.1668,0.1701,1.5393,0.1103,0.1440,0.0126,0.0232,0.5454,1.1675,-0.0000,0.1865,0.1715,0.0030,7.6174
1786330468.38,31.867,31.101,34.070,0.8037,0.8087,0.7975,0.8000,0.7988,0.8013,1.5025,1.5000,1.8013,1.7963,3.3163,1.2012,1.1013,0.0025,0.8775,1.2025,1.4938,-0.6510,4.7150,0.1156,0.0752,0.1665,0.1635,1.5280,0.1110,0.1432,0.0126,0.0216,0.5466,1.1657,-0.0000,0.1854,0.1699,0.0022,8.4709
1786330469.38,31.968,31.007,34.070,0.8037,0.8087,0.8000,0.8013,0.7988,0.8013,1.5025,1.4988,1.8013,1.7975,3.3150,1.2000,1.1013,0.0037,0.8775,1.2038,1.4938,-1.5191,4.7191,0.1080,0.0749,0.1665,0.1687,1.5280,0.1094,0.1450,0.0126,0.0232,0.5448,1.1657,-0.0000,0.1854,0.1700,0.0030,7.6052
1786330470.38,31.851,30.835,34.070,0.8037,0.8087,0.8000,0.8013,0.8000,0.8013,1.5025,1.5000,1.8013,1.7963,3.3138,1.2000,1.1000,0.0050,0.8788,1.2025,1.4938,-1.6638,4.7191,0.1120,0.0753,0.1668,0.1615,1.5273,0.1110,0.1450,0.0135,0.0232,0.5460,1.1649,0.0000,0.1867,0.1714,0.0022,7.4621
1786330471.38,31.734,30.851,34.070,0.8037,0.8087,0.8000,0.8000,0.7975,0.8013,1.5025,1.4988,1.8000,1.7950,3.3150,1.2012,1.1013,0.0037,0.8788,1.2025,1.4950,-1.4468,4.7231,0.1104,0.0748,0.1671,0.1651,1.5265,0.1109,0.1440,0.0108,0.0249,0.5460,1.1662,-0.0000,0.1867,0.1714,0.0030,7.6840
1786330472.38,31.898,30.867,34.070,0.8037,0.8087,0.7988,0.8000,0.7988,0.8013,1.5012,1.4988,1.8013,1.7963,3.3150,1.2000,1.1013,0.0037,0.8775,1.2012,1.4938,-2.0737,4.7191,0.1138,0.0752,0.1669,0.1731,1.5358,0.1094,0.1450,0.0117,0.0249,0.5466,1.1662,-0.0000,0.1854,0.1697,0.0030,7.0720
1786330473.38,31.921,30.601,34.070,0.8037,0.8087,0.7988,0.8000,0.7988,0.8013,1.5025,1.5000,1.8013,1.7950,3.3138,1.1987,1.1025,0.0037,0.8788,1.2038,1.4938,-1.1574,4.7191,0.1150,0.0752,0.1665,0.1639,1.5295,0.1103,0.1432,0.0126,0.0249,0.5466,1.1670,-0.0000,0.1878,0.1715,0.0030,7.9787
1786330474.38,32.367,30.781,34.070,0.8037,0.8087,0.7988,0.8000,0.7988,0.8013,1.5012,1.5000,1.8013,1.7963,3.3138,1.2000,1.1013,0.0037,0.8788,1.2025,1.4950,-1.5432,4.7271,0.1194,0.0752,0.1665,0.1594,1.5313,0.1095,0.1441,0.0135,0.0232,0.5448,1.1657,-0.0000,0.1878,0.1699,0.0030,7.5972
1786330475.38,32.226,30.773,34.070,0.8037,0.8075,0.8000,0.8013,0.8000,0.8000,1.5012,1.5000,1.7988,1.7975,3.3150,1.2012,1.1000,0.0037,0.8788,1.2025,1.4925,-1.0851,4.6956,0.1132,0.0749,0.1668,0.1612,1.5223,0.1110,0.1439,0.0126,0.0249,0.5454,1.1649,-0.0000,0.1867,0.1699,0.0030,8.0111
1786330476.38,31.773,30.695,34.070,0.8037,0.8075,0.8000,0.8000,0.7988,0.8013,1.5025,1.5000,1.8025,1.7950,3.3150,1.2000,1.1013,0.0037,0.8788,1.2038,1.4938,-1.4709,4.7198,0.1172,0.0752,0.1669,0.1631,1.5295,0.1110,0.1442,0.0126,0.0215,0.5448,1.1657,-0.0000,0.1867,0.1715,0.0022,7.6612
1786330477.38,31.914,30.812,34.070,0.8037,0.8100,0.8000,0.8000,0.7988,0.8013,1.5025,1.4988,1.8000,1.7975,3.3150,1.2000,1.1013,0.0050,0.8788,1.2025,1.4925,-1.4950,4.7304,0.1136,0.0752,0.1661,0.1607,1.5243,0.1109,0.1431,0.0117,0.0232,0.5454,1.1657,-0.0000,0.1867,0.1714,0.0022,7.6356
1786330478.38,31.851,30.703,34.070,0.8025,0.8100,0.7988,0.8013,0.7988,0.8000,1.5025,1.5000,1.8000,1.7963,3.3150,1.2000,1.1013,0.0037,0.8775,1.2025,1.4950,-2.1186,4.7304,0.1170,0.0753,0.1669,0.1668,1.5363,0.1103,0.1449,0.0126,0.0232,0.5466,1.1662,-0.0000,0.1865,0.1714,0.0022,7.0380
1786330479.38,32.296,30.851,34.070,0.8037,0.8087,0.8000,0.8013,0.7988,0.8013,1.5038,1.5000,1.8013,1.7963,3.3150,1.2000,1.1025,0.0037,0.8775,1.2025,1.4938,-1.7361,4.7110,0.1148,0.0753,0.1665,0.1651,1.5293,0.1103,0.1450,0.0126,0.0232,0.5442,1.1670,-0.0000,0.1854,0.1699,0.0030,7.3863
1786330480.38,31.914,30.968,34.070,0.8037,0.8087,0.7988,0.8013,0.7975,0.8000,1.5025,1.4988,1.7988,1.7950,3.3150,1.2012,1.1013,0.0037,0.8775,1.2025,1.4950,-1.7843,4.7191,0.1166,0.0753,0.1667,0.1548,1.5378,0.1109,0.1439,0.0117,0.0249,0.5496,1.1662,-0.0000,0.1865,0.1699,0.0030,7.3524
1786330481.38,32.101,30.812,34.070,0.8025,0.8087,0.8000,0.8000,0.7988,0.8013,1.5025,1.5000,1.8000,1.7963,3.3150,1.2012,1.1013,0.0050,0.8788,1.2025,1.4938,-1.3723,4.7110,0.1176,0.0752,0.1669,0.1635,1.5265,0.1103,0.1440,0.0117,0.0215,0.5466,1.1657,-0.0000,0.1867,0.1699,0.0022,7.7470
1786330482.38,32.109,30.828,34.070,0.8025,0.8087,0.8000,0.8013,0.8000,0.8000,1.5025,1.4988,1.8013,1.7950,3.3150,1.2012,1.1000,0.0037,0.8788,1.2038,1.4925,-1.4204,4.7312,0.1112,0.0753,0.1672,0.1680,1.5386,0.1109,0.1441,0.0126,0.0249,0.5484,1.1638,-0.0000,0.1867,0.1715,0.0022,7.7361
1786330483.38,32.093,30.734,34.070,0.8037,0.8075,0.8000,0.8000,0.7988,0.8013,1.5025,1.4988,1.8000,1.7963,3.3138,1.2000,1.1000,0.0025,0.8775,1.2025,1.4938,-2.3389,4.7198,0.1136,0.0748,0.1669,0.1619,1.5273,0.1102,0.1449,0.0126,0.0232,0.5490,1.1649,-0.0000,0.1865,0.1699,0.0030,6.7894
1786330484.38,31.898,30.789,34.070,0.8037,0.8100,0.7988,0.8013,0.7975,0.8000,1.5025,1.4988,1.8025,1.7950,3.3150,1.2000,1.1013,0.0025,0.8788,1.2025,1.4950,-2.0254,4.7466,0.1150,0.0753,0.1667,0.1664,1.5280,0.1109,0.1442,0.0135,0.0249,0.5490,1.1651,-0.0000,0.1856,0.1714,0.0030,7.1401
1786330485.38,31.953,30.906,34.070,0.8037,0.8087,0.7988,0.8000,0.7988,0.8000,1.5025,1.5000,1.8000,1.7963,3.3150,1.2000,1.1013,0.0025,0.8788,1.2025,1.4950,-1.4468,4.7231,0.1134,0.0752,0.1669,0.1616,1.5378,0.1110,0.1449,0.0126,0.0232,0.5472,1.1668,-0.0000,0.1867,0.1699,0.0030,7.6965
1786330486.38,31.898,31.101,34.070,0.8037,0.8075,0.8000,0.8013,0.7988,0.8000,1.5025,1.5000,1.8013,1.7963,3.3125,1.2000,1.1025,0.0025,0.8775,1.2025,1.4950,-2.2425,4.7198,0.1132,0.0753,0.1669,0.1596,1.5273,0.1110,0.1441,0.0135,0.0232,0.5454,1.1670,-0.0000,0.1865,0.1714,0.0030,6.8847
1786330487.38,32.023,30.710,34.070,0.8037,0.8100,0.7988,0.8000,0.7988,0.8000,1.5038,1.5000,1.8000,1.7963,3.3150,1.2000,1.1013,0.0037,0.8788,1.2025,1.4938,-1.6879,4.7385,0.1086,0.0752,0.1665,0.1608,1.5338,0.1103,0.1440,0.0126,0.0249,0.5454,1.1662,-0.0000,0.1856,0.1714,0.0030,7.4589
1786330488.38,31.867,30.828,34.070,0.8037,0.8087,0.7975,0.8000,0.8000,0.8013,1.5025,1.5000,1.7988,1.7963,3.3150,1.2000,1.1013,0.0050,0.8788,1.2025,1.4938,-1.5432,4.7191,0.1101,0.0752,0.1672,0.1526,1.5250,0.1103,0.1430,0.0117,0.0232,0.5460,1.1657,-0.0000,0.1867,0.1714,0.0030,7.5669
1786330489.38,31.851,30.726,34.070,0.8025,0.8100,0.7988,0.8013,0.7988,0.8025,1.5025,1.5012,1.8013,1.7963,3.3150,1.2000,1.1013,0.0037,0.8788,1.2038,1.4938,-1.5890,4.7385,0.1134,0.0753,0.1665,0.1685,1.5303,0.1096,0.1432,0.0126,0.0232,0.5448,1.1657,-0.0000,0.1867,0.1700,0.0022,7.5617
1786330490.38,31.945,30.687,34.070,0.8037,0.8087,0.7988,0.8013,0.8000,0.8025,1.5025,1.4975,1.7988,1.7963,3.3150,1.1987,1.1025,0.0037,0.8788,1.2025,1.4938,-1.4226,4.7312,0.1094,0.0753,0.1672,0.1629,1.5250,0.1108,0.1448,0.0135,0.0232,0.5448,1.1670,-0.0000,0.1845,0.1714,0.0030,7.7114
1786330491.38,32.054,30.570,34.070,0.8037,0.8087,0.7988,0.8013,0.7975,0.8000,1.5025,1.5000,1.8000,1.7963,3.3138,1.2000,1.1013,0.0025,0.8788,1.2038,1.4938,-1.6397,4.7110,0.1134,0.0749,0.1659,0.1624,1.5348,0.1103,0.1449,0.0117,0.0249,0.5448,1.1662,-0.0000,0.1867,0.1730,0.0022,7.4875
1786330492.38,31.882,30.867,34.070,0.8037,0.8087,0.8000,0.8013,0.8000,0.8013,1.5012,1.5000,1.8013,1.7963,3.3138,1.2000,1.1013,0.0037,0.8775,1.2038,1.4938,-1.5191,4.7110,0.1160,0.0753,0.1664,0.1611,1.5253,0.1103,0.1450,0.0135,0.0249,0.5460,1.1651,-0.0000,0.1854,0.1715,0.0022,7.5998
1786330493.38,31.843,30.570,34.070,0.8025,0.8087,0.8000,0.8013,0.7988,0.8013,1.5025,1.5000,1.8000,1.7963,3.3138,1.2000,1.1013,0.0037,0.8788,1.2025,1.4938,-1.7575,4.7069,0.1080,0.0749,0.1673,0.1675,1.5371,0.1110,0.1440,0.0126,0.0232,0.5460,1.1657,-0.0000,0.1856,0.1729,0.0030,7.3681
1786330494.38,32.015,30.515,34.070,0.8037,0.8100,0.7988,0.8013,0.8000,0.8013,1.5025,1.5000,1.8013,1.7950,3.3138,1.2000,1.1013,0.0037,0.8775,1.2025,1.4950,-1.6638,4.7385,0.1142,0.0757,0.1668,0.1675,1.5273,0.1095,0.1450,0.0126,0.0249,0.5484,1.1657,-0.0000,0.1865,0.1699,0.0030,7.4915
1786330495.38,31.890,30.468,34.070,0.8050,0.8100,0.8000,0.8013,0.7988,0.8013,1.5025,1.5012,1.7988,1.7975,3.3150,1.2012,1.1025,0.0037,0.8788,1.2025,1.4938,-2.1252,4.7426,0.1136,0.0753,0.1665,0.1598,1.5386,0.1096,0.1448,0.0117,0.0215,0.5466,1.1681,0.0000,0.1867,0.1714,0.0022,7.0338
1786330496.38,32.000,30.703,34.070,0.8037,0.8087,0.8000,0.8000,0.7988,0.8000,1.5012,1.5012,1.8000,1.7963,3.3138,1.2000,1.1013,0.0037,0.8788,1.2025,1.4950,-2.2666,4.7271,0.1156,0.0752,0.1669,0.1628,1.5298,0.1103,0.1449,0.0126,0.0232,0.5544,1.1662,-0.0000,0.1856,0.1714,0.0037,6.8832
1786330497.38,32.265,30.656,34.070,0.8037,0.8087,0.8000,0.8000,0.7988,0.8013,1.5038,1.5000,1.8000,1.7963,3.3138,1.2000,1.1025,0.0025,0.8775,1.2025,1.4938,-2.2425,4.7271,0.1088,0.0748,0.1673,0.1518,1.5293,0.1103,0.1431,0.0126,0.0232,0.5448,1.1675,-0.0000,0.1865,0.1714,0.0022,6.8783
1786330498.38,32.148,30.773,34.070,0.8037,0.8100,0.8000,0.8000,0.7988,0.8000,1.5025,1.5000,1.8025,1.7963,3.3150,1.2000,1.1013,0.0050,0.8762,1.2025,1.4938,-2.0978,4.7345,0.1160,0.0752,0.1665,0.3564,1.5258,0.1110,0.1451,0.0117,0.0249,0.5466,1.1662,-0.0000,0.1862,0.1714,0.0022,7.2418
1786330499.38,32.078,30.664,34.070,0.8037,0.8100,0.8000,0.8013,0.7988,0.8013,1.5025,1.5000,1.8000,1.7950,3.3150,1.2000,1.1013,0.0037,0.8788,1.2025,1.4950,-2.3630,4.7345,0.1144,0.0749,0.1665,0.1703,1.5250,0.1110,0.1431,0.0126,0.0232,0.5448,1.1657,-0.0000,0.1878,0.1699,0.0022,6.7829
1786330500.38,31.843,31.000,34.070,0.8037,0.8100,0.8000,0.8013,0.7988,0.8013,1.5025,1.4988,1.8013,1.7963,3.3138,1.2000,1.1000,0.0037,0.8775,1.2025,1.4938,-1.9290,4.7304,0.1148,0.0757,0.1669,0.1590,1.5378,0.1102,0.1441,0.0126,0.0249,0.5484,1.1643,-0.0000,0.1865,0.1684,0.0030,7.2180
1786330501.38,31.906,31.007,34.070,0.8037,0.8087,0.8000,0.8013,0.7988,0.8013,1.5038,1.5000,1.8013,1.7963,3.3150,1.2000,1.1013,0.0037,0.8762,1.2038,1.4938,-1.7361,4.7433,0.1124,0.0749,0.1665,0.1582,1.5301,0.1095,0.1441,0.0117,0.0249,0.5448,1.1657,-0.0000,0.1862,0.1715,0.0030,7.4107
1786330502.38,32.101,30.617,34.070,0.8025,0.8087,0.8000,0.8000,0.7988,0.8013,1.5025,1.5000,1.8013,1.7963,3.3150,1.2000,1.1013,0.0050,0.8775,1.2025,1.4938,-1.7575,4.7150,0.1112,0.0752,0.1669,0.1631,1.5333,0.1103,0.1432,0.0126,0.0249,0.5454,1.1657,-0.0000,0.1854,0.1699,0.0015,7.3659
1786330503.38,31.914,30.867,34.070,0.8025,0.8087,0.7988,0.8000,0.7988,0.8025,1.5012,1.5000,1.8025,1.7963,3.3125,1.2000,1.1000,0.0025,0.8800,1.2025,1.4950,-1.7575,4.7110,0.1126,0.0752,0.1665,0.1617,1.5245,0.1103,0.1442,0.0126,0.0232,0.5448,1.1649,-0.0000,0.1870,0.1714,0.0022,7.3546
1786330504.38,31.851,30.781,34.070,0.8037,0.8087,0.7988,0.7988,0.7988,0.8000,1.5025,1.5000,1.8013,1.7950,3.3138,1.2000,1.1013,0.0037,0.8788,1.2038,1.4938,-2.4354,4.7191,0.1122,0.0747,0.1665,0.1664,1.5310,0.1103,0.1432,0.0126,0.0232,0.5532,1.1657,0.0000,0.1867,0.1715,0.0030,6.7039
1786330505.38,31.984,31.250,34.070,0.8025,0.8087,0.7988,0.8013,0.7988,0.8025,1.5025,1.5012,1.8000,1.7975,3.3138,1.2012,1.1000,0.0037,0.8788,1.2012,1.4950,-1.5890,4.7271,0.1102,0.0749,0.1665,0.1565,1.5250,0.1103,0.1440,0.0117,0.0249,0.5466,1.1643,-0.0000,0.1856,0.1727,0.0030,7.5345
1786330506.38,32.015,30.640,34.070,0.8037,0.8087,0.7988,0.8000,0.8000,0.8013,1.5025,1.5000,1.8013,1.7963,3.3150,1.2000,1.1025,0.0037,0.8788,1.2025,1.4938,-2.2907,4.7150,0.1130,0.0752,0.1668,0.1615,1.5341,0.1110,0.1432,0.0117,0.0249,0.5484,1.1670,-0.0000,0.1867,0.1714,0.0030,6.8421
1786330507.38,32.625,30.750,34.070,0.8037,0.8087,0.7988,0.8013,0.7988,0.8000,1.5038,1.5000,1.8013,1.7963,3.3138,1.2000,1.1013,0.0037,0.8788,1.2025,1.4950,-2.0978,4.7231,0.1174,0.0757,0.1665,0.1596,1.5286,0.1095,0.1432,0.0135,0.0232,0.5454,1.1657,-0.0000,0.1856,0.1714,0.0030,7.0336
1786330508.38,31.968,30.531,34.070,0.8037,0.8087,0.8000,0.8013,0.7988,0.8013,1.5025,1.5000,1.8000,1.7950,3.3138,1.2000,1.1025,0.0037,0.8775,1.2038,1.4938,-1.8326,4.7231,0.1148,0.0757,0.1665,0.1659,1.5363,0.1118,0.1440,0.0117,0.0232,0.5460,1.1664,-0.0000,0.1876,0.1700,0.0030,7.3134
1786330509.38,31.921,30.710,34.070,0.8037,0.8087,0.7988,0.8000,0.7988,0.8013,1.5025,1.4988,1.8013,1.7963,3.3150,1.2000,1.1013,0.0025,0.8775,1.2038,1.4938,-2.2907,4.7231,0.1114,0.0752,0.1669,0.1663,1.5280,0.1102,0.1441,0.0126,0.0232,0.5484,1.1657,-0.0000,0.1854,0.1715,0.0030,6.8443
1786330510.38,32.000,30.507,34.070,0.8037,0.8100,0.8000,0.8000,0.7988,0.8025,1.5012,1.5000,1.8000,1.7963,3.3150,1.2000,1.1013,0.0025,0.8775,1.2025,1.4938,-1.9290,4.7223,0.1148,0.0752,0.1665,0.1645,1.5260,0.1103,0.1449,0.0117,0.0232,0.5454,1.1646,-0.0000,0.1854,0.1714,0.0022,7.1993
1786330511.38,31.906,30.585,34.070,0.8037,0.8087,0.7988,0.8000,0.7988,0.8013,1.5025,1.5000,1.8013,1.7963,3.3150,1.2012,1.1013,0.0025,0.8788,1.2025,1.4938,-2.0737,4.7271,0.1122,0.0748,0.1673,0.1578,1.5280,0.1110,0.1432,0.0126,0.0232,0.5454,1.1657,-0.0000,0.1889,0.1714,0.0022,7.0573
1786330512.38,32.031,30.617,34.070,0.8037,0.8087,0.7988,0.7988,0.7988,0.8025,1.5025,1.5000,1.8000,1.7963,3.3138,1.2012,1.1025,0.0037,0.8775,1.2050,1.4938,-1.6638,4.7312,0.1150,0.0751,0.1665,0.1581,1.5258,0.1110,0.1449,0.0126,0.0232,0.5454,1.1670,-0.0000,0.1865,0.1702,0.0030,7.4716
1786330513.38,31.960,30.781,34.070,0.8037,0.8087,0.7988,0.8000,0.8000,0.8013,1.5025,1.4988,1.8013,1.7963,3.3150,1.2012,1.1000,0.0025,0.8788,1.2025,1.4938,-1.7843,4.7069,0.1190,0.0752,0.1672,0.1631,1.5378,0.1117,0.1432,0.0117,0.0249,0.5466,1.1643,-0.0000,0.1867,0.1714,0.0030,7.3483
1786330514.38,32.000,30.750,34.070,0.8037,0.8075,0.7988,0.8000,0.7975,0.8013,1.5025,1.5000,1.8013,1.7963,3.3150,1.2000,1.1013,0.0037,0.8788,1.2038,1.4938,-1.5191,4.7158,0.1138,0.0756,0.1667,0.1603,1.5280,0.1103,0.1450,0.0126,0.0232,0.5466,1.1651,-0.0000,0.1856,0.1700,0.0022,7.6018
1786330515.38,32.117,31.015,34.070,0.8037,0.8087,0.7988,0.8000,0.7988,0.8013,1.5025,1.5012,1.8025,1.7963,3.3150,1.2000,1.1025,0.0037,0.8775,1.2025,1.4950,-2.2184,4.7191,0.1182,0.0752,0.1669,0.1603,1.5356,0.1118,0.1442,0.0117,0.0232,0.5472,1.1670,-0.0000,0.1865,0.1729,0.0030,6.9243
1786330516.38,31.960,30.906,34.070,0.8037,0.8087,0.7988,0.8000,0.8000,0.8013,1.5025,1.5000,1.8000,1.7963,3.3150,1.1987,1.1013,0.0037,0.8788,1.2025,1.4938,-1.3503,4.7312,0.1154,0.0756,0.1672,0.1635,1.5250,0.1103,0.1431,0.0117,0.0249,0.5460,1.1657,-0.0000,0.1878,0.1714,0.0030,7.7914
1786330517.38,31.968,30.710,34.070,0.8037,0.8087,0.7988,0.8013,0.8000,0.8013,1.5012,1.5012,1.8013,1.7963,3.3150,1.2000,1.1013,0.0037,0.8788,1.2025,1.4938,-1.8084,4.7150,0.1054,0.0753,0.1676,0.1482,1.5320,0.1103,0.1441,0.0126,0.0232,0.5466,1.1662,-0.0000,0.1878,0.1714,0.0030,7.3004
1786330518.38,32.109,30.734,34.070,0.8037,0.8100,0.7988,0.8000,0.7988,0.8013,1.5038,1.5000,1.8013,1.7963,3.3150,1.2012,1.1013,0.0037,0.8788,1.2025,1.4950,-1.8567,4.7385,0.1114,0.0748,0.1669,0.1671,1.5248,0.1118,0.1432,0.0126,0.0232,0.5460,1.1662,-0.0000,0.1856,0.1729,0.0022,7.2905
1786330519.38,32.070,30.898,34.070,0.8025,0.8100,0.7988,0.8000,0.7988,0.8013,1.5012,1.5000,1.8000,1.7963,3.3138,1.2000,1.1013,0.0037,0.8788,1.2025,1.4950,-1.9982,4.7547,0.1126,0.0752,0.1673,0.1623,1.5313,0.1103,0.1431,0.0117,0.0232,0.5448,1.1651,-0.0000,0.1878,0.1714,0.0037,7.1662
1786330520.38,32.031,30.445,34.070,0.8050,0.8087,0.7988,0.8000,0.7988,0.8000,1.5025,1.5000,1.7988,1.7975,3.3150,1.2000,1.1013,0.0037,0.8788,1.2025,1.4938,-1.7147,4.7191,0.1094,0.0748,0.1665,0.1604,1.5258,0.1103,0.1430,0.0126,0.0265,0.5448,1.1662,-0.0000,0.1867,0.1714,0.0030,7.4058
1786330521.38,32.070,30.929,34.070,0.8037,0.8075,0.7975,0.8000,0.7988,0.8013,1.5038,1.5000,1.8013,1.7963,3.3138,1.2000,1.1025,0.0037,0.8775,1.2025,1.4938,-1.5673,4.7239,0.1128,0.0748,0.1665,0.1546,1.5368,0.1095,0.1441,0.0117,0.0249,0.5460,1.1675,-0.0000,0.1876,0.1714,0.0015,7.5663
1786330522.38,32.101,30.710,34.070,0.8025,0.8087,0.7988,0.8000,0.7988,0.8013,1.5025,1.5000,1.8013,1.7963,3.3138,1.2000,1.1013,0.0050,0.8788,1.2025,1.4950,-2.0464,4.7191,0.1146,0.0752,0.1665,0.1570,1.5265,0.1110,0.1441,0.0126,0.0232,0.5454,1.1662,-0.0000,0.1867,0.1699,0.0022,7.0739
1786330523.38,32.078,30.609,34.070,0.8025,0.8087,0.7988,0.8000,0.7988,0.8013,1.5025,1.5000,1.8025,1.7950,3.3150,1.2000,1.1013,0.0025,0.8775,1.2025,1.4938,-2.1186,4.7352,0.1122,0.0756,0.1669,0.1635,1.5378,0.1103,0.1433,0.0126,0.0249,0.5466,1.1662,-0.0000,0.1876,0.1714,0.0030,7.0384
1786330524.38,31.859,30.640,34.070,0.8037,0.8087,0.7988,0.8000,0.7963,0.8000,1.5025,1.4988,1.8000,1.7963,3.3150,1.2012,1.1013,0.0037,0.8788,1.2025,1.4950,-1.4226,4.7271,0.1122,0.0748,0.1660,0.1588,1.5273,0.1109,0.1440,0.0126,0.0249,0.5472,1.1668,-0.0000,0.1867,0.1699,0.0030,7.7095
1786330525.38,31.984,30.742,34.070,0.8050,0.8100,0.8000,0.8000,0.7975,0.8013,1.5012,1.5000,1.8000,1.7963,3.3150,1.2012,1.1013,0.0037,0.8788,1.2025,1.4950,-1.5456,4.7223,0.1104,0.0748,0.1667,0.1943,1.5365,0.1103,0.1440,0.0126,0.0249,0.5460,1.1662,-0.0000,0.1867,0.1714,0.0022,7.6236
1786330526.38,32.312,30.867,34.070,0.8037,0.8100,0.7988,0.8013,0.7988,0.8013,1.5012,1.5012,1.8013,1.7963,3.3150,1.2025,1.1013,0.0037,0.8788,1.2038,1.4938,-1.6155,4.7385,0.1114,0.0749,0.1669,0.1623,1.5253,0.1096,0.1450,0.0126,0.0232,0.5471,1.1662,-0.0000,0.1867,0.1715,0.0030,7.5288
1786330527.38,32.312,30.796,34.070,0.8037,0.8100,0.7988,0.8000,0.7975,0.8025,1.5025,1.5000,1.8000,1.7950,3.3138,1.2012,1.1013,0.0050,0.8762,1.2025,1.4950,-1.9531,4.7385,0.1106,0.0752,0.1659,0.1605,1.5265,0.1103,0.1440,0.0117,0.0232,0.5460,1.1662,-0.0000,0.1873,0.1714,0.0030,7.1871
1786330528.38,32.273,30.906,34.070,0.8050,0.8100,0.7988,0.8000,0.7988,0.8013,1.5038,1.5000,1.8000,1.7963,3.3138,1.2012,1.1000,0.0037,0.8788,1.2025,1.4938,-2.0286,4.7507,0.1134,0.0752,0.1665,0.1759,1.5361,0.1103,0.1431,0.0117,0.0265,0.5466,1.1649,-0.0000,0.1834,0.1729,0.0030,7.1515
1786330529.38,32.242,31.085,34.070,0.8025,0.8087,0.7988,0.8000,0.7988,0.8013,1.5025,1.4988,1.8025,1.7963,3.3125,1.2012,1.1013,0.0037,0.8788,1.2038,1.4938,-1.1556,4.7110,0.1150,0.0748,0.1665,0.1566,1.5303,0.1109,0.1433,0.0126,0.0232,0.5472,1.1657,-0.0000,0.1867,0.1700,0.0037,7.9620
1786330530.38,31.890,30.718,34.070,0.8025,0.8087,0.8000,0.8000,0.7988,0.8013,1.5025,1.5000,1.8013,1.7975,3.3163,1.2012,1.1025,0.0037,0.8788,1.2025,1.4938,-1.7575,4.7352,0.1188,0.0752,0.1665,0.1598,1.5326,0.1095,0.1450,0.0126,0.0232,0.5454,1.1675,0.0000,0.1867,0.1699,0.0030,7.3935
1786330531.38,31.812,30.687,34.070,0.8050,0.8100,0.8000,0.8000,0.7988,0.8013,1.5012,1.5000,1.8000,1.7963,3.3138,1.2012,1.1013,0.0025,0.8788,1.2025,1.4938,-1.5456,4.7264,0.1152,0.0756,0.1669,0.1607,1.5223,0.1110,0.1440,0.0126,0.0232,0.5460,1.1668,-0.0000,0.1856,0.1699,0.0037,7.5841
1786330532.38,31.945,30.656,34.070,0.8037,0.8087,0.7975,0.8013,0.8000,0.8013,1.5025,1.5000,1.8013,1.7963,3.3138,1.2012,1.1025,0.0037,0.8775,1.2038,1.4938,-1.9290,4.7191,0.1176,0.0753,0.1668,0.1590,1.5280,0.1095,0.1441,0.0117,0.0249,0.5472,1.1664,-0.0000,0.1865,0.1700,0.0037,7.2009
1786330533.38,31.851,30.734,34.070,0.8037,0.8087,0.8000,0.8000,0.7988,0.8025,1.5025,1.5000,1.8000,1.7963,3.3150,1.2000,1.1013,0.0037,0.8775,1.2025,1.4938,-2.0978,4.7150,0.1104,0.0752,0.1665,0.1557,1.5235,0.1103,0.1449,0.0135,0.0232,0.5448,1.1662,-0.0000,0.1876,0.1714,0.0022,7.0126
1786330534.38,32.179,30.960,34.070,0.8037,0.8075,0.7988,0.8013,0.7988,0.8013,1.5025,1.5000,1.8013,1.7963,3.3150,1.2012,1.1013,0.0037,0.8788,1.2038,1.4938,-1.7602,4.7158,0.1174,0.0753,0.1669,0.1639,1.5356,0.1095,0.1441,0.0117,0.0249,0.5514,1.1651,-0.0000,0.1867,0.1700,0.0022,7.3803
1786330535.38,31.882,30.617,34.070,0.8025,0.8087,0.7988,0.7988,0.8000,0.8000,1.5025,1.5000,1.8013,1.7963,3.3138,1.2000,1.1013,0.0025,0.8788,1.2038,1.4938,-1.9260,4.7231,0.1190,0.0747,0.1672,0.1648,1.5280,0.1103,0.1450,0.0108,0.0232,0.5454,1.1657,-0.0000,0.1867,0.1700,0.0030,7.2109
1786330536.38,31.687,30.796,34.070,0.8025,0.8100,0.7988,0.8013,0.7988,0.8025,1.5012,1.5012,1.8000,1.7963,3.3138,1.2012,1.1025,0.0037,0.8788,1.2025,1.4938,-2.2871,4.7345,0.1154,0.0749,0.1673,0.1561,1.5365,0.1103,0.1431,0.0126,0.0232,0.5472,1.1675,-0.0000,0.1878,0.1714,0.0030,6.8637
1786330537.38,31.789,30.554,34.070,0.8050,0.8100,0.8000,0.8000,0.7963,0.8013,1.5025,1.5000,1.8000,1.7963,3.3138,1.2000,1.1000,0.0050,0.8788,1.2038,1.4938,-2.1977,4.7345,0.1120,0.0748,0.1664,0.1598,1.5280,0.1110,0.1440,0.0117,0.0249,0.5472,1.1643,-0.0000,0.1867,0.1715,0.0030,6.9422
1786330538.38,32.296,30.781,34.070,0.8037,0.8087,0.7975,0.8000,0.7975,0.8013,1.5025,1.5000,1.8000,1.7963,3.3138,1.2000,1.1013,0.0037,0.8775,1.2012,1.4938,-2.0496,4.7271,0.1140,0.0752,0.1663,0.1651,1.5273,0.1110,0.1431,0.0126,0.0232,0.5460,1.1662,-0.0000,0.1865,0.1712,0.0022,7.0874
1786330539.38,32.046,30.789,34.070,0.8037,0.8087,0.7988,0.8013,0.7975,0.8025,1.5025,1.5000,1.8000,1.7975,3.3138,1.2012,1.1013,0.0037,0.8775,1.2025,1.4938,-2.0737,4.7110,0.1138,0.0749,0.1667,0.1721,1.5280,0.1110,0.1449,0.0117,0.0232,0.5472,1.1651,-0.0000,0.1865,0.1714,0.0030,7.0568
1786330540.38,31.851,30.929,34.070,0.8037,0.8087,0.8000,0.8000,0.7988,0.8025,1.5025,1.4988,1.8013,1.7963,3.3150,1.2012,1.1013,0.0037,0.8788,1.2025,1.4950,-1.9531,4.7110,0.1112,0.0752,0.1665,0.1605,1.5288,0.1102,0.1432,0.0126,0.0249,0.5550,1.1668,-0.0000,0.1867,0.1714,0.0022,7.1730
1786330541.38,32.132,30.843,34.070,0.8037,0.8087,0.7975,0.8013,0.7988,0.8000,1.5025,1.4988,1.8013,1.7963,3.3138,1.2012,1.1025,0.0025,0.8775,1.2038,1.4938,-1.3985,4.7271,0.1168,0.0753,0.1665,0.1604,1.5393,0.1102,0.1441,0.0135,0.0232,0.5454,1.1670,-0.0000,0.1876,0.1715,0.0030,7.7524
1786330542.38,32.234,30.359,34.070,0.8050,0.8100,0.7975,0.8000,0.8000,0.8000,1.5038,1.5000,1.8013,1.7950,3.3150,1.2012,1.1000,0.0037,0.8788,1.2025,1.4938,-1.6422,4.7345,0.1164,0.0756,0.1672,0.1620,1.5278,0.1110,0.1450,0.0117,0.0249,0.5514,1.1643,-0.0000,0.1878,0.1714,0.0030,7.5117
1786330543.38,32.007,30.703,34.070,0.8037,0.8113,0.7988,0.8000,0.7988,0.8013,1.5025,1.5000,1.8013,1.7963,3.3138,1.1987,1.1013,0.0037,0.8788,1.2025,1.4938,-1.5673,4.7336,0.1110,0.0752,0.1669,0.1623,1.5348,0.1110,0.1441,0.0117,0.0249,0.5484,1.1668,-0.0000,0.1856,0.1699,0.0030,7.5819
1786330544.38,32.179,30.804,34.070,0.8025,0.8075,0.8000,0.8013,0.7988,0.8013,1.5025,1.4988,1.7988,1.7963,3.3138,1.2012,1.1013,0.0037,0.8788,1.2025,1.4925,-1.3723,4.7158,0.1100,0.0753,0.1665,0.1619,1.5243,0.1117,0.1439,0.0117,0.0232,0.5466,1.1657,-0.0000,0.1867,0.1729,0.0022,7.7460
1786330545.38,31.828,30.679,34.070,0.8037,0.8100,0.7988,0.8000,0.7975,0.8013,1.5025,1.5012,1.8013,1.7950,3.3150,1.2000,1.1013,0.0037,0.8788,1.2038,1.4950,-1.9290,4.7426,0.1126,0.0748,0.1667,0.1759,1.5303,0.1103,0.1450,0.0135,0.0249,0.5460,1.1657,-0.0000,0.1867,0.1700,0.0022,7.2382
1786330546.38,31.937,31.039,34.070,0.8037,0.8087,0.7988,0.8000,0.7975,0.8013,1.5025,1.5000,1.7988,1.7975,3.3150,1.2012,1.1013,0.0037,0.8788,1.2038,1.4938,-1.7361,4.7231,0.1186,0.0752,0.1663,0.1627,1.5258,0.1118,0.1439,0.0126,0.0232,0.5466,1.1657,-0.0000,0.1867,0.1715,0.0037,7.4012
1786330547.38,31.953,30.734,34.070,0.8050,0.8087,0.8000,0.8000,0.7988,0.8013,1.5025,1.4988,1.8013,1.7963,3.3125,1.2012,1.1013,0.0037,0.8775,1.2012,1.4938,-1.4732,4.7271,0.1100,0.0752,0.1669,0.1590,1.5356,0.1109,0.1432,0.0126,0.0232,0.5472,1.1662,-0.0000,0.1876,0.1697,0.0030,7.6642
1786330548.38,31.781,30.476,34.070,0.8037,0.8087,0.8000,0.8000,0.7988,0.8013,1.5012,1.4988,1.8013,1.7963,3.3138,1.2000,1.1000,0.0037,0.8788,1.2038,1.4938,-1.6638,4.7312,0.1148,0.0756,0.1665,0.1619,1.5238,0.1102,0.1450,0.0117,0.0232,0.5460,1.1655,-0.0000,0.1867,0.1730,0.0030,7.4742
1786330549.38,32.218,30.906,34.070,0.8037,0.8087,0.7988,0.8013,0.7988,0.8013,1.5012,1.5000,1.8013,1.7950,3.3138,1.2000,1.1000,0.0025,0.8788,1.2025,1.4938,-2.0496,4.7231,0.1110,0.0749,0.1665,0.1699,1.5350,0.1118,0.1432,0.0117,0.0215,0.5460,1.1649,-0.0000,0.1878,0.1714,0.0030,7.0921
1786330550.38,31.601,30.812,34.070,0.8037,0.8100,0.7975,0.8013,0.7988,0.8013,1.5025,1.4988,1.8000,1.7950,3.3138,1.2012,1.1000,0.0037,0.8775,1.2038,1.4938,-1.9772,4.7466,0.1124,0.0753,0.1665,0.1598,1.5265,0.1102,0.1431,0.0117,0.0232,0.5472,1.1643,-0.0000,0.1876,0.1715,0.0022,7.1710
1786330551.38,32.054,30.703,34.070,0.8037,0.8087,0.7988,0.8013,0.8000,0.8013,1.5025,1.5000,1.8013,1.7975,3.3150,1.2012,1.1000,0.0037,0.8788,1.2038,1.4938,-1.4226,4.7312,0.1158,0.0753,0.1668,0.3810,1.5371,0.1103,0.1450,0.0135,0.0249,0.5610,1.1643,-0.0000,0.1856,0.1715,0.0030,7.9636
1786330552.38,31.757,30.734,34.070,0.8037,0.8087,0.8000,0.8000,0.7988,0.8013,1.5012,1.5000,1.8013,1.7963,3.3150,1.2012,1.1025,0.0025,0.8788,1.2038,1.4938,-1.1815,4.7514,0.1128,0.0748,0.1669,0.1687,1.5253,0.1095,0.1441,0.0126,0.0232,0.5466,1.1675,-0.0000,0.1867,0.1715,0.0022,7.9824
1786330553.38,31.734,30.773,34.070,0.8037,0.8100,0.8000,0.8013,0.7975,0.8013,1.5025,1.5000,1.8013,1.7963,3.3150,1.2000,1.1013,0.0037,0.8775,1.2012,1.4950,-1.5432,4.7264,0.1120,0.0745,0.1667,0.1631,1.5265,0.1103,0.1441,0.0126,0.0232,0.5472,1.1657,-0.0000,0.1865,0.1712,0.0022,7.5888
1786330554.38,32.117,30.835,34.070,0.8037,0.8100,0.7988,0.8013,0.7975,0.8013,1.5025,1.5000,1.7988,1.7963,3.3163,1.2000,1.1013,0.0037,0.8788,1.2025,1.4938,-1.6638,4.7264,0.1110,0.0753,0.1667,0.1671,1.5265,0.1110,0.1439,0.0126,0.0265,0.5442,1.1657,-0.0000,0.1867,0.1714,0.0015,7.4727
1786330555.38,31.859,30.500,34.070,0.8025,0.8087,0.7988,0.8013,0.7988,0.8013,1.5025,1.5000,1.8000,1.7963,3.3138,1.2000,1.1025,0.0037,0.8775,1.2025,1.4938,-1.3001,4.7191,0.1154,0.0753,0.1669,0.1615,1.5243,0.1118,0.1440,0.0126,0.0232,0.5454,1.1664,-0.0000,0.1865,0.1714,0.0015,7.8251
1786330556.38,31.882,30.890,34.070,0.8025,0.8087,0.8000,0.8000,0.7988,0.8000,1.5025,1.4988,1.8000,1.7963,3.3138,1.2000,1.1013,0.0050,0.8762,1.2025,1.4938,-2.5038,4.7231,0.1108,0.0748,0.1669,0.1652,1.5371,0.1109,0.1431,0.0117,0.0232,0.5454,1.1657,-0.0000,0.1873,0.1714,0.0022,6.6349
1786330557.38,31.890,30.882,34.070,0.8025,0.8087,0.8000,0.7988,0.7988,0.8013,1.5038,1.5012,1.8013,1.7963,3.3138,1.2000,1.1013,0.0037,0.8775,1.2025,1.4938,-1.9260,4.7271,0.1128,0.0751,0.1669,0.1611,1.5293,0.1103,0.1432,0.0126,0.0249,0.5466,1.1662,-0.0000,0.1876,0.1699,0.0030,7.2105
1786330558.38,31.937,30.750,34.070,0.8037,0.8087,0.7988,0.8013,0.7975,0.8013,1.5025,1.5000,1.8013,1.7963,3.3138,1.2000,1.1025,0.0037,0.8775,1.2038,1.4938,-1.6638,4.7231,0.1094,0.0749,0.1671,0.1598,1.5333,0.1110,0.1450,0.0117,0.0215,0.5460,1.1675,-0.0000,0.1865,0.1700,0.0030,7.4662
1786330559.38,32.265,30.710,34.070,0.8025,0.8087,0.8000,0.8013,0.8000,0.8013,1.5025,1.5000,1.8013,1.7963,3.3138,1.2012,1.1013,0.0037,0.8775,1.2025,1.4938,-1.6853,4.7352,0.1116,0.0753,0.1672,0.1659,1.5235,0.1103,0.1441,0.0126,0.0232,0.5466,1.1662,0.0000,0.1865,0.1729,0.0030,7.4587
1786330560.38,32.109,30.281,34.070,0.8037,0.8087,0.7988,0.8013,0.8000,0.8025,1.5025,1.5012,1.8000,1.7963,3.3138,1.2000,1.1000,0.0025,0.8775,1.2025,1.4938,-1.3744,4.7312,0.1146,0.0753,0.1676,0.1621,1.5318,0.1103,0.1431,0.0126,0.0232,0.5454,1.1643,-0.0000,0.1865,0.1714,0.0030,7.7680
1786330561.38,32.093,30.726,34.070,0.8037,0.8100,0.8000,0.8013,0.7988,0.8025,1.5025,1.5012,1.8013,1.7963,3.3138,1.2000,1.1013,0.0037,0.8775,1.2025,1.4950,-0.8680,4.7385,0.1152,0.0749,0.1669,0.1581,1.5250,0.1111,0.1441,0.0126,0.0249,0.5466,1.1662,-0.0000,0.1865,0.1729,0.0045,8.2799
1786330562.38,31.914,31.007,34.070,0.8037,0.8100,0.7975,0.8025,0.7988,0.8013,1.5025,1.5000,1.8013,1.7950,3.3150,1.2000,1.1000,0.0025,0.8775,1.2025,1.4950,-1.6397,4.7223,0.1101,0.0750,0.1665,0.1611,1.5333,0.1110,0.1432,0.0126,0.0232,0.5460,1.1655,-0.0000,0.1865,0.1714,0.0037,7.4916
1786330563.38,31.882,30.882,34.070,0.8025,0.8100,0.8000,0.8000,0.8000,0.8013,1.5025,1.4988,1.8013,1.7963,3.3138,1.2012,1.1013,0.0050,0.8775,1.2025,1.4950,-2.1186,4.7426,0.1132,0.0752,0.1672,0.1675,1.5273,0.1109,0.1441,0.0117,0.0232,0.5454,1.1662,0.0000,0.1865,0.1744,0.0022,7.0388
1786330564.39,32.203,30.789,34.070,0.8037,0.8087,0.7988,0.8000,0.7988,0.8000,1.5025,1.5000,1.8025,1.7963,3.3150,1.2000,1.1025,0.0025,0.8788,1.2038,1.4925,-1.8567,4.7191,0.1142,0.0752,0.1669,0.1988,1.5386,0.1110,0.1451,0.0126,0.0249,0.6054,1.1670,0.0000,0.1856,0.1715,0.0022,7.3815
1786330565.39,32.210,30.882,34.070,0.8037,0.8075,0.7988,0.8013,0.7988,0.8013,1.5025,1.5000,1.8000,1.7963,3.3150,1.2012,1.1025,0.0037,0.8788,1.2025,1.4938,-1.6397,4.7077,0.1190,0.0753,0.1665,0.1550,1.5393,0.1103,0.1440,0.0126,0.0232,0.5460,1.1675,-0.0000,0.1878,0.1699,0.0022,7.4868
1786330566.39,32.179,30.820,34.070,0.8037,0.8087,0.7988,0.8000,0.7988,0.8000,1.5025,1.5000,1.8025,1.7963,3.3150,1.2000,1.1000,0.0037,0.8775,1.2025,1.4938,-1.8084,4.7110,0.1122,0.0748,0.1669,0.1560,1.5288,0.1110,0.1442,0.0117,0.0232,0.5532,1.1638,-0.0000,0.1876,0.1729,0.0030,7.3118
1786330567.39,32.406,30.796,34.070,0.8037,0.8100,0.7988,0.8000,0.7988,0.8000,1.5025,1.5000,1.8013,1.7963,3.3150,1.2000,1.1013,0.0037,0.8775,1.2038,1.4950,-1.3744,4.7264,0.1130,0.0752,0.1665,0.1536,1.5280,0.1110,0.1450,0.0126,0.0232,0.5496,1.1657,-0.0000,0.1876,0.1700,0.0030,7.7560
1786330568.39,31.914,31.039,34.070,0.8037,0.8087,0.7988,0.8013,0.7988,0.8013,1.5025,1.5000,1.8000,1.7963,3.3150,1.2000,1.1013,0.0050,0.8800,1.2025,1.4938,-1.4709,4.7231,0.1146,0.0753,0.1673,0.1627,1.5295,0.1118,0.1431,0.0126,0.0232,0.5454,1.1662,-0.0000,0.1859,0.1699,0.0022,7.6620
1786330569.39,31.984,30.570,34.070,0.8037,0.8087,0.7988,0.8013,0.7988,0.8013,1.5025,1.5000,1.8013,1.7963,3.3138,1.2000,1.1000,0.0037,0.8788,1.2025,1.4938,-1.8084,4.7150,0.1154,0.0753,0.1665,0.1598,1.5280,0.1103,0.1432,0.0126,0.0232,0.5448,1.1638,-0.0000,0.1867,0.1699,0.0022,7.3084
1786330570.39,32.062,30.773,34.070,0.8025,0.8100,0.7975,0.8000,0.8000,0.8013,1.5025,1.5012,1.8000,1.7963,3.3138,1.2012,1.1025,0.0025,0.8788,1.2038,1.4950,-1.4445,4.7142,0.1140,0.0752,0.1672,0.1542,1.5356,0.1111,0.1449,0.0117,0.0215,0.5466,1.1675,-0.0000,0.1856,0.1715,0.0045,7.6809
1786330571.39,31.898,30.500,34.070,0.8050,0.8087,0.8000,0.8000,0.7975,0.8013,1.5025,1.5012,1.8013,1.7950,3.3150,1.2000,1.1025,0.0037,0.8775,1.2038,1.4938,-1.9562,4.7231,0.1176,0.0752,0.1663,0.1667,1.5265,0.1111,0.1432,0.0117,0.0249,0.5532,1.1675,-0.0000,0.1865,0.1715,0.0030,7.1918
1786330572.39,31.921,30.843,34.070,0.8037,0.8087,0.8000,0.7988,0.7988,0.8013,1.5025,1.5000,1.8025,1.7963,3.3138,1.2000,1.1013,0.0037,0.8788,1.2038,1.4950,-2.3871,4.7312,0.1120,0.0751,0.1669,0.1619,1.5356,0.1095,0.1442,0.0117,0.0249,0.5526,1.1662,-0.0000,0.1856,0.1700,0.0022,6.7624
1786330573.39,32.000,30.937,34.070,0.8037,0.8087,0.7988,0.8000,0.7988,0.8013,1.5025,1.5000,1.8000,1.7950,3.3138,1.2000,1.1013,0.0037,0.8775,1.2025,1.4938,-1.6397,4.7393,0.1142,0.0748,0.1665,0.1506,1.5228,0.1110,0.1440,0.0117,0.0249,0.5472,1.1662,-0.0000,0.1865,0.1699,0.0030,7.4929
1786330574.39,31.921,30.773,34.070,0.8037,0.8087,0.8000,0.8000,0.7988,0.8013,1.5012,1.5000,1.8013,1.7950,3.3138,1.2000,1.1013,0.0025,0.8788,1.2025,1.4938,-1.4226,4.7231,0.1164,0.0752,0.1661,0.1598,1.5305,0.1110,0.1441,0.0126,0.0232,0.5454,1.1657,-0.0000,0.1889,0.1684,0.0037,7.7115
1786330575.39,31.898,30.617,34.070,0.8037,0.8100,0.8000,0.8000,0.7988,0.8013,1.5025,1.4988,1.8013,1.7963,3.3150,1.2012,1.1013,0.0025,0.8775,1.2025,1.4938,-1.7843,4.7264,0.1132,0.0752,0.1665,0.1586,1.5235,0.1109,0.1441,0.0126,0.0232,0.5460,1.1662,-0.0000,0.1865,0.1714,0.0030,7.3429
1786330576.39,32.234,30.921,34.070,0.8025,0.8087,0.7988,0.8000,0.7988,0.8013,1.5025,1.5000,1.8000,1.7963,3.3138,1.2012,1.1025,0.0037,0.8775,1.2025,1.4938,-2.0945,4.7312,0.1158,0.0748,0.1669,0.1558,1.5341,0.1110,0.1440,0.0126,0.0249,0.5454,1.1670,-0.0000,0.1865,0.1714,0.0022,7.0490
1786330577.39,32.031,30.601,34.070,0.8037,0.8087,0.8000,0.8000,0.7975,0.8013,1.5012,1.5000,1.8013,1.7975,3.3138,1.2000,1.1013,0.0025,0.8788,1.2038,1.4938,-1.9290,4.7312,0.1128,0.0752,0.1663,0.1586,1.5223,0.1118,0.1450,0.0126,0.0232,0.5454,1.1651,-0.0000,0.1856,0.1700,0.0022,7.1983
1786330578.39,32.140,30.843,34.070,0.8037,0.8087,0.7988,0.8000,0.7975,0.8013,1.5025,1.5000,1.8013,1.7975,3.3150,1.2000,1.1013,0.0037,0.8775,1.2038,1.4950,-1.9772,4.7191,0.1106,0.0752,0.1663,0.1502,1.5356,0.1095,0.1450,0.0126,0.0232,0.5448,1.1662,-0.0000,0.1887,0.1730,0.0030,7.1457
1786330579.39,32.070,30.679,34.070,0.8025,0.8100,0.7988,0.8000,0.7988,0.8013,1.5025,1.5000,1.8013,1.7963,3.3150,1.2012,1.1025,0.0037,0.8788,1.2038,1.4938,-1.6371,4.7345,0.1102,0.0752,0.1669,0.1607,1.5258,0.1095,0.1432,0.0126,0.0249,0.5472,1.1670,-0.0000,0.1878,0.1715,0.0030,7.5028
1786330580.39,31.625,30.703,34.070,0.8025,0.8087,0.7988,0.8000,0.8000,0.8013,1.5012,1.5012,1.8025,1.7963,3.3150,1.2012,1.1013,0.0037,0.8775,1.2012,1.4925,-1.4686,4.7191,0.1142,0.0748,0.1668,0.1562,1.5268,0.1088,0.1442,0.0126,0.0249,0.5454,1.1651,-0.0000,0.1854,0.1712,0.0030,7.6498
1786330581.39,31.968,30.906,34.070,0.8037,0.8087,0.8000,0.8013,0.7988,0.8013,1.5025,1.5000,1.8000,1.7950,3.3150,1.2012,1.1000,0.0037,0.8775,1.2025,1.4950,-1.6397,4.7271,0.1204,0.0753,0.1665,0.1550,1.5288,0.1110,0.1431,0.0126,0.0249,0.5466,1.1655,-0.0000,0.1865,0.1699,0.0030,7.4964
1786330582.39,31.937,30.617,34.070,0.8037,0.8087,0.7988,0.8013,0.7988,0.8013,1.5012,1.5000,1.8013,1.7963,3.3150,1.2012,1.1000,0.0037,0.8775,1.2025,1.4938,-1.2538,4.7271,0.1162,0.0753,0.1669,0.1550,1.5268,0.1110,0.1441,0.0126,0.0232,0.5466,1.1638,-0.0000,0.1865,0.1729,0.0022,7.8764
1786330583.39,32.070,30.789,34.070,0.8037,0.8100,0.7975,0.8000,0.8000,0.8013,1.5012,1.5000,1.7988,1.7963,3.3138,1.2012,1.1013,0.0037,0.8788,1.2050,1.4938,-1.3985,4.7183,0.1113,0.0752,0.1668,0.1663,1.5373,0.1103,0.1448,0.0126,0.0249,0.5466,1.1657,-0.0000,0.1856,0.1717,0.0037,7.7423
1786330584.39,31.789,30.648,34.070,0.8037,0.8087,0.8000,0.7988,0.8000,0.8000,1.5025,1.5000,1.8000,1.7950,3.3150,1.2012,1.1013,0.0037,0.8788,1.2038,1.4938,-1.7843,4.7150,0.1176,0.0751,0.1672,0.1568,1.5273,0.1110,0.1449,0.0126,0.0249,0.5478,1.1662,-0.0000,0.1878,0.1715,0.0022,7.3436
1786330585.39,31.726,30.703,34.070,0.8050,0.8100,0.8000,0.8000,0.7988,0.8013,1.5025,1.5000,1.8013,1.7963,3.3150,1.2012,1.1013,0.0025,0.8788,1.2025,1.4938,-1.9803,4.7385,0.1164,0.0752,0.1669,0.1671,1.5386,0.1095,0.1441,0.0135,0.0215,0.5466,1.1662,-0.0000,0.1867,0.1699,0.0030,7.1833
1786330586.39,31.820,30.703,34.070,0.8037,0.8100,0.8000,0.8013,0.7988,0.8013,1.5025,1.4988,1.8025,1.7963,3.3138,1.2012,1.1000,0.0037,0.8762,1.2025,1.4950,-1.8808,4.7102,0.1164,0.0749,0.1669,0.1590,1.5265,0.1102,0.1442,0.0126,0.0215,0.5454,1.1643,-0.0000,0.1862,0.1714,0.0030,7.2320
1786330587.39,32.210,30.914,34.070,0.8037,0.8087,0.8000,0.8000,0.7988,0.7988,1.5025,1.5000,1.8000,1.7963,3.3138,1.2000,1.1013,0.0025,0.8800,1.2025,1.4938,-2.2184,4.8242,0.1112,0.0760,0.1669,0.5619,1.5250,0.1110,0.1413,0.0135,0.0249,0.8292,1.1651,-0.0000,0.1870,0.1699,0.0022,7.6910
1786330588.39,32.335,30.820,34.070,0.8037,0.8087,0.8000,0.8000,0.7988,0.8000,1.5025,1.4988,1.8013,1.7963,3.3150,1.2000,1.1013,0.0037,0.8775,1.2025,1.4950,-2.0013,4.7555,0.1116,0.0752,0.1669,0.4808,1.5265,0.1102,0.1441,0.0126,0.0232,0.7158,1.1662,-0.0000,0.1865,0.1699,0.0030,7.6466
1786330589.39,32.171,30.976,34.070,0.8037,0.8075,0.8000,0.8000,0.8000,0.8013,1.5038,1.4988,1.8013,1.7975,3.3150,1.2000,1.1025,0.0037,0.8775,1.2025,1.4938,-1.9531,4.7360,0.1112,0.0756,0.1672,0.3602,1.5323,0.1087,0.1432,0.0117,0.0249,0.5460,1.1664,-0.0000,0.1865,0.1684,0.0022,7.3873
1786330590.39,32.187,31.265,34.070,0.8037,0.8100,0.8000,0.8000,0.7988,0.8013,1.5025,1.5000,1.8013,1.7963,3.3138,1.2000,1.1013,0.0037,0.8788,1.2038,1.4950,-1.5673,4.7304,0.1128,0.0748,0.1669,0.3678,1.5243,0.1103,0.1441,0.0117,0.0215,0.5496,1.1668,-0.0000,0.1856,0.1700,0.0015,7.7708
1786330591.39,32.335,30.500,34.070,0.8037,0.8087,0.8000,0.8000,0.7988,0.8013,1.5025,1.5000,1.8000,1.7963,3.3138,1.2012,1.1013,0.0037,0.8775,1.2025,1.4938,-1.5673,4.7191,0.1152,0.0752,0.1665,0.3662,1.5326,0.1103,0.1440,0.0117,0.0215,0.5472,1.1673,-0.0000,0.1876,0.1699,0.0022,7.7690
1786330592.39,32.250,30.648,34.070,0.8037,0.8087,0.7988,0.8000,0.7988,0.8013,1.5025,1.5000,1.8000,1.7963,3.3150,1.2000,1.1013,0.0025,0.8788,1.2025,1.4925,-2.1219,4.7191,0.1146,0.0752,0.1665,0.3682,1.5280,0.1110,0.1440,0.0126,0.0232,0.5514,1.1657,-0.0000,0.1867,0.1714,0.0030,7.2187
1786330593.39,31.906,30.804,34.070,0.8037,0.8100,0.7988,0.8000,0.7988,0.7988,1.5025,1.5000,1.8013,1.7963,3.3138,1.2012,1.1013,0.0037,0.8775,1.2025,1.4938,-1.2056,4.7385,0.1134,0.0756,0.1673,0.3750,1.5371,0.1110,0.1450,0.0108,0.0232,0.5472,1.1651,-0.0000,0.1876,0.1729,0.0022,8.1662
1786330594.39,32.085,30.851,34.070,0.8025,0.8087,0.8000,0.8000,0.7988,0.8013,1.5012,1.5000,1.8013,1.7975,3.3150,1.2000,1.1013,0.0025,0.8775,1.2038,1.4950,-1.7093,4.7231,0.1160,0.0748,0.1665,0.3674,1.5275,0.1103,0.1450,0.0126,0.0249,0.5484,1.1668,-0.0000,0.1854,0.1700,0.0030,7.6323
1786330595.39,32.203,30.312,34.070,0.8037,0.8087,0.7988,0.8013,0.7988,0.8013,1.5012,1.4988,1.8000,1.7963,3.3138,1.2000,1.1013,0.0037,0.8788,1.2012,1.4938,-2.2666,4.7231,0.1126,0.0753,0.1669,0.3634,1.5275,0.1094,0.1431,0.0126,0.0232,0.5526,1.1657,0.0000,0.1867,0.1712,0.0030,7.0697
1786330596.39,32.695,30.820,34.070,0.8037,0.8100,0.7988,0.8013,0.7975,0.8013,1.5012,1.5000,1.8013,1.7963,3.3138,1.2000,1.1013,0.0037,0.8788,1.2025,1.4938,-2.0496,4.7345,0.1146,0.0753,0.1663,0.3670,1.5268,0.1095,0.1441,0.0126,0.0232,0.5460,1.1657,-0.0000,0.1856,0.1714,0.0030,7.2959
1786330597.39,32.703,30.953,34.070,0.8025,0.8087,0.8000,0.8013,0.7988,0.8025,1.5025,1.5000,1.8000,1.7963,3.3150,1.2012,1.1013,0.0037,0.8788,1.2038,1.4938,-1.7334,4.7393,0.1144,0.0753,0.1673,0.3683,1.5273,0.1103,0.1449,0.0135,0.0232,0.5460,1.1657,-0.0000,0.1878,0.1715,0.0030,7.6244
1786330598.39,32.289,30.625,34.070,0.8025,0.8087,0.8000,0.8013,0.7988,0.8013,1.5012,1.4988,1.8000,1.7963,3.3150,1.2000,1.1013,0.0025,0.8775,1.2025,1.4938,-1.3482,4.7312,0.1124,0.0749,0.1673,0.3622,1.5373,0.1094,0.1440,0.0126,0.0249,0.5466,1.1657,-0.0000,0.1865,0.1714,0.0030,8.0010
1786330599.39,32.359,30.726,34.070,0.8050,0.8087,0.8000,0.8013,0.7988,0.7988,1.5038,1.5000,1.8000,1.7963,3.3138,1.2000,1.1013,0.0037,0.8788,1.2038,1.4938,-1.6181,4.7231,0.1156,0.0753,0.1665,0.3662,1.5278,0.1110,0.1440,0.0117,0.0215,0.5472,1.1651,-0.0000,0.1867,0.1730,0.0030,7.7198
1786330600.39,32.156,30.726,34.070,0.8037,0.8087,0.8000,0.8000,0.7975,0.8025,1.5025,1.5000,1.8037,1.7950,3.3138,1.2000,1.1013,0.0050,0.8775,1.2038,1.4925,-2.0496,4.7191,0.1204,0.0752,0.1667,0.3679,1.5371,0.1110,0.1434,0.0117,0.0232,0.5466,1.1662,-0.0000,0.1865,0.1700,0.0030,7.2983
1786330601.39,32.726,30.804,34.070,0.8037,0.8100,0.7988,0.8000,0.7988,0.8013,1.5025,1.5000,1.8013,1.7963,3.3150,1.2000,1.1013,0.0025,0.8788,1.2038,1.4925,-1.3985,4.7345,0.1118,0.0752,0.1665,0.3670,1.5258,0.1095,0.1441,0.0126,0.0232,0.7218,1.1662,-0.0000,0.1867,0.1700,0.0022,8.1187
1786330602.39,32.476,30.781,34.070,0.8037,0.8087,0.8000,0.8000,0.7988,0.8013,1.5025,1.5012,1.8000,1.7963,3.3150,1.2000,1.1013,0.0037,0.8762,1.2025,1.4938,-1.3744,4.7231,0.1104,0.0748,0.1665,0.3690,1.5356,0.1103,0.1440,0.0117,0.0232,0.5460,1.1662,-0.0000,0.1862,0.1714,0.0030,7.9669
1786330603.39,32.093,30.460,34.070,0.8037,0.8087,0.8000,0.8013,0.7988,0.8013,1.5025,1.5000,1.8000,1.7975,3.3138,1.2000,1.1025,0.0025,0.8775,1.2038,1.4938,-2.2184,4.7110,0.1144,0.0753,0.1661,0.3626,1.5250,0.1103,0.1431,0.0117,0.0249,0.5472,1.1670,0.0000,0.1865,0.1730,0.0037,7.1034
1786330604.39,32.289,30.804,34.070,0.8050,0.8075,0.8000,0.8013,0.7988,0.8013,1.5025,1.5000,1.8025,1.7963,3.3150,1.2000,1.1013,0.0037,0.8775,1.2038,1.4925,-0.9902,4.6875,0.1136,0.0745,0.1673,0.3658,1.5310,0.1110,0.1433,0.0126,0.0232,0.5472,1.1657,-0.0000,0.1865,0.1715,0.0015,8.3121
1786330605.39,32.687,30.898,34.070,0.8025,0.8075,0.8000,0.8013,0.7988,0.8013,1.5025,1.5000,1.8013,1.7963,3.3163,1.2000,1.1013,0.0050,0.8788,1.2025,1.4938,-1.3963,4.7279,0.1176,0.0749,0.1669,0.3626,1.5265,0.1095,0.1441,0.0117,0.0249,0.5472,1.1657,-0.0000,0.1867,0.1699,0.0022,7.9420
1786330606.39,32.171,30.562,34.070,0.8050,0.8087,0.8000,0.8000,0.7975,0.8013,1.5025,1.4988,1.7988,1.7963,3.3138,1.2000,1.1013,0.0037,0.8788,1.2025,1.4925,-1.4973,4.7191,0.1168,0.0752,0.1667,0.3674,1.5363,0.1102,0.1439,0.0126,0.0232,0.5478,1.1662,-0.0000,0.1867,0.1699,0.0030,7.8475
1786330607.39,32.148,30.898,34.070,0.8037,0.8087,0.8000,0.8000,0.7988,0.8013,1.5025,1.4988,1.8013,1.7963,3.3150,1.2000,1.1013,0.0037,0.8775,1.2025,1.4938,-1.6638,4.7191,0.1116,0.0752,0.1673,0.3658,1.5280,0.1094,0.1432,0.0126,0.0232,0.5460,1.1662,-0.0000,0.1843,0.1729,0.0030,7.6640
1786330608.39,32.203,31.164,34.070,0.8037,0.8087,0.7988,0.8013,0.7975,0.8013,1.5025,1.5000,1.8000,1.7963,3.3138,1.2012,1.1013,0.0037,0.8800,1.2025,1.4925,-1.7120,4.7191,0.1126,0.0753,0.1663,0.3658,1.5273,0.1103,0.1440,0.0126,0.0232,0.5472,1.1668,-0.0000,0.1859,0.1714,0.0037,7.6193
1786330609.39,31.992,31.148,34.070,0.8025,0.8087,0.7988,0.8000,0.7975,0.8013,1.5025,1.5000,1.8013,1.7963,3.3150,1.2000,1.1000,0.0037,0.8775,1.2025,1.4938,-1.6853,4.7231,0.1130,0.0744,0.1667,0.3646,1.5280,0.1103,0.1432,0.0117,0.0232,0.5460,1.1649,-0.0000,0.1865,0.1699,0.0022,7.6423
1786330610.39,32.187,30.703,34.070,0.8037,0.8087,0.8000,0.8013,0.7988,0.8000,1.5025,1.5000,1.8013,1.7950,3.3150,1.2000,1.1000,0.0037,0.8788,1.2025,1.4938,-1.6397,4.7191,0.1148,0.0749,0.1665,0.3680,1.5273,0.1088,0.1432,0.0117,0.0232,0.5460,1.1649,-0.0000,0.1867,0.1699,0.0030,7.6882
1786330611.39,32.367,30.390,34.070,0.8037,0.8087,0.7988,0.8000,0.8000,0.8000,1.5025,1.4988,1.8000,1.7963,3.3138,1.2000,1.1013,0.0025,0.8788,1.2025,1.4938,-2.0978,4.7191,0.1174,0.0752,0.1672,0.3672,1.5371,0.1117,0.1440,0.0126,0.0249,0.5472,1.1651,0.0000,0.1856,0.1729,0.0037,7.2530
1786330612.39,32.492,30.468,34.070,0.8037,0.8087,0.7988,0.8013,0.7975,0.8000,1.5025,1.4988,1.8013,1.7950,3.3125,1.2000,1.1013,0.0037,0.8775,1.2025,1.4938,-1.4468,4.7271,0.1150,0.0753,0.1671,0.3720,1.5273,0.1109,0.1441,0.0126,0.0248,0.5472,1.1662,-0.0000,0.1854,0.1714,0.0030,7.9026
1786330613.39,32.343,30.835,34.070,0.8037,0.8087,0.8000,0.8013,0.7988,0.8013,1.5012,1.5000,1.8025,1.7975,3.3150,1.2000,1.1000,0.0037,0.8775,1.2025,1.4950,-1.2538,4.7191,0.1136,0.0753,0.1665,0.3722,1.5373,0.1110,0.1442,0.0126,0.0232,0.5454,1.1643,-0.0000,0.1876,0.1699,0.0022,8.0905
1786330614.39,32.437,30.812,34.070,0.8037,0.8087,0.8000,0.8000,0.7988,0.8013,1.5025,1.5000,1.8013,1.7975,3.3138,1.2000,1.1013,0.0037,0.8775,1.2025,1.4938,-1.7361,4.7191,0.1116,0.0752,0.1665,0.3670,1.5273,0.1103,0.1432,0.0117,0.0232,0.5478,1.1657,-0.0000,0.1854,0.1729,0.0022,7.5928
1786330615.39,32.289,30.664,34.070,0.8037,0.8087,0.7988,0.8013,0.7988,0.8013,1.5025,1.4988,1.8013,1.7963,3.3150,1.2012,1.1025,0.0037,0.8775,1.2038,1.4950,-1.9531,4.7191,0.1118,0.0757,0.1669,0.3670,1.5371,0.1102,0.1450,0.0126,0.0265,0.5472,1.1675,-0.0000,0.1854,0.1700,0.0037,7.3926
1786330616.39,32.257,30.726,34.070,0.8037,0.8100,0.8000,0.8000,0.8000,0.8000,1.5025,1.4988,1.8000,1.7963,3.3150,1.2000,1.1000,0.0037,0.8788,1.2025,1.4938,-1.4468,4.7304,0.1156,0.0752,0.1676,0.3660,1.5243,0.1102,0.1440,0.0126,0.0232,0.5472,1.1638,-0.0000,0.1867,0.1699,0.0030,7.8928
1786330617.39,32.296,30.812,34.070,0.8037,0.8087,0.7988,0.8000,0.7988,0.8000,1.5025,1.4988,1.8013,1.7950,3.3138,1.2000,1.1000,0.0037,0.8788,1.2025,1.4950,-1.2780,4.7271,0.1102,0.0752,0.1669,0.3680,1.5341,0.1102,0.1432,0.0126,0.0232,0.5472,1.1649,-0.0000,0.1867,0.1684,0.0030,8.0629
1786330618.39,32.218,30.851,34.070,0.8050,0.8100,0.8000,0.8013,0.7988,0.8013,1.5012,1.5000,1.8013,1.7975,3.3150,1.2000,1.1025,0.0025,0.8788,1.2025,1.4950,-1.8354,4.7345,0.1088,0.0749,0.1665,0.3730,1.5230,0.1110,0.1441,0.0126,0.0249,0.5478,1.1670,-0.0000,0.1867,0.1699,0.0030,7.5122
1786330619.39,32.250,30.617,34.070,0.8025,0.8087,0.7988,0.8013,0.7988,0.8013,1.5025,1.5000,1.8013,1.7975,3.3150,1.2012,1.1000,0.0050,0.8775,1.2025,1.4938,-1.4926,4.7110,0.1130,0.0749,0.1669,0.3646,1.5348,0.1095,0.1441,0.0126,0.0199,0.5466,1.1643,-0.0000,0.1865,0.1699,0.0022,7.8281
1786330620.39,32.367,30.890,34.070,0.8037,0.8100,0.8000,0.8013,0.7988,0.8000,1.5025,1.5000,1.8000,1.7975,3.3150,1.2000,1.1013,0.0037,0.8775,1.2025,1.4950,-1.5191,4.7264,0.1116,0.0753,0.1665,0.3672,1.5288,0.1110,0.1431,0.0117,0.0215,0.5454,1.1662,-0.0000,0.1876,0.1714,0.0030,7.8176
1786330621.39,32.093,30.554,34.070,0.8025,0.8087,0.7988,0.8013,0.7988,0.8013,1.5025,1.5012,1.8000,1.7963,3.3150,1.2000,1.1025,0.0025,0.8788,1.2025,1.4938,-2.1186,4.7191,0.1174,0.0753,0.1669,0.3670,1.5378,0.1111,0.1449,0.0117,0.0232,0.5460,1.1675,0.0000,0.1867,0.1699,0.0030,7.2289
1786330622.39,32.281,30.710,34.070,0.8050,0.8087,0.8000,0.8013,0.7988,0.8000,1.5025,1.4988,1.8013,1.7963,3.3125,1.2012,1.1013,0.0037,0.8788,1.2038,1.4950,-1.8113,4.7393,0.1152,0.0753,0.1665,0.3612,1.5280,0.1102,0.1432,0.0144,0.0232,0.5478,1.1662,-0.0000,0.1856,0.1715,0.0030,7.5394
1786330623.39,32.414,30.734,34.070,0.8025,0.8087,0.7988,0.8013,0.7988,0.8000,1.5012,1.5000,1.8013,1.7963,3.3150,1.2000,1.1013,0.0037,0.8775,1.2025,1.4938,-1.7093,4.7231,0.1122,0.0753,0.1665,0.3764,1.5275,0.1103,0.1432,0.0126,0.0249,0.5454,1.1651,-0.0000,0.1865,0.1714,0.0022,7.6332
1786330624.39,32.210,30.562,34.070,0.8037,0.8087,0.7988,0.8000,0.7988,0.8013,1.5025,1.5000,1.7988,1.7963,3.3150,1.2000,1.1013,0.0037,0.8788,1.2025,1.4938,-1.4950,4.7110,0.1094,0.0748,0.1673,0.3433,1.5288,0.1095,0.1439,0.0108,0.0232,0.5472,1.1657,-0.0000,0.1856,0.1714,0.0037,7.8007
1786330625.39,32.304,30.625,34.070,0.8025,0.8087,0.7988,0.8013,0.8000,0.8013,1.5025,1.4988,1.8013,1.7963,3.3163,1.2000,1.1025,0.0037,0.8775,1.2025,1.4938,-2.0464,4.7352,0.1098,0.0749,0.1672,0.3742,1.5273,0.1087,0.1441,0.0135,0.0232,0.5466,1.1670,-0.0000,0.1865,0.1714,0.0030,7.3061
1786330626.39,32.242,30.703,34.070,0.8037,0.8087,0.7988,0.8000,0.7988,0.8013,1.5025,1.4988,1.8013,1.7963,3.3150,1.2000,1.1013,0.0037,0.8788,1.2025,1.4938,-2.1942,4.7352,0.1118,0.0748,0.1665,0.3690,1.5393,0.1102,0.1441,0.0135,0.0249,0.5460,1.1657,-0.0000,0.1856,0.1729,0.0022,7.1674
1786330627.39,32.343,30.554,34.070,0.8037,0.8100,0.7988,0.8000,0.8000,0.8013,1.5012,1.5012,1.8013,1.7963,3.3150,1.2000,1.1000,0.0037,0.8775,1.2025,1.4938,-1.4950,4.7223,0.1114,0.0748,0.1672,0.3666,1.5268,0.1096,0.1432,0.0126,0.0232,0.5466,1.1649,-0.0000,0.1865,0.1714,0.0030,7.8350
1786330628.39,32.289,31.265,34.070,0.8037,0.8100,0.7988,0.8000,0.7988,0.8013,1.5025,1.4988,1.8000,1.7963,3.3150,1.2000,1.1013,0.0037,0.8775,1.2038,1.4950,-1.9049,4.7345,0.1130,0.0756,0.1665,0.3742,1.5363,0.1109,0.1440,0.0117,0.0232,0.5448,1.1657,-0.0000,0.1865,0.1715,0.0030,7.4565
1786330629.39,32.445,30.546,34.070,0.8037,0.8075,0.7988,0.8013,0.7988,0.8013,1.5025,1.5012,1.8013,1.7963,3.3150,1.2000,1.1013,0.0050,0.8775,1.2025,1.4950,-1.3503,4.7118,0.1114,0.0749,0.1669,0.3650,1.5265,0.1103,0.1441,0.0126,0.0249,0.5466,1.1657,-0.0000,0.1865,0.1714,0.0030,7.9712
1786330630.39,32.218,30.734,34.070,0.8037,0.8087,0.7988,0.8013,0.7988,0.8025,1.5025,1.5000,1.8013,1.7963,3.3138,1.2012,1.1013,0.0037,0.8788,1.2025,1.4950,-1.4468,4.7191,0.1146,0.0749,0.1665,0.3667,1.5318,0.1095,0.1441,0.0108,0.0215,0.5466,1.1651,-0.0000,0.1856,0.1714,0.0022,7.8838
1786330631.39,32.507,30.523,34.070,0.8037,0.8087,0.8000,0.8000,0.7988,0.8000,1.5025,1.5012,1.8013,1.7963,3.3150,1.2012,1.1025,0.0050,0.8788,1.2038,1.4938,-1.9772,4.7312,0.1116,0.0756,0.1673,0.3624,1.5250,0.1111,0.1441,0.0126,0.0232,0.5466,1.1675,-0.0000,0.1867,0.1715,0.0022,7.3615
1786330632.39,32.445,30.851,34.070,0.8025,0.8075,0.7988,0.8000,0.7988,0.8000,1.5025,1.5000,1.8025,1.7950,3.3150,1.2012,1.1013,0.0025,0.8775,1.2025,1.4938,-1.7816,4.7198,0.1138,0.0744,0.1669,0.3668,1.5356,0.1103,0.1442,0.0117,0.0249,0.5472,1.1651,-0.0000,0.1876,0.1699,0.0022,7.5587
1786330633.39,31.742,31.093,34.070,0.8037,0.8100,0.8000,0.8000,0.7975,0.8013,1.5025,1.5000,1.8000,1.7963,3.3150,1.2000,1.1000,0.0025,0.8788,1.2038,1.4938,-1.4468,4.7304,0.1108,0.0752,0.1663,0.3594,1.5273,0.1118,0.1440,0.0126,0.0265,0.5454,1.1643,-0.0000,0.1878,0.1715,0.0037,7.8903
1786330634.39,32.312,30.710,34.070,0.8025,0.8087,0.8000,0.8000,0.7988,0.8013,1.5012,1.5000,1.8013,1.7950,3.3138,1.2000,1.1025,0.0025,0.8775,1.2025,1.4938,-2.1427,4.7191,0.1172,0.0756,0.1665,0.3654,1.5373,0.1095,0.1441,0.0117,0.0249,0.5478,1.1670,0.0000,0.1876,0.1699,0.0030,7.2037
1786330635.39,32.187,30.703,34.070,0.8025,0.8087,0.7988,0.8013,0.8000,0.8000,1.5012,1.5000,1.8013,1.7963,3.3138,1.2000,1.1000,0.0037,0.8788,1.2025,1.4925,-1.3723,4.7271,0.1138,0.0757,0.1668,0.5204,1.5275,0.1103,0.1441,0.0126,0.0249,0.5472,1.1649,-0.0000,0.1867,0.1714,0.0030,8.1241
1786330636.39,32.296,30.695,34.070,0.8050,0.8075,0.7988,0.8013,0.8000,0.8000,1.5012,1.4988,1.8000,1.7963,3.3138,1.1987,1.1013,0.0037,0.8788,1.2025,1.4938,-2.1977,4.7118,0.1174,0.0753,0.1672,0.3664,1.5283,0.1102,0.1449,0.0126,0.0232,0.5466,1.1657,-0.0000,0.1878,0.1714,0.0022,7.1333
1786330637.39,32.187,30.726,34.070,0.8025,0.8100,0.7988,0.8000,0.7988,0.8000,1.5025,1.5012,1.8013,1.7963,3.3138,1.2000,1.1000,0.0037,0.8788,1.2050,1.4938,-1.2519,4.7223,0.1154,0.0748,0.1669,0.3680,1.5288,0.1111,0.1441,0.0126,0.0232,0.5472,1.1649,-0.0000,0.1878,0.1702,0.0030,8.0884
1786330638.39,32.382,30.398,34.070,0.8037,0.8087,0.7988,0.8000,0.8000,0.8013,1.5038,1.4988,1.8000,1.7963,3.3138,1.2012,1.1013,0.0037,0.8788,1.2038,1.4938,-1.3503,4.7150,0.1142,0.0752,0.1668,0.3754,1.5293,0.1102,0.1440,0.0117,0.0232,0.5490,1.1662,-0.0000,0.1867,0.1715,0.0030,7.9911
1786330639.39,32.093,30.406,34.070,0.8050,0.8087,0.7988,0.8000,0.7988,0.8013,1.5025,1.4988,1.8013,1.7975,3.3150,1.2000,1.1013,0.0037,0.8788,1.2038,1.4938,-2.3426,4.7312,0.1106,0.0748,0.1669,0.3650,1.5401,0.1102,0.1432,0.0126,0.0232,0.5508,1.1662,-0.0000,0.1867,0.1715,0.0030,7.0135
1786330640.39,32.335,30.914,34.070,0.8025,0.8087,0.7988,0.7988,0.7988,0.8013,1.5012,1.5000,1.8013,1.7963,3.3163,1.2000,1.1013,0.0037,0.8788,1.2025,1.4950,-1.2760,4.7352,0.1182,0.0755,0.1669,0.3670,1.5268,0.1103,0.1450,0.0126,0.0232,0.5448,1.1657,-0.0000,0.1878,0.1699,0.0037,8.0766
1786330641.39,32.304,30.929,34.070,0.8037,0.8100,0.7988,0.8000,0.8000,0.8013,1.5025,1.4988,1.8000,1.7975,3.3150,1.2000,1.1000,0.0037,0.8788,1.2038,1.4950,-1.7602,4.7304,0.1142,0.0756,0.1672,0.3718,1.5378,0.1102,0.1431,0.0126,0.0215,0.5466,1.1638,-0.0000,0.1867,0.1730,0.0022,7.5966
1786330642.39,32.476,30.734,34.070,0.8025,0.8100,0.8000,0.8013,0.8000,0.8013,1.5025,1.4988,1.8000,1.7963,3.3138,1.2000,1.1013,0.0037,0.8788,1.2025,1.4938,-1.7575,4.7304,0.1128,0.0749,0.1672,0.3670,1.5243,0.1102,0.1449,0.0117,0.0232,0.5472,1.1657,0.0000,0.1878,0.1699,0.0030,7.5826
1786330643.39,32.164,30.757,34.070,0.8037,0.8087,0.8000,0.8000,0.7975,0.8013,1.5012,1.5000,1.8000,1.7950,3.3138,1.2000,1.1013,0.0050,0.8775,1.2025,1.4938,-1.8567,4.7191,0.1120,0.0752,0.1667,0.3746,1.5298,0.1095,0.1440,0.0135,0.0249,0.5472,1.1657,-0.0000,0.1854,0.1699,0.0022,7.4828
1786330644.39,32.273,30.726,34.070,0.8037,0.8100,0.7988,0.8013,0.7988,0.8013,1.5025,1.4988,1.8013,1.7963,3.3138,1.2000,1.1013,0.0037,0.8775,1.2025,1.4938,-1.7843,4.7183,0.1170,0.0749,0.1669,0.3710,1.5250,0.1109,0.1441,0.0117,0.0232,0.5472,1.1662,-0.0000,0.1865,0.1699,0.0030,7.5514
1786330645.40,32.320,30.593,34.070,0.8037,0.8087,0.8000,0.8000,0.7988,0.8013,1.5038,1.4988,1.8000,1.7963,3.3138,1.2012,1.1013,0.0037,0.8762,1.2025,1.4950,-1.1815,4.7231,0.1200,0.0752,0.1673,0.3686,1.5368,0.1102,0.1440,0.0126,0.0249,0.5466,1.1651,-0.0000,0.1862,0.1714,0.0030,8.1734
1786330646.40,32.343,30.640,34.070,0.8037,0.8100,0.7988,0.8000,0.7988,0.8013,1.5025,1.5000,1.8013,1.7963,3.3150,1.2012,1.1013,0.0037,0.8775,1.2025,1.4938,-1.4226,4.7466,0.1122,0.0752,0.1669,0.3710,1.5258,0.1118,0.1450,0.0117,0.0232,0.5562,1.1657,0.0000,0.1865,0.1699,0.0030,7.9479
1786330647.40,32.367,30.664,34.070,0.8037,0.8087,0.8000,0.8013,0.7988,0.8013,1.5025,1.5000,1.8013,1.7975,3.3138,1.2000,1.1000,0.0050,0.8775,1.2025,1.4938,-1.7361,4.7231,0.1100,0.0749,0.1669,0.3554,1.5393,0.1103,0.1450,0.0135,0.0232,0.5472,1.1649,-0.0000,0.1865,0.1744,0.0030,7.6014
1786330648.40,32.156,30.875,34.070,0.8037,0.8087,0.7988,0.8000,0.7988,0.8013,1.5025,1.5000,1.8000,1.7975,3.3150,1.2000,1.1013,0.0037,0.8788,1.2038,1.4963,-2.3389,4.7271,0.1118,0.0748,0.1669,0.3702,1.5280,0.1103,0.1431,0.0117,0.0249,0.5460,1.1662,-0.0000,0.1856,0.1715,0.0030,7.0023
1786330649.40,31.742,30.843,34.070,0.8037,0.8087,0.8000,0.8013,0.7988,0.8013,1.5012,1.5000,1.8013,1.7950,3.3138,1.2000,1.1013,0.0050,0.8788,1.2025,1.4938,-1.2056,4.7191,0.1148,0.0749,0.1665,0.3654,1.5365,0.1095,0.1441,0.0126,0.0249,0.5490,1.1657,-0.0000,0.1845,0.1714,0.0030,8.1361
1786330650.40,31.851,30.523,34.070,0.8025,0.8087,0.7975,0.7988,0.7988,0.8013,1.5025,1.5012,1.8000,1.7963,3.3150,1.2012,1.1000,0.0050,0.8775,1.2025,1.4938,-1.9982,4.7271,0.1164,0.0747,0.1669,0.3634,1.5280,0.1103,0.1440,0.0126,0.0232,0.5454,1.1649,0.0000,0.1865,0.1714,0.0030,7.3396
1786330651.40,32.046,30.601,34.070,0.8037,0.8100,0.7988,0.8000,0.7988,0.8000,1.5025,1.5000,1.8000,1.7963,3.3138,1.2000,1.1000,0.0050,0.8788,1.2038,1.4938,-2.0737,4.7304,0.1138,0.0756,0.1669,0.3668,1.5288,0.1095,0.1440,0.0135,0.0232,0.5466,1.1649,-0.0000,0.1867,0.1700,0.0037,7.2708
1786330652.40,32.289,30.523,34.070,0.8025,0.8087,0.8000,0.8013,0.7988,0.8013,1.5025,1.5012,1.8013,1.7950,3.3138,1.1987,1.1013,0.0037,0.8788,1.2025,1.4938,-1.9260,4.7352,0.1100,0.0757,0.1669,0.3646,1.5265,0.1103,0.1432,0.0135,0.0249,0.5484,1.1662,-0.0000,0.1867,0.1699,0.0030,7.4191
1786330653.40,32.015,30.414,34.070,0.8037,0.8100,0.8000,0.8000,0.7988,0.8013,1.5025,1.4988,1.8013,1.7963,3.3150,1.2012,1.1013,0.0025,0.8788,1.2025,1.4938,-2.0978,4.7223,0.1128,0.0744,0.1661,0.3702,1.5280,0.1109,0.1441,0.0126,0.0232,0.5472,1.1657,0.0000,0.1867,0.1699,0.0022,7.2385
1786330654.40,32.085,30.515,34.070,0.8037,0.8075,0.8000,0.8013,0.7988,0.8013,1.5025,1.4988,1.8013,1.7950,3.3150,1.2000,1.1000,0.0025,0.8788,1.2025,1.4950,-2.0737,4.7118,0.1148,0.0753,0.1665,0.3666,1.5371,0.1094,0.1450,0.0126,0.0215,0.5532,1.1649,-0.0000,0.1878,0.1699,0.0022,7.2649
1786330655.40,32.914,30.445,34.070,0.8037,0.8087,0.8000,0.8000,0.7988,0.8013,1.5025,1.4988,1.8000,1.7963,3.3150,1.2000,1.1013,0.0025,0.8775,1.2038,1.4938,-1.8084,4.7595,0.1112,0.0748,0.1669,0.3714,1.5318,0.1102,0.1440,0.0126,0.0232,0.5628,1.1662,-0.0000,0.1854,0.1700,0.0030,7.5845
1786330656.40,32.125,30.976,34.070,0.8037,0.8087,0.7988,0.8013,0.7988,0.8013,1.5025,1.5000,1.8000,1.7963,3.3150,1.2000,1.1013,0.0037,0.8788,1.2025,1.4938,-1.5673,4.7150,0.1162,0.0753,0.1669,0.3610,1.5318,0.1103,0.1431,0.0126,0.0215,0.5460,1.1657,-0.0000,0.1867,0.1699,0.0030,7.7577
1786330657.40,32.406,30.523,34.070,0.8037,0.8075,0.7975,0.8000,0.8000,0.8013,1.5025,1.5000,1.8013,1.7963,3.3150,1.2012,1.1013,0.0050,0.8775,1.2038,1.4938,-1.3985,4.7198,0.1168,0.0760,0.1672,0.3646,1.5243,0.1110,0.1450,0.0126,0.0265,0.5490,1.1662,-0.0000,0.1876,0.1715,0.0030,7.9426
1786330658.40,32.390,30.492,34.070,0.8037,0.8087,0.8000,0.8025,0.7988,0.8013,1.5012,1.5000,1.8000,1.7963,3.3138,1.2000,1.1013,0.0025,0.8775,1.2038,1.4938,-1.2056,4.7271,0.1148,0.0754,0.1669,0.3670,1.5290,0.1110,0.1449,0.0117,0.0265,0.5484,1.1662,-0.0000,0.1865,0.1715,0.0030,8.1444
1786330659.40,32.273,30.953,34.070,0.8025,0.8087,0.7988,0.8000,0.7988,0.8013,1.5025,1.5000,1.8000,1.7963,3.3150,1.2000,1.1013,0.0025,0.8788,1.2025,1.4938,-1.3001,4.7191,0.1154,0.0748,0.1669,0.3654,1.5280,0.1110,0.1440,0.0126,0.0249,0.5460,1.1662,-0.0000,0.1867,0.1714,0.0030,8.0353
1786330660.40,32.234,30.757,34.070,0.8025,0.8087,0.8000,0.8013,0.7988,0.8013,1.5025,1.4988,1.7988,1.7963,3.3150,1.2000,1.1013,0.0037,0.8788,1.2025,1.4938,-2.1908,4.7231,0.1188,0.0757,0.1661,0.3658,1.5371,0.1094,0.1439,0.0117,0.0215,0.5484,1.1662,-0.0000,0.1867,0.1684,0.0022,7.1542
1786330661.40,32.140,30.578,34.070,0.8037,0.8087,0.7988,0.8013,0.7988,0.8013,1.5025,1.5000,1.8013,1.7963,3.3163,1.2000,1.1013,0.0025,0.8788,1.2038,1.4925,-1.1815,4.7191,0.1142,0.0753,0.1665,0.3718,1.5280,0.1103,0.1450,0.0117,0.0232,0.5454,1.1657,-0.0000,0.1878,0.1715,0.0022,8.1563
1786330662.40,32.093,30.765,34.070,0.8025,0.8087,0.8000,0.7988,0.7988,0.8000,1.5025,1.5000,1.8013,1.7950,3.3150,1.2012,1.1000,0.0037,0.8775,1.2025,1.4950,-1.3241,4.7150,0.1180,0.0751,0.1673,0.3624,1.5393,0.1103,0.1450,0.0126,0.0232,0.5484,1.1649,-0.0000,0.1887,0.1714,0.0030,8.0203
1786330663.40,32.335,30.765,34.070,0.8025,0.8087,0.7988,0.8000,0.7988,0.8013,1.5025,1.5000,1.8025,1.7963,3.3150,1.2000,1.1000,0.0025,0.8788,1.2025,1.4950,-1.4445,4.7231,0.1170,0.0756,0.1669,0.3666,1.5280,0.1103,0.1442,0.0126,0.0249,0.5472,1.1649,-0.0000,0.1856,0.1714,0.0022,7.8960
1786330664.40,32.281,30.242,34.070,0.8025,0.8075,0.8000,0.7988,0.7988,0.8000,1.5025,1.4975,1.8013,1.7963,3.3138,1.2000,1.1000,0.0037,0.8762,1.2025,1.4938,-2.2631,4.7279,0.1120,0.0751,0.1669,0.3648,1.5393,0.1116,0.1450,0.0117,0.0232,0.5466,1.1638,-0.0000,0.1862,0.1699,0.0022,7.0831
1786330665.40,32.015,30.726,34.070,0.8025,0.8087,0.7988,0.8000,0.7988,0.8000,1.5025,1.4988,1.8013,1.7963,3.3138,1.2000,1.1013,0.0050,0.8775,1.2038,1.4950,-0.9149,4.7191,0.1126,0.0748,0.1665,0.3616,1.5273,0.1102,0.1441,0.0135,0.0249,0.5460,1.1662,-0.0000,0.1854,0.1715,0.0030,8.4118
1786330666.40,32.679,30.523,34.070,0.8037,0.8087,0.7988,0.8000,0.8000,0.8000,1.5025,1.4988,1.8013,1.7950,3.3138,1.2012,1.1025,0.0037,0.8775,1.2025,1.4938,-1.2538,4.6948,0.1142,0.0748,0.1668,0.3704,1.5303,0.1109,0.1450,0.0126,0.0249,0.5472,1.1664,-0.0000,0.1865,0.1699,0.0030,8.0637
1786330667.40,32.179,30.515,34.070,0.8025,0.8087,0.7988,0.8025,0.7988,0.8000,1.5012,1.4988,1.8000,1.7963,3.3150,1.2000,1.1000,0.0037,0.8788,1.2012,1.4938,-1.6853,4.7271,0.1114,0.0754,0.1665,0.3624,1.5328,0.1094,0.1449,0.0117,0.0232,0.5448,1.1643,-0.0000,0.1867,0.1712,0.0022,7.6490
1786330668.40,32.000,30.351,34.070,0.8037,0.8100,0.7975,0.8013,0.7988,0.8013,1.5025,1.5000,1.8013,1.7963,3.3150,1.2000,1.1013,0.0037,0.8775,1.2038,1.4938,-1.5673,4.7102,0.1184,0.0753,0.1669,0.3606,1.5326,0.1110,0.1441,0.0126,0.0249,0.5466,1.1657,0.0000,0.1876,0.1730,0.0030,7.7650
1786330669.40,32.023,30.750,34.070,0.8037,0.8087,0.8000,0.8013,0.7988,0.7988,1.5025,1.4988,1.8013,1.7963,3.3150,1.2000,1.1013,0.0037,0.8775,1.2025,1.4938,-1.3744,4.7231,0.1116,0.0753,0.1669,0.3638,1.5303,0.1109,0.1432,0.0135,0.0249,0.5466,1.1651,-0.0000,0.1887,0.1714,0.0030,7.9638
1786330670.40,32.320,30.898,34.070,0.8037,0.8087,0.8000,0.8013,0.7988,0.8000,1.5025,1.5000,1.8013,1.7963,3.3138,1.2012,1.1013,0.0025,0.8762,1.2025,1.4938,-2.4354,4.7191,0.1188,0.0753,0.1669,0.3680,1.5265,0.1095,0.1441,0.0126,0.0249,0.5478,1.1657,-0.0000,0.1862,0.1684,0.0037,6.9020
1786330671.40,32.304,30.640,34.070,0.8037,0.8075,0.8000,0.8013,0.8000,0.8013,1.5025,1.5000,1.8013,1.7950,3.3138,1.2000,1.1013,0.0037,0.8788,1.2038,1.4938,-1.7602,4.7118,0.1148,0.0749,0.1676,0.3694,1.5280,0.1095,0.1432,0.0108,0.0232,0.5466,1.1646,-0.0000,0.1867,0.1700,0.0022,7.5631
1786330672.40,32.179,30.789,34.070,0.8037,0.8100,0.7988,0.8025,0.7988,0.8000,1.5025,1.5000,1.8013,1.7963,3.3138,1.2012,1.1000,0.0037,0.8775,1.2012,1.4938,-1.6155,4.7345,0.1134,0.0754,0.1673,0.3648,1.5280,0.1110,0.1441,0.0126,0.0232,0.5472,1.1638,-0.0000,0.1865,0.1697,0.0030,7.7289
1786330673.40,32.203,30.773,34.070,0.8025,0.8100,0.7975,0.8013,0.8000,0.8000,1.5025,1.4988,1.8013,1.7963,3.3163,1.2012,1.1025,0.0037,0.8775,1.2025,1.4938,-1.3963,4.7345,0.1200,0.0745,0.1676,0.3580,1.5378,0.1094,0.1432,0.0117,0.0232,0.5472,1.1675,-0.0000,0.1876,0.1714,0.0037,7.9609
1786330674.40,32.648,30.718,34.070,0.8025,0.8113,0.7975,0.8013,0.7988,0.8013,1.5012,1.5000,1.8000,1.7950,3.3150,1.2000,1.1013,0.0037,0.8788,1.2025,1.4950,-1.6853,4.7336,0.1164,0.0753,0.1665,0.3654,1.5260,0.1110,0.1431,0.0135,0.0249,0.5454,1.1668,-0.0000,0.1867,0.1699,0.0030,7.6622
1786330675.40,31.875,30.460,34.070,0.8037,0.8087,0.7988,0.8013,0.7988,0.8000,1.5025,1.4988,1.8000,1.7963,3.3138,1.2000,1.1013,0.0025,0.8775,1.2025,1.4938,-1.8808,4.7312,0.1158,0.0753,0.1665,0.3696,1.5393,0.1094,0.1440,0.0126,0.0232,0.5460,1.1657,-0.0000,0.1854,0.1699,0.0030,7.4761
1786330676.40,31.960,30.539,34.070,0.8050,0.8087,0.7988,0.8013,0.7988,0.8013,1.5025,1.5000,1.8013,1.7963,3.3138,1.2000,1.1013,0.0037,0.8762,1.2025,1.4938,-1.7388,4.7191,0.1146,0.0749,0.1673,0.3702,1.5273,0.1103,0.1432,0.0126,0.0232,0.5448,1.1662,-0.0000,0.1862,0.1714,0.0022,7.5946
1786330677.40,32.101,31.007,34.070,0.8037,0.8087,0.8000,0.8013,0.7988,0.8000,1.5012,1.5012,1.8013,1.7963,3.3138,1.2000,1.1013,0.0013,0.8775,1.2025,1.4950,-1.5432,4.7150,0.1144,0.0753,0.1665,0.3648,1.5380,0.1111,0.1432,0.0126,0.0232,0.5460,1.1662,-0.0000,0.1865,0.1714,0.0030,7.7940
1786330678.40,32.476,30.882,34.070,0.8037,0.8100,0.8000,0.7988,0.8000,0.8013,1.5025,1.5000,1.8013,1.7963,3.3150,1.2000,1.1013,0.0037,0.8775,1.2025,1.4938,-1.6879,4.7264,0.1124,0.0751,0.1672,0.3678,1.5243,0.1103,0.1441,0.0117,0.0232,0.5460,1.1657,-0.0000,0.1865,0.1714,0.0030,7.6469
1786330679.40,32.523,30.679,34.070,0.8037,0.8075,0.8000,0.8000,0.7988,0.8013,1.5012,1.5000,1.8013,1.7975,3.3138,1.2000,1.1013,0.0050,0.8775,1.2025,1.4925,-1.3262,4.7077,0.1120,0.0752,0.1669,0.3650,1.5275,0.1110,0.1450,0.0126,0.0232,0.5502,1.1662,-0.0000,0.1865,0.1684,0.0030,7.9942
1786330680.40,32.562,30.671,34.070,0.8037,0.8087,0.7988,0.8000,0.8000,0.8013,1.5025,1.4988,1.8013,1.7963,3.3138,1.2000,1.1013,0.0037,0.8775,1.2025,1.4950,-1.5432,4.7271,0.1090,0.0748,0.1672,0.3638,1.5243,0.1094,0.1441,0.0126,0.0232,0.5460,1.1662,-0.0000,0.1854,0.1714,0.0022,7.7835
1786330681.40,32.367,30.382,34.070,0.8025,0.8087,0.7988,0.8013,0.7988,0.8013,1.5012,1.5012,1.8013,1.7963,3.3150,1.2000,1.1000,0.0025,0.8788,1.2025,1.4938,-2.1667,4.7231,0.1122,0.0753,0.1669,0.3578,1.5320,0.1111,0.1441,0.0126,0.0249,0.5484,1.1649,-0.0000,0.1867,0.1729,0.0030,7.1691
1786330682.40,32.250,30.695,34.070,0.8037,0.8087,0.7988,0.8013,0.7988,0.8013,1.5038,1.4988,1.7988,1.7963,3.3150,1.2000,1.1013,0.0037,0.8788,1.2038,1.4938,-1.4226,4.7312,0.1154,0.0749,0.1665,0.3654,1.5293,0.1109,0.1430,0.0126,0.0249,0.5478,1.1657,-0.0000,0.1856,0.1715,0.0030,7.9251
1786330683.40,32.390,31.203,34.070,0.8025,0.8100,0.7988,0.8000,0.8000,0.8013,1.5025,1.4988,1.8000,1.7963,3.3150,1.2012,1.1013,0.0037,0.8775,1.2038,1.4938,-1.1556,4.7264,0.1054,0.0748,0.1668,0.3678,1.5356,0.1094,0.1440,0.0126,0.0232,0.5454,1.1657,-0.0000,0.1865,0.1715,0.0030,8.1823
1786330684.40,32.484,30.445,34.070,0.8025,0.8087,0.8000,0.8013,0.7988,0.8013,1.5025,1.5000,1.8013,1.7963,3.3138,1.2000,1.1013,0.0037,0.8775,1.2025,1.4938,-2.1667,4.7191,0.1144,0.0753,0.1669,0.3654,1.5273,0.1103,0.1450,0.0126,0.0249,0.5472,1.1662,-0.0000,0.1865,0.1699,0.0030,7.1670
1786330685.40,32.179,30.578,34.070,0.8050,0.8087,0.8000,0.8013,0.7975,0.8000,1.5025,1.5012,1.8013,1.7963,3.3138,1.2000,1.1013,0.0037,0.8788,1.2025,1.4938,-1.7147,4.7191,0.1168,0.0753,0.1663,0.5180,1.5393,0.1103,0.1450,0.0117,0.0249,0.5508,1.1657,-0.0000,0.1867,0.1714,0.0030,7.7895
1786330686.40,32.507,30.578,34.070,0.8037,0.8087,0.7988,0.8000,0.8000,0.8013,1.5025,1.4988,1.8000,1.7963,3.3150,1.2012,1.1013,0.0037,0.8775,1.2025,1.4925,-1.3503,4.7271,0.1090,0.0748,0.1676,0.3562,1.5280,0.1117,0.1440,0.0126,0.0249,0.5472,1.1657,-0.0000,0.1854,0.1714,0.0022,7.9774
1786330687.40,32.460,30.460,34.070,0.8037,0.8087,0.7988,0.8000,0.7975,0.8013,1.5025,1.5000,1.8013,1.7963,3.3150,1.1975,1.1013,0.0050,0.8788,1.2038,1.4938,-2.1701,4.7231,0.1174,0.0752,0.1663,0.3654,1.5273,0.1110,0.1441,0.0117,0.0249,0.5449,1.1651,-0.0000,0.1867,0.1700,0.0030,7.1659
1786330688.40,32.398,30.960,34.070,0.8025,0.8100,0.7988,0.8000,0.7988,0.8013,1.5025,1.4988,1.8000,1.7963,3.3138,1.2000,1.1025,0.0037,0.8775,1.2025,1.4938,-1.7816,4.7426,0.1110,0.0752,0.1669,0.3674,1.5393,0.1102,0.1449,0.0108,0.0232,0.5454,1.1670,-0.0000,0.1865,0.1699,0.0037,7.5823
1786330689.40,32.554,30.539,34.070,0.8037,0.8100,0.8000,0.8013,0.7975,0.8013,1.5025,1.4988,1.8000,1.7975,3.3138,1.2012,1.1000,0.0037,0.8775,1.2038,1.4938,-1.3744,4.7183,0.1180,0.0749,0.1667,0.3650,1.5280,0.1102,0.1431,0.0135,0.0232,0.5484,1.1643,-0.0000,0.1865,0.1700,0.0030,7.9586
1786330690.40,32.039,30.468,34.070,0.8025,0.8087,0.7988,0.8000,0.7988,0.8013,1.5025,1.5012,1.8000,1.7963,3.3138,1.2012,1.1000,0.0037,0.8788,1.2038,1.4938,-2.0223,4.7191,0.1114,0.0752,0.1665,0.3710,1.5378,0.1111,0.1449,0.0126,0.0232,0.5472,1.1649,-0.0000,0.1878,0.1715,0.0022,7.3241
1786330691.40,32.468,30.632,34.070,0.8037,0.8100,0.7988,0.8013,0.7988,0.8013,1.5025,1.4988,1.8013,1.7963,3.3150,1.2000,1.1013,0.0037,0.8775,1.2025,1.4925,-1.1815,4.7264,0.1174,0.0749,0.1665,0.3710,1.5250,0.1102,0.1441,0.0144,0.0249,0.5466,1.1662,-0.0000,0.1854,0.1729,0.0037,8.1680
1786330692.40,32.265,30.664,34.070,0.8037,0.8087,0.7988,0.8000,0.7988,0.8013,1.5025,1.5000,1.8013,1.7963,3.3150,1.2012,1.1025,0.0037,0.8775,1.2025,1.4938,-1.0851,4.7231,0.1158,0.0748,0.1673,0.3662,1.5303,0.1110,0.1441,0.0135,0.0232,0.5496,1.1664,-0.0000,0.1865,0.1699,0.0030,8.2596
1786330693.40,32.140,30.500,34.070,0.8037,0.8087,0.7988,0.8013,0.7975,0.8013,1.5025,1.5000,1.8025,1.7975,3.3150,1.2000,1.1013,0.0050,0.8775,1.2038,1.4950,-2.0496,4.7231,0.1102,0.0753,0.1663,0.3690,1.5265,0.1103,0.1451,0.0108,0.0215,0.5466,1.1657,-0.0000,0.1876,0.1700,0.0030,7.2814
1786330694.40,32.320,30.664,34.070,0.8037,0.8087,0.7988,0.8000,0.7988,0.8000,1.5025,1.4988,1.8025,1.7975,3.3150,1.2000,1.1025,0.0037,0.8788,1.2012,1.4938,-2.1701,4.7191,0.1150,0.0756,0.1669,0.3656,1.5348,0.1109,0.1442,0.0117,0.0249,0.5466,1.1664,-0.0000,0.1867,0.1727,0.0030,7.1740
1786330695.40,32.414,30.750,34.070,0.8037,0.8075,0.7988,0.8000,0.8013,0.8013,1.5012,1.4988,1.7988,1.7963,3.3150,1.2012,1.1025,0.0037,0.8788,1.2025,1.4950,-1.5432,4.7118,0.1134,0.0752,0.1671,0.3698,1.5268,0.1094,0.1439,0.0126,0.0232,0.5448,1.1675,-0.0000,0.1867,0.1699,0.0030,7.7818
1786330696.40,32.148,30.460,34.070,0.8025,0.8087,0.7988,0.8000,0.7975,0.8013,1.5025,1.5000,1.8013,1.7963,3.3150,1.2000,1.1025,0.0037,0.8788,1.2025,1.4950,-1.5408,4.7110,0.1154,0.0752,0.1667,0.3758,1.5371,0.1103,0.1441,0.0126,0.0232,0.5484,1.1670,-0.0000,0.1856,0.1714,0.0022,7.8051
1786330697.40,32.203,30.773,34.070,0.8037,0.8087,0.7988,0.8000,0.7988,0.8013,1.5025,1.5000,1.8013,1.7963,3.3150,1.2012,1.1013,0.0050,0.8788,1.2038,1.4938,-2.0013,4.7271,0.1130,0.0752,0.1669,0.3698,1.5280,0.1095,0.1441,0.0126,0.0249,0.5472,1.1668,-0.0000,0.1867,0.1715,0.0030,7.3450
1786330698.40,32.492,30.914,34.070,0.8025,0.8087,0.8000,0.8013,0.7988,0.8013,1.5025,1.5000,1.8000,1.7963,3.3150,1.1987,1.1013,0.0037,0.8788,1.2038,1.4938,-0.6982,4.7150,0.1128,0.0753,0.1669,0.3734,1.5280,0.1110,0.1431,0.0126,0.0232,0.5448,1.1662,-0.0000,0.1867,0.1700,0.0030,8.6340
1786330699.40,32.203,30.929,34.070,0.8037,0.8087,0.7988,0.8013,0.7988,0.8013,1.5025,1.5000,1.8013,1.7950,3.3138,1.2012,1.1000,0.0037,0.8788,1.2025,1.4938,-1.1333,4.7271,0.1098,0.0757,0.1665,0.3686,1.5295,0.1110,0.1432,0.0117,0.0232,0.5466,1.1643,-0.0000,0.1867,0.1729,0.0037,8.2074
1786330700.40,32.054,30.632,34.070,0.8037,0.8087,0.7988,0.8000,0.7988,0.8013,1.5025,1.5000,1.8013,1.7963,3.3150,1.2000,1.1013,0.0025,0.8788,1.2025,1.4938,-2.3148,4.7312,0.1158,0.0752,0.1669,0.3698,1.5295,0.1103,0.1450,0.0126,0.0249,0.5472,1.1668,-0.0000,0.1878,0.1729,0.0030,7.0440
1786330701.40,32.250,31.085,34.070,0.8025,0.8087,0.8000,0.8000,0.7988,0.8000,1.5025,1.5000,1.8013,1.7963,3.3138,1.2000,1.1025,0.0037,0.8775,1.2038,1.4938,-1.7093,4.7231,0.1092,0.0752,0.1669,0.3728,1.5386,0.1110,0.1441,0.0126,0.0249,0.5460,1.1675,-0.0000,0.1887,0.1715,0.0030,7.6457
1786330702.40,32.242,30.804,34.070,0.8025,0.8100,0.7988,0.8000,0.7988,0.8000,1.5012,1.4988,1.8000,1.7950,3.3150,1.2000,1.1013,0.0037,0.8788,1.2050,1.4938,-1.7093,4.7264,0.1142,0.0752,0.1661,0.3648,1.5260,0.1094,0.1449,0.0135,0.0232,0.5478,1.1657,-0.0000,0.1867,0.1732,0.0030,7.6308
1786330703.40,32.023,30.882,34.070,0.8050,0.8087,0.7988,0.8013,0.7975,0.8025,1.5025,1.5000,1.8000,1.7975,3.3138,1.2000,1.1000,0.0037,0.8775,1.2012,1.4938,-1.6905,4.7191,0.1194,0.0753,0.1659,0.3611,1.5386,0.1110,0.1440,0.0108,0.0232,0.5478,1.1643,-0.0000,0.1865,0.1712,0.0030,7.6506
1786330704.40,32.414,30.804,34.070,0.8037,0.8100,0.8000,0.8000,0.7988,0.8013,1.5025,1.5000,1.8000,1.7963,3.3138,1.2012,1.1013,0.0025,0.8775,1.2038,1.4950,-1.7120,4.7345,0.1140,0.0748,0.1665,0.3654,1.5258,0.1103,0.1431,0.0117,0.0232,0.5490,1.1657,-0.0000,0.1865,0.1715,0.0022,7.6321
1786330705.40,32.289,30.968,34.070,0.8037,0.8075,0.7988,0.8000,0.7988,0.8013,1.5025,1.5000,1.8013,1.7950,3.3150,1.2000,1.1013,0.0037,0.8775,1.2025,1.4938,-1.8326,4.7239,0.1130,0.0752,0.1673,0.3710,1.5348,0.1110,0.1441,0.0126,0.0232,0.5502,1.1657,-0.0000,0.1876,0.1729,0.0022,7.5221
1786330706.40,32.062,30.687,34.070,0.8037,0.8087,0.7988,0.8013,0.7975,0.8013,1.5012,1.5000,1.8013,1.7963,3.3150,1.2000,1.1025,0.0037,0.8775,1.2025,1.4938,-1.6638,4.7191,0.1118,0.0749,0.1663,0.3706,1.5245,0.1088,0.1441,0.0117,0.0249,0.5472,1.1675,-0.0000,0.1865,0.1714,0.0022,7.6676
1786330707.40,32.281,30.570,34.070,0.8037,0.8087,0.7988,0.8000,0.7988,0.8013,1.5012,1.4988,1.8000,1.7963,3.3138,1.2012,1.1013,0.0037,0.8788,1.2025,1.4950,-1.3744,4.7271,0.1126,0.0752,0.1673,0.3658,1.5328,0.1102,0.1431,0.0126,0.0249,0.5496,1.1662,-0.0000,0.1845,0.1699,0.0022,7.9695
1786330708.40,32.179,30.812,34.070,0.8025,0.8087,0.7988,0.8013,0.7988,0.8000,1.5025,1.5000,1.8013,1.7975,3.3150,1.2000,1.1000,0.0050,0.8788,1.2025,1.4950,-2.3834,4.7352,0.1150,0.0753,0.1669,0.3672,1.5235,0.1110,0.1441,0.0135,0.0249,0.5514,1.1633,-0.0000,0.1867,0.1714,0.0030,6.9690
1786330709.40,32.453,30.609,34.070,0.8037,0.8113,0.7988,0.8000,0.7988,0.8013,1.5025,1.4988,1.8013,1.7963,3.3138,1.2000,1.1000,0.0025,0.8788,1.2038,1.4950,-1.3262,4.7418,0.1130,0.0756,0.1669,0.3550,1.5356,0.1094,0.1441,0.0126,0.0232,0.5454,1.1638,-0.0000,0.1878,0.1730,0.0030,8.0240
1786330710.40,32.093,30.992,34.070,0.8037,0.8100,0.8000,0.8013,0.7988,0.8013,1.5025,1.4988,1.8013,1.7975,3.3150,1.2012,1.1000,0.0037,0.8788,1.2012,1.4938,-1.9290,4.7223,0.1116,0.0749,0.1665,0.3702,1.5265,0.1109,0.1441,0.0126,0.0249,0.5526,1.1643,0.0000,0.1878,0.1727,0.0030,7.4160
1786330711.40,32.523,30.515,34.070,0.8025,0.8087,0.7988,0.8000,0.7988,0.8013,1.5025,1.5000,1.8013,1.7963,3.3150,1.2012,1.1013,0.0025,0.8788,1.2025,1.4925,-1.5408,4.7231,0.1154,0.0752,0.1669,0.3666,1.5378,0.1110,0.1432,0.0126,0.0232,0.5460,1.1657,-0.0000,0.1889,0.1714,0.0030,7.8091
1786330712.40,32.171,30.679,34.070,0.8025,0.8100,0.7988,0.8000,0.7975,0.8013,1.5025,1.4988,1.8013,1.7975,3.3125,1.1987,1.1013,0.0025,0.8788,1.2038,1.4950,-1.4926,4.7385,0.1142,0.0752,0.1667,0.3650,1.5288,0.1109,0.1450,0.0135,0.0265,0.5454,1.1657,0.0000,0.1867,0.1700,0.0030,7.8625
1786330713.40,32.437,30.656,34.070,0.8025,0.8100,0.7988,0.8000,0.7988,0.8000,1.5025,1.4988,1.8013,1.7963,3.3163,1.2000,1.1000,0.0037,0.8775,1.2038,1.4938,-1.6371,4.7264,0.1114,0.0752,0.1665,0.3648,1.5273,0.1102,0.1441,0.0135,0.0249,0.5472,1.1649,-0.0000,0.1843,0.1700,0.0030,7.6965
1786330714.40,32.296,30.742,34.070,0.8037,0.8087,0.8000,0.7988,0.7988,0.8013,1.5012,1.4988,1.8013,1.7963,3.3150,1.2000,1.1025,0.0037,0.8775,1.2025,1.4938,-1.3985,4.7231,0.1136,0.0751,0.1669,0.3582,1.5275,0.1109,0.1432,0.0135,0.0249,0.5460,1.1675,-0.0000,0.1865,0.1714,0.0030,7.9327
1786330715.40,32.226,30.710,34.070,0.8037,0.8087,0.7988,0.8013,0.8000,0.8000,1.5025,1.5012,1.8000,1.7950,3.3150,1.2000,1.1000,0.0037,0.8775,1.2038,1.4925,-1.9531,4.7150,0.1150,0.0757,0.1672,0.3696,1.5273,0.1111,0.1431,0.0117,0.0232,0.5448,1.1649,-0.0000,0.1865,0.1715,0.0030,7.3765
1786330716.40,32.203,30.937,34.070,0.8037,0.8100,0.7988,0.8013,0.7988,0.8013,1.5025,1.4988,1.8013,1.7963,3.3150,1.2000,1.1013,0.0050,0.8775,1.2025,1.4950,-2.1701,4.7223,0.1134,0.0749,0.1661,0.3682,1.5393,0.1094,0.1432,0.0117,0.0232,0.5526,1.1662,-0.0000,0.1876,0.1714,0.0037,7.1831
1786330717.40,32.195,30.882,34.070,0.8050,0.8100,0.7988,0.8013,0.7988,0.8000,1.5025,1.4988,1.8013,1.7975,3.3138,1.2000,1.1000,0.0037,0.8775,1.2025,1.4938,-1.5939,4.7223,0.1130,0.0753,0.1673,0.3644,1.5273,0.1117,0.1432,0.0126,0.0215,0.5460,1.1643,-0.0000,0.1865,0.1714,0.0022,7.7352
1786330718.40,32.125,31.101,34.070,0.8037,0.8087,0.8000,0.8013,0.7988,0.8013,1.5025,1.5000,1.8000,1.7963,3.3138,1.2000,1.1013,0.0050,0.8788,1.2025,1.4950,-1.8808,4.7271,0.1128,0.0753,0.1665,0.3618,1.5378,0.1095,0.1440,0.0126,0.0232,0.5490,1.1662,-0.0000,0.1878,0.1699,0.0022,7.4650
1786330719.40,32.304,30.687,34.070,0.8037,0.8100,0.8000,0.8013,0.7988,0.8013,1.5025,1.5000,1.8013,1.7963,3.3150,1.1987,1.1025,0.0025,0.8788,1.2012,1.4938,-1.6397,4.7264,0.1132,0.0753,0.1669,0.3654,1.5265,0.1103,0.1441,0.0135,0.0232,0.5460,1.1675,-0.0000,0.1878,0.1682,0.0037,7.6984
1786330720.40,32.585,30.515,34.070,0.8037,0.8087,0.8000,0.8013,0.7988,0.8000,1.5025,1.4988,1.8013,1.7975,3.3138,1.1987,1.1013,0.0025,0.8775,1.2025,1.4950,-1.6638,4.7271,0.1140,0.0749,0.1669,0.3700,1.5303,0.1102,0.1441,0.0117,0.0232,0.5460,1.1657,-0.0000,0.1865,0.1714,0.0030,7.6812
1786330721.40,32.460,30.898,34.070,0.8037,0.8100,0.7988,0.8000,0.7988,0.8013,1.5025,1.5000,1.8013,1.7963,3.3150,1.2000,1.1025,0.0037,0.8788,1.2025,1.4938,-1.3503,4.7264,0.1166,0.0752,0.1665,0.3662,1.5258,0.1110,0.1441,0.0126,0.0232,0.5460,1.1675,-0.0000,0.1856,0.1714,0.0030,7.9908
1786330722.40,32.234,30.804,34.070,0.8037,0.8087,0.7988,0.8000,0.7988,0.8000,1.5025,1.5000,1.8000,1.7963,3.3138,1.2025,1.1013,0.0025,0.8788,1.2038,1.4938,-1.5432,4.7191,0.1146,0.0752,0.1677,0.3660,1.5348,0.1095,0.1431,0.0126,0.0232,0.5471,1.1662,-0.0000,0.1878,0.1700,0.0030,7.7968
1786330723.40,32.453,30.796,34.070,0.8050,0.8100,0.7988,0.8013,0.7975,0.8013,1.5025,1.5000,1.8013,1.7963,3.3138,1.2012,1.1013,0.0037,0.8788,1.2025,1.4938,-1.6905,4.7385,0.1138,0.0757,0.1663,0.5224,1.5371,0.1110,0.1450,0.0126,0.0232,0.7418,1.1662,-0.0000,0.1878,0.1714,0.0030,8.0252
1786330724.40,32.414,30.859,34.070,0.8037,0.8087,0.7988,0.8013,0.7988,0.8013,1.5012,1.5012,1.8025,1.7963,3.3138,1.2000,1.1000,0.0037,0.8788,1.2025,1.4938,-2.1460,4.7231,0.1142,0.0753,0.1665,0.3718,1.5275,0.1103,0.1442,0.0126,0.0232,0.5490,1.1655,-0.0000,0.1867,0.1699,0.0030,7.1968
1786330725.40,32.164,30.734,34.070,0.8037,0.8087,0.7988,0.8013,0.7988,0.8000,1.5012,1.5000,1.8013,1.7975,3.3150,1.2012,1.1013,0.0037,0.8788,1.2038,1.4950,-1.5914,4.7271,0.1130,0.0757,0.1665,0.3684,1.5365,0.1110,0.1432,0.0117,0.0232,0.5466,1.1668,-0.0000,0.1867,0.1715,0.0030,7.7596
1786330726.40,32.312,30.796,34.070,0.8037,0.8087,0.7988,0.8013,0.7975,0.8013,1.5025,1.5000,1.7988,1.7975,3.3125,1.2000,1.1013,0.0037,0.8775,1.2025,1.4938,-1.9531,4.7191,0.1142,0.0753,0.1671,0.3670,1.5288,0.1110,0.1430,0.0117,0.0248,0.5454,1.1657,-0.0000,0.1865,0.1714,0.0030,7.3807
1786330727.40,32.125,31.281,34.070,0.8037,0.8087,0.8000,0.8000,0.7988,0.8000,1.5025,1.5000,1.8000,1.7950,3.3138,1.2000,1.1000,0.0037,0.8788,1.2025,1.4938,-1.3744,4.7312,0.1144,0.0748,0.1669,0.3724,1.5303,0.1088,0.1449,0.0117,0.0232,0.5460,1.1649,-0.0000,0.1878,0.1699,0.0030,7.9757
1786330728.41,32.750,30.882,34.070,0.8037,0.8087,0.7988,0.8000,0.7988,0.8013,1.5025,1.4988,1.8000,1.7963,3.3125,1.2025,1.1025,0.0037,0.8788,1.2025,1.4938,-1.3985,4.7191,0.1118,0.0752,0.1665,0.3658,1.5408,0.1102,0.1440,0.0126,0.0248,0.5471,1.1675,-0.0000,0.1867,0.1714,0.0030,7.9480
1786330729.41,32.390,31.179,34.070,0.8037,0.8087,0.8000,0.8000,0.7988,0.8013,1.5025,1.5000,1.8013,1.7963,3.3138,1.2012,1.1013,0.0025,0.8800,1.2038,1.4938,-1.6879,4.7191,0.1168,0.0756,0.1665,0.3642,1.5303,0.1110,0.1450,0.0126,0.0249,0.5484,1.1673,-0.0000,0.1881,0.1715,0.0030,7.6563
1786330730.43,32.289,31.054,34.070,0.8025,0.8087,0.7988,0.8000,0.7988,0.8013,1.5012,1.5012,1.8013,1.7963,3.3163,1.2000,1.1000,0.0025,0.8775,1.2038,1.4938,-0.4574,4.7676,0.1094,0.0756,0.1669,0.5453,1.5253,0.1111,0.1441,0.0126,0.0232,0.5478,1.1643,-0.0000,0.1876,0.1730,0.0030,9.0994
1786330731.43,32.289,31.132,34.070,0.8025,0.8113,0.8000,0.8025,0.7988,0.8013,1.5025,1.4988,1.8000,1.7950,3.3138,1.2000,1.1013,0.0025,0.8788,1.2038,1.4938,-1.4926,4.7458,0.1108,0.0754,0.1669,0.3433,1.5288,0.1109,0.1440,0.0144,0.0232,0.5466,1.1651,-0.0000,0.1878,0.1715,0.0022,7.8443
1786330732.43,32.312,30.835,34.070,0.8037,0.8087,0.8000,0.8000,0.7988,0.8013,1.5025,1.5000,1.8025,1.7963,3.3150,1.2000,1.1013,0.0037,0.8775,1.2025,1.4938,-1.0368,4.7231,0.1164,0.0752,0.1669,0.3686,1.5265,0.1110,0.1433,0.0126,0.0232,0.5466,1.1662,-0.0000,0.1865,0.1714,0.0030,8.3036
1786330733.43,32.703,31.101,34.070,0.8050,0.8087,0.7988,0.8013,0.7988,0.8013,1.5012,1.4988,1.8013,1.7950,3.3150,1.2000,1.1013,0.0037,0.8788,1.2038,1.4925,-1.7871,4.7352,0.1106,0.0757,0.1665,0.3710,1.5298,0.1102,0.1432,0.0126,0.0249,0.5484,1.1651,-0.0000,0.1856,0.1715,0.0022,7.5655
1786330734.43,32.625,31.398,34.070,0.8037,0.8075,0.7975,0.8013,0.7988,0.8013,1.5038,1.5000,1.8000,1.7950,3.3138,1.2012,1.1013,0.0037,0.8788,1.2025,1.4938,-1.2780,4.7198,0.1164,0.0753,0.1665,0.3658,1.5271,0.1118,0.1431,0.0117,0.0232,0.5472,1.1662,-0.0000,0.1878,0.1714,0.0037,8.0590
1786330735.43,32.437,30.875,34.070,0.8037,0.8100,0.7988,0.8000,0.7988,0.8000,1.5025,1.5000,1.8013,1.7963,3.3138,1.2000,1.1013,0.0037,0.8775,1.2025,1.4950,-1.5191,4.7223,0.1130,0.0752,0.1669,0.3628,1.5326,0.1095,0.1432,0.0126,0.0232,0.5460,1.1657,-0.0000,0.1854,0.1699,0.0022,7.8113
1786330736.43,32.382,31.132,34.070,0.8037,0.8100,0.8000,0.8013,0.7988,0.8013,1.5025,1.5000,1.8013,1.7975,3.3150,1.2012,1.1013,0.0025,0.8788,1.2025,1.4938,-1.3744,4.7264,0.1096,0.0753,0.1669,0.3638,1.5310,0.1103,0.1432,0.0117,0.0232,0.5460,1.1657,-0.0000,0.1867,0.1729,0.0022,7.9604
1786330737.43,32.679,31.320,34.070,0.8025,0.8087,0.7975,0.8000,0.7988,0.8000,1.5025,1.5000,1.8013,1.7963,3.3138,1.2000,1.1013,0.0037,0.8788,1.2025,1.4938,-1.6130,4.7150,0.1148,0.0748,0.1669,0.3596,1.5333,0.1103,0.1450,0.0126,0.0232,0.5442,1.1662,-0.0000,0.1867,0.1714,0.0030,7.7140
1786330738.43,32.304,30.882,34.070,0.8025,0.8087,0.8000,0.8000,0.7988,0.8013,1.5025,1.5000,1.8013,1.7963,3.3150,1.1987,1.1025,0.0037,0.8788,1.2038,1.4938,-2.0223,4.7231,0.1152,0.0756,0.1665,0.3734,1.5318,0.1110,0.1441,0.0126,0.0232,0.5472,1.1670,-0.0000,0.1878,0.1715,0.0030,7.3308
1786330739.43,32.132,30.796,34.070,0.8050,0.8087,0.7988,0.8025,0.7988,0.7988,1.5025,1.5000,1.8013,1.7963,3.3150,1.2000,1.1000,0.0025,0.8800,1.2025,1.4938,-1.0385,4.7433,0.1082,0.0758,0.1669,0.3638,1.5265,0.1103,0.1441,0.0126,0.0232,0.5466,1.1643,-0.0000,0.1881,0.1714,0.0022,8.3090
1786330740.43,32.429,30.703,34.070,0.8050,0.8113,0.8000,0.8013,0.7988,0.8013,1.5038,1.4988,1.8000,1.7963,3.3138,1.2000,1.1013,0.0037,0.8775,1.2025,1.4938,-1.6905,4.7296,0.1160,0.0753,0.1669,0.3650,1.5346,0.1102,0.1449,0.0117,0.0232,0.5466,1.1662,-0.0000,0.1876,0.1714,0.0037,7.6623
1786330741.43,32.625,30.984,34.070,0.8025,0.8087,0.7988,0.8013,0.7988,0.8025,1.5012,1.5000,1.8013,1.7963,3.3138,1.2012,1.1013,0.0037,0.8775,1.2012,1.4938,-1.9019,4.7231,0.1142,0.0757,0.1665,0.3571,1.5253,0.1118,0.1432,0.0117,0.0232,0.5478,1.1662,-0.0000,0.1876,0.1712,0.0030,7.4256
1786330742.43,32.718,30.710,34.070,0.8037,0.8100,0.7988,0.8013,0.7975,0.8013,1.5012,1.5000,1.8000,1.7963,3.3150,1.2000,1.1013,0.0037,0.8775,1.2025,1.4938,-1.1092,4.7345,0.1122,0.0757,0.1667,0.3710,1.5343,0.1110,0.1449,0.0135,0.0232,0.5466,1.1662,-0.0000,0.1887,0.1699,0.0030,8.2521
1786330743.43,32.398,31.210,34.070,0.8037,0.8087,0.7988,0.8013,0.8000,0.8013,1.5025,1.5000,1.8000,1.7963,3.3138,1.2000,1.1025,0.0050,0.8775,1.2038,1.4950,-1.3985,4.7352,0.1122,0.0757,0.1672,0.3706,1.5303,0.1110,0.1431,0.0126,0.0249,0.5502,1.1670,-0.0000,0.1876,0.1730,0.0030,7.9650
1786330744.43,32.289,31.023,34.070,0.8037,0.8087,0.7988,0.8000,0.7975,0.8000,1.5038,1.4988,1.8000,1.7963,3.3138,1.2000,1.1025,0.0037,0.8788,1.2025,1.4938,-1.9049,4.7271,0.1210,0.0760,0.1663,0.3652,1.5391,0.1109,0.1440,0.0117,0.0232,0.5454,1.1675,-0.0000,0.1889,0.1699,0.0037,7.4551
1786330745.43,32.039,31.156,34.070,0.8037,0.8087,0.8000,0.8000,0.7988,0.8013,1.5025,1.4988,1.8013,1.7963,3.3138,1.2000,1.1000,0.0037,0.8775,1.2025,1.4938,-1.1333,4.7433,0.1128,0.0752,0.1669,0.3670,1.5310,0.1117,0.1441,0.0126,0.0232,0.5484,1.1638,-0.0000,0.1865,0.1714,0.0030,8.2275
1786330746.43,32.601,31.257,34.070,0.8037,0.8100,0.7988,0.8000,0.7988,0.8000,1.5025,1.4988,1.8013,1.7963,3.3138,1.2012,1.1025,0.0037,0.8775,1.2025,1.4950,-1.5432,4.7304,0.1150,0.0756,0.1669,0.3652,1.5250,0.1102,0.1450,0.0126,0.0232,0.5472,1.1670,-0.0000,0.1887,0.1714,0.0030,7.8031
1786330747.43,32.781,30.992,34.070,0.8050,0.8087,0.8000,0.8013,0.7988,0.8000,1.5025,1.4988,1.7988,1.7975,3.3138,1.2000,1.1000,0.0037,0.8788,1.2025,1.4950,-2.1252,4.7191,0.1088,0.0757,0.1665,0.3684,1.5303,0.1102,0.1430,0.0126,0.0249,0.5460,1.1643,-0.0000,0.1867,0.1699,0.0022,7.2034
1786330748.43,32.289,31.195,34.070,0.8037,0.8100,0.8000,0.8000,0.7988,0.8013,1.5025,1.5000,1.8013,1.7937,3.3138,1.2012,1.1000,0.0037,0.8788,1.2025,1.4938,-1.3503,4.7345,0.1156,0.0752,0.1665,0.3702,1.5265,0.1110,0.1441,0.0126,0.0249,0.5688,1.1638,-0.0000,0.1878,0.1714,0.0022,8.0247
1786330749.43,32.359,31.148,34.070,0.8037,0.8087,0.7988,0.8013,0.7975,0.8000,1.5025,1.5000,1.8013,1.7963,3.3150,1.2000,1.1000,0.0037,0.8788,1.2012,1.4950,-2.5559,4.7271,0.1086,0.0753,0.1667,0.3540,1.5356,0.1110,0.1450,0.0126,0.0232,0.5472,1.1643,-0.0000,0.1867,0.1712,0.0022,6.7749
1786330750.43,32.507,30.757,34.070,0.8037,0.8075,0.8000,0.8013,0.7988,0.8013,1.5025,1.4988,1.8000,1.7963,3.3150,1.2000,1.1025,0.0037,0.8788,1.2025,1.4925,-1.6397,4.7037,0.1164,0.0757,0.1665,0.3738,1.5288,0.1109,0.1440,0.0126,0.0232,0.5478,1.1670,-0.0000,0.1889,0.1699,0.0030,7.6925
1786330751.43,32.554,31.171,34.070,0.8037,0.8087,0.7988,0.8013,0.7975,0.8000,1.5038,1.4988,1.8013,1.7963,3.3138,1.1987,1.1013,0.0025,0.8775,1.2025,1.4938,-1.4950,4.7150,0.1126,0.0757,0.1671,0.3604,1.5383,0.1102,0.1441,0.0117,0.0232,0.5466,1.1657,-0.0000,0.1854,0.1699,0.0030,7.8338
1786330752.43,32.351,30.882,34.070,0.8037,0.8087,0.7988,0.8013,0.7988,0.8013,1.5025,1.5000,1.8025,1.7950,3.3138,1.1987,1.1025,0.0037,0.8775,1.2038,1.4950,-1.3985,4.7231,0.1150,0.0753,0.1669,0.3754,1.5303,0.1103,0.1433,0.0126,0.0232,0.5448,1.1664,0.0000,0.1865,0.1715,0.0022,7.9484
1786330753.43,32.320,30.914,34.070,0.8037,0.8087,0.8000,0.8000,0.7988,0.8025,1.5038,1.5012,1.8013,1.7963,3.3125,1.2012,1.1013,0.0037,0.8788,1.2038,1.4938,-1.9531,4.7352,0.1136,0.0752,0.1669,0.3659,1.5271,0.1103,0.1441,0.0126,0.0248,0.5478,1.1662,0.0000,0.1878,0.1715,0.0030,7.3991
1786330754.43,32.796,31.078,34.070,0.8037,0.8087,0.7988,0.8013,0.7988,0.8013,1.5025,1.4988,1.8025,1.7975,3.3150,1.2012,1.1013,0.0025,0.8788,1.2025,1.4938,-1.5673,4.7271,0.1134,0.0757,0.1669,0.3670,1.5310,0.1109,0.1442,0.0117,0.0249,0.5466,1.1657,-0.0000,0.1889,0.1714,0.0030,7.7811
1786330755.43,32.507,30.960,34.070,0.8037,0.8100,0.7988,0.8000,0.7988,0.8013,1.5025,1.5012,1.8000,1.7963,3.3138,1.2012,1.1013,0.0025,0.8788,1.2025,1.4950,-1.6879,4.7466,0.1114,0.0752,0.1669,0.3726,1.5280,0.1096,0.1440,0.0126,0.0232,0.5460,1.1657,-0.0000,0.1878,0.1714,0.0022,7.6753
1786330756.43,32.734,31.164,34.070,0.8037,0.8087,0.7988,0.8000,0.7988,0.8013,1.5025,1.5000,1.8013,1.7963,3.3138,1.2000,1.1013,0.0025,0.8788,1.2025,1.4938,-1.9290,4.7150,0.1122,0.0752,0.1665,0.3666,1.5363,0.1103,0.1450,0.0126,0.0232,0.5472,1.1668,-0.0000,0.1856,0.1714,0.0037,7.4086
1786330757.43,32.757,30.828,34.070,0.8037,0.8100,0.7988,0.8013,0.8000,0.8013,1.5025,1.4988,1.8013,1.7963,3.3150,1.2012,1.1025,0.0037,0.8788,1.2025,1.4938,-1.4226,4.7466,0.1146,0.0753,0.1672,0.3658,1.5273,0.1109,0.1432,0.0126,0.0249,0.5460,1.1664,-0.0000,0.1878,0.1699,0.0030,7.9388
1786330758.43,32.562,30.921,34.070,0.8025,0.8087,0.8000,0.8000,0.7988,0.8025,1.5038,1.5000,1.8000,1.7950,3.3150,1.2000,1.1013,0.0050,0.8788,1.2025,1.4938,-1.5649,4.7271,0.1140,0.0752,0.1665,0.3659,1.5361,0.1095,0.1422,0.0117,0.0215,0.5466,1.1673,-0.0000,0.1878,0.1729,0.0030,7.7825
1786330759.43,32.296,30.937,34.070,0.8025,0.8100,0.7988,0.8013,0.7988,0.8013,1.5025,1.5012,1.8013,1.7963,3.3150,1.2000,1.1013,0.0025,0.8788,1.2038,1.4938,-1.2278,4.7466,0.1158,0.0753,0.1665,0.3614,1.5326,0.1111,0.1441,0.0135,0.0249,0.5502,1.1657,-0.0000,0.1878,0.1700,0.0037,8.1414
1786330760.43,32.695,31.218,34.070,0.8050,0.8087,0.8000,0.8013,0.8000,0.8013,1.5025,1.5000,1.8000,1.7950,3.3138,1.2012,1.1025,0.0037,0.8788,1.2025,1.4950,-1.8113,4.7352,0.1136,0.0757,0.1676,0.3754,1.5356,0.1103,0.1431,0.0117,0.0232,0.5478,1.1670,-0.0000,0.1867,0.1729,0.0022,7.5567
1786330761.43,32.585,30.851,34.070,0.8037,0.8087,0.8000,0.8013,0.7988,0.7988,1.5012,1.4988,1.8000,1.7963,3.3138,1.2000,1.1013,0.0037,0.8788,1.2038,1.4938,-1.7843,4.7312,0.1112,0.0757,0.1665,0.3638,1.5305,0.1109,0.1440,0.0126,0.0232,0.5460,1.1662,-0.0000,0.1889,0.1715,0.0030,7.5610
1786330762.43,32.726,31.437,34.070,0.8050,0.8087,0.7975,0.8013,0.8013,0.8013,1.5025,1.5000,1.8037,1.7963,3.3138,1.2012,1.1013,0.0037,0.8775,1.2025,1.4938,-2.4150,4.7393,0.1156,0.0753,0.1675,0.3662,1.5265,0.1088,0.1443,0.0117,0.0215,0.5460,1.1668,-0.0000,0.1865,0.1729,0.0030,6.9367
1786330763.43,32.382,31.132,34.070,0.8037,0.8087,0.8000,0.8013,0.8000,0.8013,1.5012,1.5000,1.8037,1.7963,3.3138,1.2000,1.1025,0.0025,0.8775,1.2025,1.4938,-1.9772,4.7433,0.1152,0.0757,0.1672,0.3650,1.5335,0.1095,0.1434,0.0117,0.0232,0.5484,1.1675,-0.0000,0.1887,0.1714,0.0030,7.3894
1786330764.43,32.343,30.945,34.070,0.8037,0.8087,0.7988,0.8000,0.7988,0.8013,1.5025,1.4988,1.8000,1.7963,3.3150,1.1987,1.1013,0.0037,0.8788,1.2038,1.4938,-1.3985,4.7312,0.1130,0.0756,0.1665,0.3650,1.5265,0.1102,0.1440,0.0117,0.0249,0.5466,1.1657,-0.0000,0.1878,0.1715,0.0030,7.9447
1786330765.43,32.765,31.187,34.070,0.8050,0.8100,0.8000,0.8000,0.7988,0.8000,1.5012,1.5000,1.8013,1.7963,3.3150,1.2000,1.1013,0.0025,0.8775,1.2038,1.4938,-1.6422,4.7345,0.1092,0.0752,0.1665,0.3696,1.5298,0.1088,0.1432,0.0117,0.0249,0.5472,1.1662,-0.0000,0.1865,0.1730,0.0037,7.7077
1786330766.43,32.679,30.968,34.070,0.8037,0.8087,0.7988,0.8000,0.7988,0.8013,1.5012,1.5000,1.8013,1.7963,3.3138,1.2012,1.1013,0.0037,0.8788,1.2025,1.4938,-1.7843,4.7433,0.1138,0.0756,0.1665,0.3686,1.5358,0.1103,0.1450,0.0126,0.0232,0.5460,1.1673,-0.0000,0.1867,0.1714,0.0030,7.5847
1786330767.43,32.375,31.156,34.070,0.8025,0.8087,0.8000,0.8000,0.7988,0.8013,1.5025,1.5000,1.8037,1.7963,3.3138,1.2012,1.1013,0.0037,0.8788,1.2025,1.4925,-1.9741,4.7474,0.1148,0.0752,0.1669,0.3682,1.5310,0.1110,0.1443,0.0108,0.0232,0.5472,1.1662,-0.0000,0.1878,0.1714,0.0030,7.3942
1786330768.43,32.703,31.367,34.070,0.8025,0.8087,0.8000,0.8000,0.7975,0.8013,1.5025,1.5012,1.8000,1.7950,3.3138,1.2000,1.1013,0.0025,0.8775,1.2025,1.4938,-1.5408,4.7312,0.1132,0.0752,0.1667,0.3658,1.5401,0.1103,0.1440,0.0126,0.0232,0.5460,1.1657,0.0000,0.1865,0.1714,0.0030,7.8139
1786330769.43,32.875,31.179,34.070,0.8025,0.8100,0.8000,0.8000,0.7975,0.8025,1.5025,1.5000,1.8013,1.7963,3.3150,1.2012,1.1013,0.0037,0.8788,1.2038,1.4938,-1.7334,4.7345,0.1144,0.0748,0.1663,0.3712,1.5280,0.1125,0.1441,0.0126,0.0249,0.5490,1.1662,-0.0000,0.1867,0.1715,0.0030,7.6262
1786330770.43,32.500,31.093,34.070,0.8025,0.8087,0.7988,0.8013,0.7988,0.8000,1.5025,1.5000,1.8013,1.7963,3.3138,1.2000,1.1013,0.0025,0.8788,1.2025,1.4950,-1.3482,4.7231,0.1126,0.0753,0.1669,0.3696,1.5408,0.1088,0.1450,0.0117,0.0232,0.5472,1.1662,-0.0000,0.1867,0.1714,0.0030,8.0033
1786330771.43,33.054,31.281,34.070,0.8037,0.8087,0.7988,0.8013,0.7988,0.8013,1.5025,1.5000,1.7988,1.7963,3.3138,1.2000,1.1025,0.0025,0.8788,1.2038,1.4938,-1.3262,4.7474,0.1114,0.0753,0.1669,0.3578,1.5303,0.1103,0.1439,0.0126,0.0232,0.5466,1.1670,-0.0000,0.1867,0.1700,0.0022,8.0254
1786330772.43,32.617,31.187,34.070,0.8025,0.8087,0.7988,0.8000,0.7988,0.8013,1.5012,1.4988,1.8000,1.7950,3.3150,1.2000,1.1013,0.0037,0.8775,1.2025,1.4938,-1.3482,4.7191,0.1118,0.0756,0.1669,0.3706,1.5283,0.1102,0.1449,0.0117,0.0249,0.5502,1.1662,-0.0000,0.1887,0.1714,0.0030,7.9951
1786330773.43,32.671,31.062,34.070,0.8037,0.8087,0.8000,0.8013,0.7988,0.8013,1.5025,1.4988,1.8013,1.7963,3.3150,1.1987,1.1013,0.0037,0.8775,1.2025,1.4938,-1.7120,4.7352,0.1164,0.0757,0.1669,0.3654,1.5318,0.1102,0.1432,0.0126,0.0249,0.5478,1.1657,-0.0000,0.1909,0.1714,0.0022,7.6482
1786330774.43,33.007,31.109,34.070,0.8037,0.8100,0.8000,0.8000,0.7988,0.8013,1.5025,1.5000,1.8013,1.7963,3.3150,1.2012,1.1013,0.0037,0.8788,1.2025,1.4938,-1.1333,4.7385,0.1168,0.0748,0.1669,0.3642,1.5310,0.1103,0.1450,0.0126,0.0232,0.5478,1.1657,-0.0000,0.1878,0.1714,0.0030,8.2256
1786330775.43,32.929,30.945,34.070,0.8037,0.8087,0.8000,0.8013,0.7975,0.8025,1.5025,1.4988,1.8025,1.7975,3.3150,1.2000,1.1013,0.0037,0.8788,1.2025,1.4938,-1.9290,4.7271,0.1112,0.0757,0.1671,0.3748,1.5416,0.1102,0.1433,0.0135,0.0232,0.5484,1.1651,-0.0000,0.1878,0.1699,0.0022,7.4321
1786330776.45,32.804,31.460,34.070,0.8037,0.8100,0.7988,0.8000,0.7988,0.8013,1.5025,1.5000,1.8000,1.7963,3.3138,1.2000,1.1025,0.0050,0.8788,1.2025,1.4938,-1.3262,4.7952,0.1186,0.0756,0.1669,0.5216,1.5423,0.1103,0.1431,0.0108,0.0249,0.5472,1.1670,-0.0000,0.1878,0.1744,0.0030,8.2624
1786330777.45,33.046,31.179,34.070,0.8037,0.8087,0.7975,0.8000,0.8000,0.8013,1.5025,1.4988,1.8025,1.7950,3.3138,1.2012,1.1013,0.0025,0.8788,1.2025,1.4950,-1.1333,4.7271,0.1144,0.0756,0.1672,0.3433,1.5318,0.1102,0.1433,0.0126,0.0232,0.5454,1.1673,-0.0000,0.1889,0.1729,0.0030,8.1929
1786330778.45,32.851,31.289,34.070,0.8037,0.8100,0.8000,0.8013,0.7988,0.8013,1.5025,1.5012,1.8013,1.7963,3.3163,1.2012,1.1013,0.0037,0.8788,1.2025,1.4938,-1.7843,4.7345,0.1144,0.0753,0.1673,0.3654,1.5318,0.1111,0.1441,0.0126,0.0249,0.5478,1.1657,-0.0000,0.1878,0.1714,0.0030,7.5726
1786330779.45,32.734,31.296,34.070,0.8037,0.8100,0.7988,0.8000,0.7988,0.8013,1.5012,1.5000,1.8013,1.7963,3.3150,1.2025,1.1013,0.0025,0.8788,1.2038,1.4938,-2.0496,4.7345,0.1118,0.0756,0.1665,0.3718,1.5305,0.1103,0.1441,0.0126,0.0232,0.5465,1.1662,-0.0000,0.1856,0.1730,0.0022,7.3050
1786330780.45,32.804,31.070,34.070,0.8037,0.8087,0.8000,0.8000,0.7988,0.8013,1.5025,1.5000,1.8013,1.7963,3.3150,1.2000,1.1013,0.0037,0.8788,1.2025,1.4938,-1.8326,4.7271,0.1132,0.0756,0.1669,0.3722,1.5333,0.1103,0.1441,0.0126,0.0265,0.5472,1.1662,-0.0000,0.1867,0.1714,0.0037,7.5245
1786330781.45,32.781,31.132,34.070,0.8037,0.8075,0.8000,0.8013,0.8000,0.8013,1.5025,1.4988,1.8013,1.7963,3.3150,1.2012,1.1013,0.0025,0.8775,1.2025,1.4938,-1.6638,4.7400,0.1204,0.0753,0.1672,0.3690,1.5288,0.1102,0.1441,0.0126,0.0249,0.5484,1.1651,-0.0000,0.1876,0.1699,0.0022,7.7018
1786330782.45,33.046,31.546,34.070,0.8037,0.8113,0.8000,0.8013,0.8000,0.8013,1.5025,1.4988,1.8025,1.7963,3.3150,1.2000,1.1000,0.0037,0.8775,1.2025,1.4938,-1.6879,4.7418,0.1108,0.0753,0.1676,0.3654,1.5401,0.1102,0.1433,0.0126,0.0232,0.5466,1.1643,-0.0000,0.1876,0.1714,0.0037,7.6759
1786330783.45,33.070,31.023,34.070,0.8037,0.8087,0.8000,0.8013,0.8000,0.8000,1.5025,1.5000,1.8013,1.7950,3.3138,1.2000,1.1013,0.0037,0.8762,1.2038,1.4938,-0.4823,4.7393,0.1108,0.0753,0.1676,0.5232,1.5310,0.1110,0.1432,0.0126,0.0232,0.5478,1.1657,-0.0000,0.1873,0.1700,0.0030,9.0287
1786330784.45,32.757,31.031,34.070,0.8037,0.8087,0.8000,0.8000,0.7988,0.8025,1.5012,1.4988,1.8000,1.7963,3.3150,1.2000,1.1013,0.0025,0.8775,1.2025,1.4950,-1.7120,4.7312,0.1152,0.0752,0.1669,0.3663,1.5365,0.1094,0.1440,0.0126,0.0232,0.5454,1.1657,-0.0000,0.1887,0.1699,0.0037,7.6419
1786330785.45,32.804,31.312,34.070,0.8050,0.8087,0.8000,0.8013,0.7988,0.8013,1.5025,1.5000,1.8013,1.7963,3.3150,1.2012,1.1013,0.0037,0.8788,1.2050,1.4938,-2.0045,4.7312,0.1156,0.0757,0.1669,0.3658,1.5341,0.1110,0.1441,0.0126,0.0249,0.5478,1.1662,-0.0000,0.1878,0.1717,0.0022,7.3531
1786330786.45,32.992,31.218,34.070,0.8037,0.8075,0.7988,0.8013,0.7988,0.8013,1.5025,1.5000,1.7988,1.7950,3.3150,1.2000,1.1000,0.0037,0.8788,1.2012,1.4938,-0.9886,4.7198,0.1078,0.0753,0.1665,0.3610,1.5341,0.1103,0.1439,0.0117,0.0232,0.5460,1.1655,-0.0000,0.1900,0.1712,0.0030,8.3406
1786330787.45,32.625,31.101,34.070,0.8037,0.8087,0.7975,0.8025,0.7988,0.8013,1.5025,1.4988,1.8025,1.7963,3.3138,1.2000,1.1013,0.0025,0.8775,1.2038,1.4925,-1.8084,4.7271,0.1140,0.0758,0.1669,0.3706,1.5386,0.1094,0.1442,0.0126,0.0232,0.5454,1.1646,-0.0000,0.1865,0.1715,0.0030,7.5450
1786330788.45,32.632,31.140,34.070,0.8037,0.8100,0.7988,0.8000,0.7988,0.8013,1.5025,1.4988,1.7988,1.7963,3.3150,1.2012,1.1013,0.0025,0.8788,1.2038,1.4938,-1.0127,4.7426,0.1106,0.0756,0.1669,0.3658,1.5303,0.1109,0.1430,0.0117,0.0249,0.5466,1.1651,-0.0000,0.1878,0.1700,0.0022,8.3413
1786330789.45,33.070,31.125,34.070,0.8037,0.8075,0.8000,0.8013,0.7988,0.8013,1.5025,1.5000,1.8000,1.7975,3.3138,1.2000,1.1013,0.0037,0.8775,1.2038,1.4925,-1.5914,4.7198,0.1120,0.0749,0.1665,0.3674,1.5310,0.1095,0.1440,0.0126,0.0232,0.5490,1.1662,-0.0000,0.1876,0.1700,0.0030,7.7454
1786330790.45,33.101,31.554,34.070,0.8037,0.8100,0.7988,0.8000,0.7988,0.8000,1.5025,1.5000,1.8025,1.7963,3.3150,1.2000,1.1000,0.0037,0.8775,1.2025,1.4938,-1.1574,4.7345,0.1134,0.0752,0.1669,0.3664,1.5310,0.1125,0.1433,0.0126,0.0215,0.5466,1.1638,-0.0000,0.1887,0.1729,0.0022,8.1941
1786330791.45,32.929,31.101,34.070,0.8037,0.8100,0.7988,0.8013,0.7988,0.8013,1.5025,1.5000,1.8000,1.7950,3.3150,1.2000,1.1013,0.0037,0.8775,1.2038,1.4938,-1.2538,4.7426,0.1166,0.0749,0.1673,0.3706,1.5303,0.1103,0.1440,0.0108,0.0232,0.5478,1.1657,-0.0000,0.1887,0.1715,0.0022,8.1126
1786330792.45,32.820,31.328,34.070,0.8025,0.8087,0.7988,0.8000,0.8000,0.8013,1.5025,1.5012,1.8000,1.7963,3.3125,1.2000,1.1013,0.0037,0.8788,1.2038,1.4938,-2.3353,4.7312,0.1090,0.0752,0.1668,0.3670,1.5423,0.1111,0.1431,0.0126,0.0232,0.5496,1.1657,-0.0000,0.1867,0.1715,0.0030,7.0227
1786330793.45,32.898,31.937,34.070,0.8037,0.8087,0.8000,0.8013,0.7988,0.8013,1.5012,1.5000,1.8013,1.7963,3.3150,1.2000,1.1013,0.0037,0.8788,1.2038,1.4938,-1.9049,4.7433,0.1120,0.0757,0.1669,0.3670,1.5313,0.1110,0.1441,0.0126,0.0215,0.5472,1.1662,-0.0000,0.1878,0.1715,0.0030,7.4563
1786330794.45,33.164,31.281,34.070,0.8037,0.8087,0.8000,0.8000,0.7988,0.8025,1.5012,1.5000,1.8013,1.7950,3.3150,1.2000,1.1013,0.0037,0.8775,1.2025,1.4938,-1.5914,4.7191,0.1124,0.0756,0.1665,0.3675,1.5403,0.1103,0.1450,0.0126,0.0232,0.5472,1.1668,-0.0000,0.1876,0.1729,0.0045,7.7599
1786330795.45,32.960,31.437,34.070,0.8025,0.8087,0.8000,0.8013,0.8000,0.8013,1.5025,1.5000,1.8025,1.7950,3.3150,1.2000,1.1013,0.0025,0.8788,1.2050,1.4938,-1.6612,4.7150,0.1156,0.0757,0.1672,0.3630,1.5303,0.1110,0.1442,0.0126,0.0232,0.5466,1.1657,-0.0000,0.1889,0.1702,0.0022,7.6702
1786330796.45,32.796,31.460,34.070,0.8025,0.8100,0.7988,0.8000,0.7988,0.8013,1.5025,1.5012,1.8013,1.7963,3.3138,1.2000,1.1013,0.0037,0.8775,1.2025,1.4950,-1.9982,4.7466,0.1110,0.0752,0.1673,0.3654,1.5386,0.1096,0.1441,0.0117,0.0232,0.5466,1.1673,-0.0000,0.1876,0.1714,0.0030,7.3703
1786330797.45,32.750,31.937,34.070,0.8037,0.8100,0.8000,0.8013,0.7975,0.8013,1.5025,1.5000,1.8000,1.7950,3.3163,1.2000,1.1013,0.0050,0.8788,1.2025,1.4938,-1.6638,4.7628,0.1156,0.0753,0.1663,0.3698,1.5348,0.1095,0.1440,0.0126,0.0232,0.5478,1.1657,-0.0000,0.1889,0.1714,0.0030,7.7268
1786330798.45,32.750,31.343,34.070,0.8037,0.8087,0.7988,0.8013,0.7988,0.8013,1.5025,1.5000,1.8037,1.7963,3.3138,1.2000,1.1013,0.0037,0.8788,1.2025,1.4938,-1.3503,4.7352,0.1154,0.0753,0.1665,0.3670,1.5280,0.1103,0.1452,0.0117,0.0249,0.5466,1.1651,-0.0000,0.1889,0.1684,0.0030,8.0012
1786330799.45,32.789,31.375,34.070,0.8037,0.8100,0.8000,0.8000,0.7988,0.8000,1.5038,1.5000,1.8000,1.7963,3.3150,1.2000,1.1013,0.0037,0.8775,1.2025,1.4938,-1.1574,4.7466,0.1124,0.0752,0.1669,0.3740,1.5331,0.1095,0.1440,0.0135,0.0249,0.5448,1.1662,-0.0000,0.1887,0.1714,0.0037,8.2174
1786330800.45,32.765,31.523,34.070,0.8037,0.8087,0.7988,0.8000,0.8000,0.8000,1.5025,1.5000,1.8013,1.7963,3.3150,1.2000,1.1000,0.0025,0.8775,1.2025,1.4963,-1.3985,4.7393,0.1190,0.0752,0.1672,0.3656,1.5318,0.1110,0.1450,0.0117,0.0232,0.5484,1.1643,0.0000,0.1898,0.1714,0.0015,7.9658
1786330801.45,32.937,31.468,34.070,0.8037,0.8087,0.7988,0.8000,0.7988,0.8013,1.5025,1.4988,1.8013,1.7963,3.3163,1.1987,1.1000,0.0037,0.8775,1.2025,1.4938,-1.4950,4.7312,0.1150,0.0752,0.1673,0.3654,1.5310,0.1102,0.1432,0.0117,0.0249,0.5466,1.1633,-0.0000,0.1887,0.1699,0.0030,7.8515
1786330802.45,33.203,31.492,34.070,0.8037,0.8087,0.8000,0.8013,0.7975,0.8013,1.5025,1.5012,1.8013,1.7963,3.3163,1.2000,1.1025,0.0037,0.8788,1.2038,1.4938,-1.6397,4.7352,0.1204,0.0753,0.1663,0.3558,1.5423,0.1111,0.1441,0.0126,0.0232,0.5472,1.1675,-0.0000,0.1889,0.1700,0.0030,7.7233
1786330803.45,32.851,31.437,34.070,0.8037,0.8087,0.7988,0.8000,0.7988,0.8013,1.5025,1.4988,1.8025,1.7950,3.3150,1.2000,1.1013,0.0037,0.8775,1.2038,1.4938,-1.8084,4.7393,0.1142,0.0752,0.1669,0.3706,1.5318,0.1102,0.1433,0.0126,0.0232,0.5472,1.1668,-0.0000,0.1876,0.1700,0.0022,7.5526
1786330804.45,32.914,31.539,34.070,0.8037,0.8087,0.7988,0.8013,0.7975,0.8013,1.5038,1.5012,1.8013,1.7950,3.3150,1.2000,1.1013,0.0037,0.8788,1.2038,1.4938,-1.0851,4.7352,0.1170,0.0753,0.1667,0.3726,1.5428,0.1103,0.1432,0.0126,0.0249,0.5466,1.1651,-0.0000,0.1889,0.1730,0.0022,8.2915
1786330805.45,32.976,31.773,34.070,0.8025,0.8087,0.7988,0.8013,0.7988,0.8025,1.5025,1.5000,1.8025,1.7963,3.3150,1.2000,1.1025,0.0025,0.8775,1.2038,1.4938,-1.3723,4.7312,0.1138,0.0757,0.1669,0.3683,1.5318,0.1110,0.1433,0.0117,0.0232,0.5496,1.1670,-0.0000,0.1876,0.1730,0.0030,7.9849
1786330806.45,33.062,31.585,34.070,0.8037,0.8100,0.7988,0.8000,0.7988,0.8000,1.5025,1.5012,1.8013,1.7975,3.3138,1.2012,1.1013,0.0025,0.8775,1.2025,1.4938,-1.3985,4.7304,0.1130,0.0752,0.1669,0.3704,1.5393,0.1103,0.1441,0.0126,0.0232,0.5472,1.1657,-0.0000,0.1876,0.1714,0.0022,7.9610
1786330807.45,32.984,31.265,34.070,0.8037,0.8087,0.8000,0.8013,0.7988,0.8000,1.5025,1.5000,1.8013,1.7963,3.3150,1.2012,1.1013,0.0025,0.8788,1.2025,1.4950,-1.5673,4.7474,0.1140,0.0753,0.1669,0.3656,1.5371,0.1118,0.1432,0.0117,0.0249,0.5454,1.1657,-0.0000,0.1878,0.1699,0.0030,7.8022
1786330808.45,33.382,31.476,34.070,0.8037,0.8087,0.7988,0.8000,0.7988,0.8013,1.5025,1.5000,1.8025,1.7950,3.3150,1.2000,1.1013,0.0037,0.8775,1.2038,1.4938,-1.3021,4.7433,0.1174,0.0752,0.1665,0.3634,1.5288,0.1095,0.1451,0.0117,0.0232,0.5460,1.1651,-0.0000,0.1898,0.1715,0.0030,8.0574
1786330809.45,33.132,31.625,34.070,0.8037,0.8087,0.7975,0.8000,0.8000,0.8000,1.5038,1.5000,1.8013,1.7963,3.3150,1.2000,1.1013,0.0037,0.8762,1.2025,1.4938,-0.5787,4.7312,0.1180,0.0756,0.1672,0.3656,1.5338,0.1095,0.1441,0.0117,0.0232,0.5460,1.1662,-0.0000,0.1895,0.1699,0.0030,8.7758
1786330810.45,33.203,31.460,34.070,0.8025,0.8087,0.7988,0.8013,0.7988,0.8000,1.5025,1.5000,1.8013,1.7963,3.3150,1.1987,1.1000,0.0025,0.8788,1.2025,1.4950,-1.7093,4.7757,0.1130,0.0753,0.1669,0.5196,1.5423,0.1118,0.1432,0.0117,0.0232,0.6953,1.1643,-0.0000,0.1889,0.1729,0.0037,7.9985
1786330811.45,33.179,31.640,34.070,0.8037,0.8087,0.8000,0.8000,0.7988,0.8000,1.5025,1.5000,1.8000,1.7963,3.3138,1.2012,1.1013,0.0037,0.8788,1.2025,1.4950,-1.5673,4.7352,0.1164,0.0752,0.1665,0.3624,1.5333,0.1110,0.1440,0.0126,0.0232,0.5472,1.1657,-0.0000,0.1867,0.1714,0.0030,7.7864
1786330812.45,33.210,32.039,34.070,0.8037,0.8087,0.8000,0.8013,0.7975,0.8013,1.5025,1.5000,1.8025,1.7963,3.3138,1.1987,1.1013,0.0050,0.8775,1.2025,1.4938,-1.4709,4.7555,0.1108,0.0757,0.1663,0.3706,1.5326,0.1110,0.1433,0.0117,0.0249,0.5472,1.1662,-0.0000,0.1887,0.1699,0.0030,7.9063
1786330813.45,33.046,31.429,34.070,0.8037,0.8087,0.7988,0.8000,0.8000,0.8025,1.5012,1.4988,1.8000,1.7963,3.3150,1.2000,1.1013,0.0037,0.8775,1.2038,1.4925,-1.4709,4.7514,0.1130,0.0756,0.1668,0.3760,1.5403,0.1102,0.1431,0.0135,0.0232,0.5460,1.1668,-0.0000,0.1876,0.1730,0.0037,7.9193
1786330814.45,33.132,31.601,34.070,0.8037,0.8087,0.8000,0.7988,0.7988,0.8013,1.5025,1.4988,1.7988,1.7950,3.3163,1.2000,1.1000,0.0037,0.8788,1.2025,1.4938,-1.3985,4.7514,0.1140,0.0751,0.1665,0.3670,1.5318,0.1094,0.1448,0.0117,0.0232,0.5454,1.1643,-0.0000,0.1889,0.1714,0.0030,7.9694
1786330815.45,33.179,31.687,34.070,0.8037,0.8087,0.7988,0.8013,0.7975,0.8000,1.5025,1.5000,1.8025,1.7963,3.3150,1.2012,1.1000,0.0050,0.8775,1.2038,1.4938,-1.6155,4.7271,0.1150,0.0753,0.1667,0.3584,1.5386,0.1103,0.1433,0.0117,0.0215,0.5478,1.1655,-0.0000,0.1876,0.1715,0.0045,7.7291
1786330816.45,33.000,31.539,34.070,0.8037,0.8100,0.7988,0.8013,0.7988,0.8000,1.5025,1.5000,1.8013,1.7963,3.3150,1.2012,1.1013,0.0037,0.8775,1.2025,1.4938,-1.6638,4.7385,0.1118,0.0757,0.1669,0.3632,1.5363,0.1110,0.1432,0.0108,0.0249,0.5478,1.1662,0.0000,0.1876,0.1714,0.0030,7.6945
1786330817.45,32.968,31.468,34.070,0.8050,0.8087,0.8000,0.8000,0.7988,0.8000,1.5025,1.5000,1.8000,1.7950,3.3150,1.2000,1.1000,0.0025,0.8775,1.2025,1.4938,-2.0045,4.7231,0.1136,0.0752,0.1673,0.3636,1.5310,0.1103,0.1440,0.0126,0.0232,0.5484,1.1655,-0.0000,0.1898,0.1714,0.0030,7.3374
1786330818.45,32.968,31.500,34.070,0.8037,0.8087,0.7975,0.8013,0.7988,0.8013,1.5012,1.5000,1.8000,1.7963,3.3138,1.2012,1.1013,0.0050,0.8775,1.2025,1.4938,-2.1942,4.7393,0.1156,0.0753,0.1669,0.3658,1.5425,0.1103,0.1431,0.0126,0.0249,0.5466,1.1657,-0.0000,0.1887,0.1714,0.0030,7.1772
1786330819.45,33.257,31.757,34.070,0.8037,0.8075,0.8000,0.8000,0.7988,0.8013,1.5025,1.4988,1.8000,1.7963,3.3150,1.2012,1.1013,0.0037,0.8775,1.2025,1.4938,-2.0254,4.7400,0.1132,0.0756,0.1669,0.3710,1.5326,0.1094,0.1449,0.0126,0.0232,0.5460,1.1657,-0.0000,0.1887,0.1714,0.0030,7.3386
1786330820.45,33.015,31.562,34.070,0.8037,0.8087,0.8000,0.8013,0.7988,0.8025,1.5025,1.5000,1.8000,1.7963,3.3138,1.2012,1.1025,0.0037,0.8788,1.2025,1.4950,-1.6879,4.7312,0.1152,0.0757,0.1669,0.3712,1.5341,0.1110,0.1440,0.0126,0.0232,0.5466,1.1681,-0.0000,0.1878,0.1714,0.0030,7.6740
1786330821.45,33.726,31.937,34.070,0.8025,0.8100,0.7988,0.8013,0.7988,0.8013,1.5025,1.4988,1.8013,1.7950,3.3150,1.2012,1.1013,0.0037,0.8775,1.2025,1.4938,-1.8056,4.7426,0.1142,0.0753,0.1673,0.3638,1.5310,0.1102,0.1432,0.0126,0.0232,0.5466,1.1673,-0.0000,0.1909,0.1699,0.0030,7.5553
1786330822.45,33.031,31.828,34.070,0.8037,0.8087,0.8000,0.8000,0.7988,0.8013,1.5025,1.5012,1.8000,1.7950,3.3150,1.2000,1.1013,0.0037,0.8788,1.2025,1.4950,-1.3021,4.7474,0.1132,0.0756,0.1669,0.3694,1.5295,0.1111,0.1449,0.0126,0.0249,0.5472,1.1657,-0.0000,0.1900,0.1714,0.0037,8.0714
1786330823.45,33.500,31.984,34.070,0.8037,0.8100,0.8000,0.8000,0.7975,0.8013,1.5012,1.5000,1.8013,1.7963,3.3150,1.2012,1.1025,0.0037,0.8775,1.2038,1.4938,-1.3985,4.7547,0.1148,0.0748,0.1667,0.3658,1.5365,0.1110,0.1441,0.0117,0.0232,0.5460,1.1670,-0.0000,0.1876,0.1715,0.0030,7.9798
1786330824.45,33.390,31.468,34.070,0.8037,0.8087,0.8000,0.8013,0.7988,0.8013,1.5025,1.5012,1.8013,1.7963,3.3138,1.2000,1.1013,0.0050,0.8775,1.2038,1.4950,-1.8084,4.7474,0.1148,0.0761,0.1669,0.3646,1.5408,0.1118,0.1441,0.0126,0.0232,0.5472,1.1657,-0.0000,0.1887,0.1715,0.0030,7.5699
1786330825.45,33.421,31.687,34.070,0.8037,0.8087,0.8000,0.8000,0.7988,0.8013,1.5025,1.5000,1.8013,1.7963,3.3150,1.2000,1.1013,0.0037,0.8775,1.2025,1.4925,-1.2780,4.7352,0.1116,0.0752,0.1669,0.3662,1.5341,0.1103,0.1432,0.0126,0.0232,0.5478,1.1657,-0.0000,0.1887,0.1699,0.0022,8.0747
1786330826.45,33.039,31.554,34.070,0.8037,0.8100,0.8000,0.7988,0.7988,0.8013,1.5025,1.5000,1.8000,1.7963,3.3163,1.2000,1.1013,0.0037,0.8788,1.2025,1.4938,-2.2184,4.7426,0.1156,0.0747,0.1669,0.3706,1.5461,0.1103,0.1449,0.0117,0.0232,0.5472,1.1662,-0.0000,0.1878,0.1729,0.0030,7.1652
1786330827.45,33.296,31.695,34.070,0.8050,0.8075,0.8000,0.8000,0.7988,0.8013,1.5012,1.5000,1.8013,1.7963,3.3138,1.2000,1.1013,0.0050,0.8775,1.2025,1.4938,-1.4490,4.7279,0.1164,0.0752,0.1669,0.3714,1.5328,0.1088,0.1432,0.0135,0.0249,0.5466,1.1657,-0.0000,0.1887,0.1744,0.0030,7.9102
1786330828.45,33.085,32.328,34.070,0.8037,0.8087,0.7975,0.8000,0.7988,0.8013,1.5025,1.5000,1.8025,1.7975,3.3150,1.2000,1.1013,0.0037,0.8788,1.2025,1.4938,-1.5191,4.7474,0.1128,0.0752,0.1673,0.3654,1.5461,0.1103,0.1442,0.0126,0.0232,0.5478,1.1657,-0.0000,0.1900,0.1714,0.0030,7.8632
1786330829.45,32.914,31.445,34.070,0.8037,0.8087,0.8000,0.8000,0.7975,0.8013,1.5025,1.4988,1.8025,1.7963,3.3150,1.2000,1.1025,0.0050,0.8788,1.2025,1.4938,-1.4468,4.7352,0.1184,0.0756,0.1671,0.3710,1.5341,0.1102,0.1442,0.0117,0.0249,0.5460,1.1664,-0.0000,0.1878,0.1699,0.0037,7.9193
1786330830.45,33.281,31.765,34.070,0.8037,0.8087,0.7988,0.8000,0.7988,0.8013,1.5012,1.5000,1.8013,1.7975,3.3138,1.1987,1.1025,0.0025,0.8788,1.2038,1.4950,-1.7120,4.7352,0.1134,0.0756,0.1665,0.3630,1.5275,0.1095,0.1441,0.0126,0.0232,0.5466,1.1670,-0.0000,0.1889,0.1700,0.0030,7.6342
1786330831.45,33.171,31.609,34.070,0.8037,0.8075,0.8000,0.8000,0.7988,0.8000,1.5012,1.5000,1.8013,1.7963,3.3150,1.2012,1.1013,0.0037,0.8788,1.2025,1.4938,-1.7602,4.7279,0.1124,0.0752,0.1669,0.3712,1.5418,0.1103,0.1450,0.0126,0.0232,0.5472,1.1668,-0.0000,0.1889,0.1714,0.0037,7.6042
1786330832.45,33.054,31.531,34.070,0.8037,0.8087,0.7988,0.8013,0.7988,0.8000,1.5012,1.5000,1.8025,1.7963,3.3150,1.2000,1.1013,0.0037,0.8788,1.2025,1.4938,-1.2297,4.7352,0.1158,0.0753,0.1669,0.3644,1.5305,0.1103,0.1433,0.0108,0.0265,0.5466,1.1657,-0.0000,0.1900,0.1714,0.0030,8.1260
1786330833.45,33.328,31.328,34.070,0.8025,0.8087,0.7988,0.8000,0.7988,0.8013,1.5025,1.4988,1.8013,1.7963,3.3138,1.2000,1.1013,0.0037,0.8788,1.2025,1.4938,-1.4445,4.7393,0.1130,0.0752,0.1673,0.3702,1.5326,0.1102,0.1432,0.0126,0.0249,0.5460,1.1657,-0.0000,0.1889,0.1714,0.0030,7.9188
1786330834.45,33.468,31.742,34.070,0.8037,0.8075,0.7988,0.8013,0.7988,0.8013,1.5025,1.5000,1.8013,1.7963,3.3150,1.2000,1.1013,0.0037,0.8775,1.2025,1.4938,-1.6879,4.7198,0.1146,0.0753,0.1669,0.3578,1.5438,0.1110,0.1432,0.0117,0.0249,0.5466,1.1668,-0.0000,0.1887,0.1714,0.0030,7.6575
1786330835.45,33.265,32.078,34.070,0.8037,0.8087,0.7988,0.8000,0.7988,0.8000,1.5025,1.5000,1.8025,1.7950,3.3150,1.2000,1.1013,0.0025,0.8775,1.2025,1.4938,-1.2297,4.7514,0.1142,0.0752,0.1673,0.3632,1.5341,0.1103,0.1442,0.0117,0.0265,0.5484,1.1662,-0.0000,0.1898,0.1714,0.0030,8.1470
1786330836.45,33.375,31.421,34.070,0.8025,0.8087,0.7975,0.8013,0.7988,0.8013,1.5025,1.5012,1.7988,1.7950,3.3150,1.2012,1.1013,0.0037,0.8788,1.2012,1.4938,-1.0593,4.7352,0.1113,0.0753,0.1669,0.5889,1.5431,0.1103,0.1439,0.0117,0.0249,0.5490,1.1668,0.0000,0.1889,0.1697,0.0022,8.5288
1786330837.45,33.320,31.617,34.078,0.8050,0.8087,0.8000,0.8013,0.8000,0.8013,1.5025,1.4988,1.8013,1.7950,3.3150,1.2000,1.1013,0.0037,0.8788,1.2025,1.4938,-1.3524,4.7312,0.1176,0.0753,0.1676,0.3714,1.5386,0.1102,0.1441,0.0126,0.0249,0.5538,1.1662,-0.0000,0.1889,0.1684,0.0030,8.0212
1786330838.46,33.328,31.640,34.078,0.8037,0.8087,0.7988,0.8000,0.7975,0.8013,1.5012,1.5000,1.8013,1.7963,3.3138,1.2000,1.1013,0.0037,0.8775,1.2025,1.4950,-1.5673,4.7352,0.1142,0.0756,0.1671,0.3662,1.5328,0.1103,0.1432,0.0126,0.0232,0.5478,1.1668,-0.0000,0.1887,0.1729,0.0030,7.7921
1786330839.46,33.375,31.468,34.085,0.8037,0.8087,0.8000,0.8000,0.8000,0.8013,1.5038,1.5012,1.8025,1.7963,3.3138,1.2012,1.1013,0.0025,0.8788,1.2025,1.4938,-1.2297,4.7474,0.1160,0.0752,0.1668,0.3750,1.5474,0.1118,0.1442,0.0117,0.0265,0.5460,1.1668,0.0000,0.1889,0.1714,0.0030,8.1682
1786330840.46,33.125,31.625,34.085,0.8037,0.8087,0.8000,0.8000,0.7988,0.8013,1.5025,1.5000,1.8000,1.7950,3.3138,1.2000,1.1013,0.0050,0.8788,1.2025,1.4925,-2.0254,4.7393,0.1152,0.0756,0.1673,0.3666,1.5348,0.1110,0.1422,0.0117,0.0232,0.5472,1.1657,-0.0000,0.1878,0.1729,0.0022,7.3372
1786330841.46,33.726,31.726,34.085,0.8025,0.8087,0.8000,0.8013,0.7988,0.8000,1.5012,1.4988,1.8025,1.7963,3.3150,1.1987,1.1025,0.0037,0.8788,1.2025,1.4950,-1.1315,4.7474,0.1160,0.0757,0.1665,0.3656,1.5410,0.1094,0.1442,0.0126,0.0215,0.5460,1.1670,-0.0000,0.1900,0.1699,0.0022,8.2436
1786330842.46,33.203,31.523,34.085,0.8037,0.8075,0.8000,0.8000,0.7988,0.8013,1.5012,1.5000,1.8013,1.7963,3.3150,1.2000,1.1025,0.0037,0.8775,1.2025,1.4938,-1.5673,4.7360,0.1132,0.0756,0.1669,0.3618,1.5328,0.1103,0.1441,0.0117,0.0249,0.5460,1.1670,-0.0000,0.1887,0.1714,0.0030,7.7858
1786330843.46,33.031,31.703,34.195,0.8037,0.8100,0.8000,0.7988,0.7988,0.8000,1.5025,1.4988,1.8025,1.7963,3.3138,1.2012,1.1013,0.0050,0.8788,1.2025,1.4950,-1.8808,4.7426,0.1164,0.0751,0.1673,0.3708,1.5310,0.1102,0.1433,0.0126,0.0232,0.5520,1.1651,-0.0000,0.1900,0.1729,0.0030,7.4946
1786330844.46,33.234,31.945,34.195,0.8037,0.8100,0.8000,0.8013,0.7988,0.8013,1.5012,1.4988,1.8025,1.7963,3.3138,1.2012,1.1025,0.0025,0.8775,1.2038,1.4938,-1.4950,4.7426,0.1184,0.0753,0.1669,0.3738,1.5320,0.1109,0.1433,0.0117,0.0249,0.5478,1.1670,-0.0000,0.1887,0.1700,0.0037,7.8820
1786330845.46,33.000,32.054,34.195,0.8037,0.8087,0.8000,0.8000,0.7988,0.8013,1.5025,1.5000,1.8013,1.7963,3.3138,1.2012,1.1013,0.0050,0.8775,1.2038,1.4938,-1.9049,4.7312,0.1112,0.0752,0.1673,0.3674,1.5363,0.1110,0.1450,0.0144,0.0232,0.5484,1.1668,-0.0000,0.1909,0.1730,0.0030,7.4593
1786330846.46,33.218,31.921,34.195,0.8037,0.8087,0.7988,0.8000,0.7975,0.8000,1.5025,1.5000,1.8000,1.7950,3.3150,1.2000,1.1013,0.0037,0.8775,1.2038,1.4950,-1.5673,4.7271,0.1134,0.0756,0.1671,0.3712,1.5348,0.1103,0.1431,0.0108,0.0215,0.5478,1.1668,-0.0000,0.1898,0.1715,0.0030,7.7865
1786330847.46,33.437,31.992,34.195,0.8037,0.8087,0.8000,0.8013,0.7988,0.8013,1.5012,1.5000,1.8025,1.7975,3.3138,1.2000,1.1000,0.0037,0.8775,1.2025,1.4938,-1.0127,4.7393,0.1124,0.0757,0.1673,0.3618,1.5433,0.1110,0.1433,0.0126,0.0215,0.5466,1.1643,-0.0000,0.1876,0.1714,0.0030,8.3483
1786330848.46,33.070,31.726,34.195,0.8037,0.8075,0.7988,0.8000,0.7988,0.8000,1.5012,1.4988,1.8037,1.7950,3.3138,1.2000,1.1013,0.0037,0.8788,1.2038,1.4938,-1.3262,4.7441,0.1178,0.0752,0.1673,0.3644,1.5305,0.1102,0.1434,0.0117,0.0232,0.5472,1.1673,-0.0000,0.1911,0.1715,0.0030,8.0417
1786330849.46,33.375,31.765,34.195,0.8037,0.8100,0.7988,0.8000,0.7988,0.8013,1.5038,1.5000,1.8013,1.7950,3.3163,1.2000,1.1013,0.0025,0.8775,1.2025,1.4950,-1.2538,4.7588,0.1122,0.0756,0.1673,0.3674,1.5391,0.1118,0.1441,0.0126,0.0232,0.5484,1.1662,-0.0000,0.1876,0.1714,0.0015,8.1332
1786330850.46,33.554,32.023,34.195,0.8037,0.8087,0.7988,0.8000,0.8000,0.8013,1.5012,1.4988,1.8013,1.7963,3.3150,1.2000,1.1013,0.0037,0.8788,1.2025,1.4938,-2.1219,4.7312,0.1126,0.0752,0.1676,0.3702,1.5418,0.1102,0.1432,0.0126,0.0249,0.5484,1.1662,-0.0000,0.1878,0.1714,0.0030,7.2443
1786330851.46,33.179,31.460,34.195,0.8037,0.8075,0.7975,0.8000,0.7988,0.8000,1.5025,1.5000,1.8013,1.7963,3.3150,1.2000,1.1013,0.0037,0.8788,1.2025,1.4938,-1.7120,4.7400,0.1132,0.0752,0.1673,0.3708,1.5341,0.1095,0.1441,0.0117,0.0232,0.5484,1.1662,-0.0000,0.1900,0.1729,0.0037,7.6584
1786330852.46,33.554,31.875,34.195,0.8037,0.8087,0.8000,0.8013,0.7975,0.8013,1.5012,1.4988,1.8013,1.7950,3.3150,1.2000,1.1013,0.0037,0.8788,1.2025,1.4950,-1.3503,4.7393,0.1132,0.0753,0.1663,0.3570,1.5433,0.1109,0.1432,0.0126,0.0232,0.5502,1.1657,-0.0000,0.1900,0.1699,0.0030,8.0126
1786330853.46,33.375,31.718,34.195,0.8050,0.8087,0.8000,0.8000,0.7975,0.8013,1.5025,1.5000,1.8013,1.7963,3.3150,1.2000,1.1013,0.0037,0.8775,1.2025,1.4938,-1.8354,4.7433,0.1112,0.0756,0.1667,0.3590,1.5326,0.1103,0.1441,0.0135,0.0232,0.5484,1.1668,-0.0000,0.1898,0.1729,0.0037,7.5255
1786330854.46,33.750,31.570,34.195,0.8025,0.8100,0.7988,0.8013,0.7988,0.8025,1.5025,1.5000,1.8013,1.7963,3.3150,1.2000,1.1013,0.0037,0.8775,1.2038,1.4938,-2.0945,4.7345,0.1146,0.0757,0.1669,0.3667,1.5295,0.1103,0.1441,0.0126,0.0249,0.5472,1.1662,-0.0000,0.1887,0.1730,0.0022,7.2626
1786330855.46,33.156,31.687,34.195,0.8037,0.8100,0.7988,0.8013,0.7988,0.8013,1.5012,1.4988,1.8013,1.7963,3.3138,1.2000,1.1013,0.0037,0.8788,1.2025,1.4938,-1.3744,4.7588,0.1162,0.0753,0.1673,0.3646,1.5403,0.1109,0.1441,0.0108,0.0249,0.5460,1.1668,-0.0000,0.1900,0.1699,0.0030,8.0143
1786330856.46,33.335,31.757,34.195,0.8025,0.8100,0.8000,0.8013,0.7988,0.8013,1.5012,1.5012,1.7988,1.7975,3.3138,1.2012,1.1013,0.0037,0.8775,1.2025,1.4938,-1.5890,4.7507,0.1192,0.0757,0.1677,0.3658,1.5328,0.1096,0.1421,0.0126,0.0232,0.5466,1.1668,-0.0000,0.1898,0.1714,0.0030,7.7878
1786330857.46,33.421,31.859,34.195,0.8037,0.8087,0.7988,0.8013,0.7988,0.8000,1.5038,1.5000,1.8013,1.7963,3.3150,1.2000,1.1013,0.0025,0.8788,1.2038,1.4938,-1.9049,4.7393,0.1150,0.0757,0.1669,0.3672,1.5346,0.1103,0.1441,0.0126,0.0215,0.5502,1.1673,-0.0000,0.1878,0.1715,0.0030,7.4622
1786330858.46,33.281,31.671,34.195,0.8050,0.8100,0.8000,0.8000,0.7988,0.8013,1.5025,1.5000,1.8013,1.7963,3.3150,1.1987,1.1013,0.0037,0.8775,1.2025,1.4950,-1.4007,4.7507,0.1136,0.0752,0.1669,0.3690,1.5446,0.1118,0.1441,0.0117,0.0249,0.5484,1.1668,-0.0000,0.1898,0.1714,0.0037,7.9917
1786330859.46,33.257,31.984,34.195,0.8037,0.8087,0.8000,0.8013,0.7988,0.8013,1.5000,1.5000,1.8013,1.7963,3.3138,1.2000,1.1025,0.0025,0.8762,1.2038,1.4938,-1.0368,4.7433,0.1180,0.0757,0.1673,0.3662,1.5300,0.1103,0.1441,0.0126,0.0232,0.5490,1.1670,-0.0000,0.1873,0.1700,0.0030,8.3301
1786330860.46,33.718,31.687,34.195,0.8037,0.8075,0.8013,0.8000,0.8013,0.8013,1.5025,1.4988,1.8000,1.7963,3.3150,1.2012,1.1013,0.0037,0.8788,1.2025,1.4950,-1.3985,4.7360,0.1146,0.0748,0.1675,0.3594,1.5393,0.1109,0.1440,0.0126,0.0232,0.5496,1.1668,-0.0000,0.1889,0.1714,0.0030,7.9633
1786330861.46,33.710,32.039,34.195,0.8037,0.8087,0.7975,0.8000,0.7988,0.8013,1.5038,1.5000,1.8013,1.7963,3.3150,1.2000,1.1025,0.0025,0.8775,1.2012,1.4925,-1.9049,4.7433,0.1144,0.0752,0.1669,0.3658,1.5451,0.1095,0.1441,0.0117,0.0265,0.5526,1.1687,-0.0000,0.1887,0.1697,0.0030,7.4803
1786330862.46,33.484,32.031,34.195,0.8037,0.8087,0.7988,0.8013,0.7988,0.8013,1.5025,1.5000,1.8013,1.7950,3.3150,1.2012,1.1025,0.0025,0.8788,1.2038,1.4938,-1.5191,4.7474,0.1166,0.0761,0.1673,0.3618,1.5348,0.1103,0.1441,0.0117,0.0232,0.5472,1.1687,-0.0000,0.1911,0.1730,0.0030,7.8571
1786330863.46,33.429,31.867,34.203,0.8037,0.8087,0.7988,0.8000,0.7988,0.8013,1.5038,1.5000,1.8013,1.7963,3.3150,1.2012,1.1013,0.0037,0.8788,1.2025,1.4938,-1.4950,4.7393,0.1138,0.0756,0.1669,0.3662,1.5459,0.1110,0.1432,0.0117,0.0232,0.5460,1.1668,-0.0000,0.1878,0.1729,0.0030,7.8782
1786330864.46,33.757,32.187,34.203,0.8037,0.8100,0.8000,0.8013,0.7988,0.8013,1.5025,1.5000,1.8013,1.7975,3.3138,1.2000,1.1000,0.0025,0.8788,1.2025,1.4950,-1.6397,4.7547,0.1144,0.0753,0.1669,0.3626,1.5333,0.1095,0.1432,0.0126,0.0215,0.5460,1.1649,-0.0000,0.1900,0.1729,0.0030,7.7312
1786330865.46,33.359,31.468,34.203,0.8037,0.8100,0.8000,0.8013,0.7988,0.8013,1.5012,1.5000,1.8013,1.7975,3.3150,1.2000,1.1013,0.0037,0.8788,1.2038,1.4938,-1.6397,4.7466,0.1192,0.0757,0.1669,0.3714,1.5305,0.1103,0.1441,0.0126,0.0232,0.5484,1.1662,-0.0000,0.1900,0.1715,0.0037,7.7408
1786330866.46,33.406,31.710,34.203,0.8037,0.8100,0.8000,0.8013,0.8000,0.8013,1.5025,1.5000,1.8013,1.7963,3.3163,1.2000,1.1013,0.0037,0.8775,1.2025,1.4938,-1.9290,4.7547,0.1112,0.0757,0.1676,0.3662,1.5408,0.1110,0.1450,0.0117,0.0232,0.5466,1.1651,-0.0000,0.1898,0.1714,0.0030,7.4539
1786330867.46,33.570,31.726,34.234,0.8037,0.8087,0.7988,0.8013,0.7988,0.8013,1.5025,1.5012,1.8013,1.7963,3.3138,1.1987,1.1013,0.0037,0.8788,1.2038,1.4938,-1.9772,4.7474,0.1126,0.0757,0.1673,0.3678,1.5333,0.1103,0.1432,0.0126,0.0232,0.5454,1.1657,-0.0000,0.1900,0.1715,0.0015,7.3904
1786330868.46,33.671,32.000,34.234,0.8037,0.8087,0.7988,0.8013,0.8000,0.8000,1.5025,1.5000,1.8013,1.7963,3.3150,1.2000,1.1013,0.0050,0.8788,1.2025,1.4938,-2.0496,4.7514,0.1090,0.0757,0.1672,0.3656,1.5356,0.1110,0.1441,0.0117,0.0249,0.5460,1.1662,-0.0000,0.1900,0.1714,0.0022,7.3224
1786330869.46,33.656,31.750,34.257,0.8025,0.8087,0.7988,0.8000,0.7988,0.8013,1.5025,1.4988,1.8013,1.7963,3.3150,1.2012,1.1013,0.0037,0.8775,1.2012,1.4950,-1.8297,4.7555,0.1110,0.0752,0.1673,0.3622,1.5333,0.1117,0.1432,0.0117,0.0232,0.5472,1.1679,-0.0000,0.1865,0.1712,0.0022,7.5394
1786330870.46,33.796,31.703,34.257,0.8050,0.8100,0.7988,0.8013,0.7988,0.8013,1.5025,1.5012,1.8013,1.7963,3.3125,1.2000,1.1000,0.0025,0.8775,1.2025,1.4938,-1.8113,4.7304,0.1146,0.0753,0.1669,0.3690,1.5310,0.1111,0.1432,0.0117,0.0215,0.5484,1.1655,-0.0000,0.1887,0.1729,0.0022,7.5412
1786330871.46,33.398,31.937,34.257,0.8037,0.8100,0.8000,0.8000,0.7988,0.8013,1.5025,1.5012,1.8000,1.7963,3.3150,1.2000,1.1013,0.0037,0.8788,1.2025,1.4938,-1.8567,4.7426,0.1124,0.0756,0.1669,0.3674,1.5356,0.1111,0.1440,0.0117,0.0232,0.5472,1.1668,-0.0000,0.1889,0.1699,0.0022,7.5087
1786330872.46,33.367,32.210,34.257,0.8025,0.8087,0.7988,0.8000,0.7988,0.8013,1.5038,1.5000,1.8013,1.7963,3.3138,1.2000,1.1000,0.0037,0.8788,1.2038,1.4938,-1.8056,4.7433,0.1142,0.0752,0.1669,0.3750,1.5346,0.1110,0.1441,0.0126,0.0232,0.5454,1.1660,-0.0000,0.1878,0.1715,0.0030,7.5682
1786330873.46,33.687,31.789,34.257,0.8025,0.8087,0.8000,0.8000,0.7988,0.8000,1.5025,1.4988,1.8013,1.7963,3.3150,1.2000,1.1000,0.0037,0.8775,1.2025,1.4938,-1.1075,4.7352,0.1168,0.0756,0.1673,0.3716,1.5348,0.1109,0.1450,0.0126,0.0215,0.5478,1.1655,-0.0000,0.1876,0.1714,0.0015,8.2576
1786330874.46,33.601,32.046,34.273,0.8037,0.8087,0.7988,0.8013,0.7988,0.8013,1.5012,1.5000,1.8013,1.7963,3.3150,1.2000,1.1013,0.0050,0.8788,1.2025,1.4950,-1.5673,4.7433,0.1162,0.0753,0.1669,0.3678,1.5433,0.1103,0.1441,0.0126,0.0215,0.5466,1.1673,-0.0000,0.1900,0.1729,0.0030,7.8138
1786330875.46,33.546,32.195,34.273,0.8037,0.8087,0.7988,0.8013,0.7988,0.8000,1.5025,1.5012,1.8013,1.7950,3.3150,1.2012,1.1025,0.0037,0.8775,1.2025,1.4950,-1.4950,4.7635,0.1126,0.0757,0.1669,0.3652,1.5378,0.1096,0.1432,0.0126,0.0249,0.5478,1.1664,-0.0000,0.1898,0.1729,0.0030,7.8969
1786330876.46,33.671,32.078,34.273,0.8037,0.8087,0.7988,0.8000,0.7975,0.8025,1.5025,1.5012,1.8013,1.7963,3.3138,1.2012,1.1013,0.0037,0.8775,1.2038,1.4938,-2.2907,4.7433,0.1118,0.0752,0.1671,0.3639,1.5371,0.1103,0.1441,0.0126,0.0232,0.5478,1.1679,-0.0000,0.1887,0.1730,0.0037,7.0790
1786330877.46,33.906,32.328,34.273,0.8037,0.8075,0.8000,0.8000,0.7975,0.8000,1.5038,1.5000,1.8013,1.7963,3.3150,1.2012,1.1000,0.0037,0.8775,1.2025,1.4938,-1.4950,4.7400,0.1124,0.0752,0.1667,0.3640,1.5466,0.1110,0.1441,0.0117,0.0232,0.5460,1.1649,-0.0000,0.1920,0.1699,0.0030,7.8756
1786330878.46,33.679,31.695,34.328,0.8050,0.8100,0.7988,0.8000,0.7988,0.8000,1.5025,1.5000,1.8013,1.7963,3.3150,1.2000,1.1013,0.0037,0.8788,1.2025,1.4950,-1.1834,4.7588,0.1158,0.0756,0.1673,0.3624,1.5363,0.1103,0.1441,0.0117,0.0232,0.5772,1.1662,-0.0000,0.1900,0.1714,0.0022,8.2291
1786330879.46,33.593,32.054,34.328,0.8037,0.8100,0.7988,0.8000,0.8000,0.8013,1.5025,1.5000,1.8013,1.7963,3.3163,1.2000,1.1000,0.0050,0.8788,1.2025,1.4950,-1.3503,4.7547,0.1162,0.0756,0.1676,0.3782,1.5453,0.1110,0.1432,0.0126,0.0232,0.5466,1.1660,-0.0000,0.1889,0.1714,0.0030,8.0532
1786330880.46,33.726,32.289,34.328,0.8050,0.8087,0.7988,0.8013,0.7988,0.8013,1.5025,1.5000,1.8000,1.7950,3.3150,1.2000,1.1025,0.0037,0.8775,1.2025,1.4950,-1.1109,4.7393,0.1134,0.0757,0.1669,0.3658,1.5348,0.1095,0.1431,0.0126,0.0232,0.5460,1.1687,-0.0000,0.1876,0.1714,0.0030,8.2500
1786330881.46,33.679,32.070,34.328,0.8025,0.8100,0.8000,0.8013,0.7988,0.8013,1.5025,1.5000,1.8013,1.7963,3.3150,1.2000,1.1025,0.0050,0.8788,1.2025,1.4938,-1.3001,4.7588,0.1212,0.0753,0.1673,0.3630,1.5326,0.1088,0.1441,0.0117,0.0249,0.5484,1.1681,-0.0000,0.1900,0.1714,0.0030,8.0883
1786330882.46,33.460,31.609,34.328,0.8037,0.8087,0.7988,0.8000,0.7988,0.8013,1.5025,1.5012,1.8013,1.7975,3.3138,1.2000,1.1013,0.0037,0.8788,1.2025,1.4938,-2.0254,4.7433,0.1138,0.0756,0.1673,0.3662,1.5333,0.1111,0.1441,0.0126,0.0232,0.5472,1.1668,-0.0000,0.1900,0.1729,0.0022,7.3442
1786330883.46,33.234,31.937,34.328,0.8050,0.8100,0.7988,0.8000,0.7988,0.8013,1.5025,1.5000,1.8013,1.7963,3.3150,1.2000,1.1000,0.0025,0.8775,1.2038,1.4950,-1.8354,4.7507,0.1094,0.0748,0.1673,0.3782,1.5348,0.1095,0.1432,0.0126,0.0232,0.5460,1.1655,0.0000,0.1909,0.1715,0.0022,7.5444
1786330884.46,33.500,31.984,34.335,0.8025,0.8087,0.8000,0.8000,0.7988,0.8013,1.5025,1.5012,1.8013,1.7963,3.3163,1.2012,1.1013,0.0050,0.8775,1.2025,1.4950,-1.8778,4.7514,0.1188,0.0756,0.1669,0.3710,1.5363,0.1111,0.1450,0.0108,0.0232,0.5484,1.1657,-0.0000,0.1887,0.1684,0.0030,7.5063
1786330885.46,33.953,31.921,34.335,0.8050,0.8075,0.7988,0.8013,0.7988,0.8025,1.5025,1.5000,1.8013,1.7963,3.3150,1.2012,1.1013,0.0037,0.8788,1.2038,1.4938,-1.3766,4.7360,0.1134,0.0757,0.1669,0.3687,1.5438,0.1110,0.1441,0.0117,0.0249,0.5478,1.1657,-0.0000,0.1900,0.1700,0.0022,7.9955
1786330886.46,33.679,32.054,34.335,0.8037,0.8100,0.7988,0.8013,0.7988,0.8013,1.5025,1.5000,1.8013,1.7963,3.3163,1.2000,1.1025,0.0037,0.8788,1.2038,1.4950,-1.3021,4.7466,0.1150,0.0757,0.1669,0.3718,1.5386,0.1110,0.1441,0.0126,0.0265,0.5472,1.1687,-0.0000,0.1889,0.1715,0.0037,8.0868
1786330887.46,33.750,32.039,34.359,0.8050,0.8100,0.8000,0.8000,0.7975,0.8025,1.5012,1.5000,1.8025,1.7963,3.3150,1.2000,1.1013,0.0037,0.8775,1.2038,1.4938,-1.6422,4.7547,0.1164,0.0756,0.1667,0.3667,1.5343,0.1110,0.1442,0.0135,0.0232,0.5484,1.1673,-0.0000,0.1865,0.1715,0.0030,7.7408
1786330888.46,33.421,31.671,34.359,0.8037,0.8087,0.7988,0.8013,0.7975,0.8013,1.5025,1.4988,1.8000,1.7975,3.3138,1.2012,1.1013,0.0025,0.8788,1.2025,1.4938,-2.0254,4.7555,0.1138,0.0757,0.1675,0.3674,1.5468,0.1102,0.1431,0.0108,0.0249,0.5508,1.1668,-0.0000,0.1911,0.1714,0.0030,7.3731
1786330889.46,33.593,32.054,34.421,0.8037,0.8087,0.7988,0.8000,0.7988,0.8013,1.5025,1.4988,1.8013,1.7950,3.3138,1.2000,1.1013,0.0037,0.8775,1.2038,1.4950,-1.3985,4.7271,0.1174,0.0756,0.1673,0.3666,1.5348,0.1094,0.1441,0.0126,0.0232,0.5526,1.1657,-0.0000,0.1909,0.1715,0.0030,7.9633
1786330890.46,33.781,31.875,34.429,0.8025,0.8075,0.7988,0.8000,0.8000,0.8013,1.5025,1.5000,1.8000,1.7950,3.3150,1.2012,1.1013,0.0050,0.8775,1.2025,1.4925,-1.2760,4.7441,0.1182,0.0756,0.1676,0.3698,1.5453,0.1095,0.1431,0.0126,0.0232,0.5532,1.1668,-0.0000,0.1909,0.1714,0.0015,8.1166
1786330891.46,33.750,31.960,34.429,0.8037,0.8087,0.8000,0.8000,0.7988,0.8013,1.5025,1.5000,1.8000,1.7950,3.3138,1.2000,1.1000,0.0037,0.8788,1.2025,1.4950,-1.3985,4.7433,0.1224,0.0756,0.1673,0.3702,1.5386,0.1103,0.1440,0.0117,0.0249,0.5478,1.1643,-0.0000,0.1911,0.1714,0.0030,7.9873
1786330892.46,33.421,31.984,34.429,0.8037,0.8087,0.7988,0.8000,0.7988,0.8013,1.5038,1.5000,1.8013,1.7963,3.3138,1.2000,1.1025,0.0037,0.8775,1.2025,1.4938,-2.2425,4.7474,0.1178,0.0752,0.1673,0.3698,1.5316,0.1103,0.1441,0.0126,0.0232,0.5520,1.1681,-0.0000,0.1887,0.1714,0.0037,7.1406
1786330893.46,33.867,32.398,34.476,0.8037,0.8087,0.8000,0.7988,0.7975,0.8013,1.5025,1.4988,1.8013,1.7963,3.3150,1.2000,1.1013,0.0037,0.8788,1.2025,1.4950,-1.9290,4.7352,0.1188,0.0755,0.1671,0.3734,1.5341,0.1102,0.1432,0.0126,0.0232,0.5478,1.1662,-0.0000,0.1900,0.1699,0.0022,7.4403
1786330894.46,33.742,31.648,34.476,0.8037,0.8100,0.8000,0.8000,0.7988,0.8013,1.5025,1.5000,1.8013,1.7963,3.3150,1.2000,1.1013,0.0037,0.8775,1.2025,1.4938,-1.4950,4.7507,0.1120,0.0752,0.1673,0.3662,1.5356,0.1095,0.1432,0.0117,0.0232,0.5490,1.1668,-0.0000,0.1898,0.1714,0.0022,7.8786
1786330895.46,33.437,32.054,34.476,0.8025,0.8100,0.7988,0.8000,0.7988,0.8013,1.5025,1.5000,1.8013,1.7963,3.3150,1.1987,1.1013,0.0037,0.8788,1.2025,1.4938,-1.3963,4.7507,0.1154,0.0756,0.1673,0.3714,1.5363,0.1110,0.1441,0.0126,0.0232,0.5454,1.1662,0.0000,0.1900,0.1729,0.0015,7.9873
1786330896.46,33.835,32.359,34.476,0.8025,0.8100,0.8000,0.8000,0.7975,0.8013,1.5025,1.5000,1.8000,1.7963,3.3150,1.2012,1.1013,0.0037,0.8788,1.2025,1.4938,-1.6130,4.7345,0.1152,0.0752,0.1671,0.3634,1.5416,0.1110,0.1440,0.0126,0.0249,0.5466,1.1673,-0.0000,0.1900,0.1729,0.0030,7.7560
1786330897.50,33.921,32.054,34.476,0.8013,0.8100,0.7988,0.8000,0.7988,0.8013,1.5025,1.5012,1.8000,1.7950,3.3150,1.1987,1.1025,0.0037,0.8775,1.2025,1.4950,-1.3942,4.7790,0.1154,0.0760,0.1677,0.5312,1.5356,0.1111,0.1440,0.0126,0.0232,0.5472,1.1687,-0.0000,0.1909,0.1729,0.0022,8.1835
1786330898.50,33.570,32.015,34.476,0.8037,0.8087,0.7988,0.8013,0.7988,0.8013,1.5025,1.5000,1.8000,1.7975,3.3150,1.2000,1.1013,0.0025,0.8775,1.2038,1.4950,-1.7602,4.7393,0.1102,0.0753,0.1669,0.3441,1.5326,0.1110,0.1440,0.0117,0.0232,0.5466,1.1673,-0.0000,0.1898,0.1700,0.0030,7.5748
1786330899.50,33.515,32.125,34.476,0.8037,0.8100,0.7988,0.8013,0.8000,0.8013,1.5025,1.5012,1.8013,1.7963,3.3138,1.2012,1.1013,0.0025,0.8775,1.2025,1.4938,-1.2056,4.7628,0.1130,0.0757,0.1672,0.3662,1.5333,0.1103,0.1432,0.0126,0.0249,0.5466,1.1668,-0.0000,0.1898,0.1714,0.0037,8.1817
1786330900.50,33.578,32.054,34.476,0.8037,0.8087,0.8000,0.8000,0.7988,0.8013,1.5012,1.5000,1.8013,1.7950,3.3150,1.2000,1.1013,0.0037,0.8775,1.2025,1.4938,-0.9645,4.7433,0.1116,0.0752,0.1673,0.3630,1.5455,0.1103,0.1441,0.0117,0.0232,0.5460,1.1668,-0.0000,0.1909,0.1699,0.0030,8.4071
1786330901.50,33.578,31.890,34.476,0.8037,0.8087,0.7988,0.8000,0.7988,0.8013,1.5025,1.4988,1.8000,1.7963,3.3163,1.2000,1.1025,0.0037,0.8788,1.2025,1.4938,-2.0013,4.7514,0.1130,0.0756,0.1669,0.3718,1.5356,0.1102,0.1440,0.0126,0.0232,0.5460,1.1687,-0.0000,0.1900,0.1714,0.0030,7.3819
1786330902.50,33.460,32.187,34.476,0.8037,0.8087,0.7988,0.8013,0.7975,0.8013,1.5025,1.5000,1.8000,1.7963,3.3150,1.2000,1.1013,0.0050,0.8775,1.2025,1.4950,-1.3985,4.7474,0.1150,0.0757,0.1671,0.3638,1.5341,0.1118,0.1449,0.0135,0.0232,0.5472,1.1657,-0.0000,0.1909,0.1729,0.0030,7.9774
1786330903.50,33.328,32.312,34.476,0.8037,0.8100,0.8000,0.8013,0.7988,0.8000,1.5025,1.5000,1.8013,1.7975,3.3138,1.2000,1.1013,0.0037,0.8788,1.2025,1.4938,-0.9645,4.7466,0.1100,0.0757,0.1669,0.3716,1.5408,0.1095,0.1441,0.0126,0.0232,0.5478,1.1668,-0.0000,0.1911,0.1699,0.0030,8.4151
1786330904.50,33.335,31.867,34.476,0.8037,0.8075,0.8000,0.8013,0.7988,0.8025,1.5025,1.4988,1.8013,1.7963,3.3150,1.2000,1.1025,0.0025,0.8788,1.2038,1.4950,-1.5191,4.7279,0.1180,0.0749,0.1665,0.3655,1.5348,0.1102,0.1441,0.0126,0.0232,0.5466,1.1675,-0.0000,0.1911,0.1730,0.0037,7.8407
1786330905.50,33.859,32.265,34.476,0.8025,0.8087,0.8000,0.8013,0.7988,0.8013,1.5025,1.5000,1.8013,1.7963,3.3163,1.2000,1.1013,0.0037,0.8775,1.2025,1.4950,-1.5649,4.7595,0.1112,0.0761,0.1669,0.3678,1.5356,0.1095,0.1432,0.0126,0.0249,0.5466,1.1657,-0.0000,0.1909,0.1729,0.0022,7.8206
1786330906.50,33.593,32.179,34.476,0.8037,0.8100,0.7988,0.8013,0.7975,0.8013,1.5025,1.5000,1.8013,1.7950,3.3150,1.2012,1.1013,0.0025,0.8788,1.2025,1.4938,-1.0851,4.7426,0.1134,0.0753,0.1671,0.3658,1.5461,0.1095,0.1450,0.0126,0.0249,0.5478,1.1662,-0.0000,0.1922,0.1699,0.0030,8.2961
1786330907.50,33.914,32.132,34.476,0.8037,0.8087,0.8000,0.8000,0.7988,0.8013,1.5025,1.5000,1.8013,1.7963,3.3150,1.2000,1.1013,0.0037,0.8775,1.2025,1.4950,-1.3744,4.7514,0.1144,0.0756,0.1677,0.3718,1.5341,0.1118,0.1432,0.0126,0.0249,0.5472,1.1668,-0.0000,0.1887,0.1714,0.0030,8.0099
1786330908.50,33.601,31.890,34.476,0.8037,0.8075,0.7975,0.8013,0.7988,0.8013,1.5025,1.5000,1.8013,1.7963,3.3138,1.2012,1.1000,0.0037,0.8775,1.2038,1.4950,-1.9049,4.7521,0.1164,0.0757,0.1669,0.3714,1.5378,0.1103,0.1432,0.0126,0.0232,0.5472,1.1660,-0.0000,0.1887,0.1700,0.0022,7.4788
1786330909.50,33.460,31.843,34.476,0.8050,0.8087,0.8000,0.8000,0.7988,0.8025,1.5025,1.4988,1.8000,1.7963,3.3150,1.2000,1.1013,0.0037,0.8775,1.2038,1.4938,-2.0286,4.7312,0.1148,0.0760,0.1673,0.3615,1.5483,0.1102,0.1449,0.0117,0.0249,0.5466,1.1657,0.0000,0.1898,0.1700,0.0030,7.3372
1786330910.50,33.687,32.226,34.476,0.8037,0.8087,0.7975,0.8013,0.7988,0.8013,1.5025,1.5000,1.8013,1.7963,3.3150,1.2000,1.1013,0.0025,0.8788,1.2025,1.4938,-1.2297,4.7312,0.1085,0.0757,0.1673,0.3722,1.5371,0.1110,0.1432,0.0126,0.0232,0.5454,1.1673,-0.0000,0.1900,0.1714,0.0022,8.1285
1786330911.50,33.851,32.039,34.476,0.8037,0.8100,0.7988,0.8000,0.7988,0.8013,1.5038,1.5000,1.8013,1.7963,3.3150,1.2012,1.1025,0.0037,0.8788,1.2025,1.4950,-1.5914,4.7669,0.1142,0.0756,0.1673,0.3666,1.5459,0.1095,0.1450,0.0117,0.0232,0.5472,1.1675,0.0000,0.1889,0.1714,0.0022,7.8116
1786330912.50,33.570,31.914,34.476,0.8025,0.8087,0.7975,0.8013,0.7988,0.8013,1.5012,1.5000,1.8025,1.7963,3.3138,1.2000,1.1000,0.0050,0.8775,1.2038,1.4938,-1.4926,4.7555,0.1113,0.0757,0.1673,0.3682,1.5388,0.1103,0.1442,0.0117,0.0232,0.5460,1.1660,-0.0000,0.1887,0.1700,0.0030,7.8871
1786330913.50,33.531,32.023,34.476,0.8037,0.8075,0.7988,0.8000,0.8000,0.8013,1.5012,1.5000,1.8025,1.7963,3.3138,1.2000,1.1025,0.0025,0.8788,1.2025,1.4925,-1.3262,4.7279,0.1138,0.0752,0.1676,0.3666,1.5320,0.1110,0.1442,0.0126,0.0232,0.5460,1.1681,0.0000,0.1889,0.1699,0.0022,8.0230
1786330914.50,33.429,32.101,34.476,0.8037,0.8100,0.7988,0.8000,0.7975,0.8013,1.5025,1.5000,1.8025,1.7975,3.3150,1.2000,1.1013,0.0037,0.8775,1.2038,1.4938,-1.6397,4.7507,0.1086,0.0752,0.1671,0.3714,1.5498,0.1110,0.1433,0.0126,0.0215,0.5496,1.1673,-0.0000,0.1887,0.1700,0.0030,7.7501
1786330915.50,33.843,32.226,34.492,0.8025,0.8100,0.8000,0.8000,0.7988,0.8013,1.5025,1.5000,1.8013,1.7963,3.3150,1.2000,1.1013,0.0050,0.8788,1.2038,1.4938,-1.5890,4.7507,0.1176,0.0756,0.1669,0.3758,1.5371,0.1103,0.1432,0.0135,0.0249,0.5460,1.1662,-0.0000,0.1878,0.1700,0.0030,7.7995
1786330916.50,33.468,32.171,34.492,0.8037,0.8087,0.7988,0.8013,0.7988,0.8013,1.5012,1.5012,1.8013,1.7975,3.3138,1.2000,1.1013,0.0037,0.8788,1.2038,1.4938,-1.2538,4.7433,0.1150,0.0757,0.1669,0.3678,1.5320,0.1111,0.1432,0.0126,0.0232,0.5454,1.1673,-0.0000,0.1889,0.1730,0.0030,8.1147
1786330917.50,33.625,32.343,34.492,0.8037,0.8100,0.7988,0.8000,0.7988,0.8013,1.5025,1.5000,1.8000,1.7963,3.3150,1.2000,1.1013,0.0037,0.8775,1.2025,1.4950,-1.4468,4.7588,0.1110,0.0752,0.1673,0.3594,1.5386,0.1103,0.1440,0.0117,0.0215,0.5460,1.1662,-0.0000,0.1887,0.1699,0.0022,7.9239
1786330918.50,33.867,32.210,34.523,0.8037,0.8087,0.7988,0.8000,0.7975,0.8000,1.5025,1.5000,1.8013,1.7963,3.3150,1.2012,1.1000,0.0037,0.8788,1.2025,1.4950,-1.3021,4.7312,0.1130,0.0756,0.1667,0.3660,1.5341,0.1118,0.1441,0.0117,0.0249,0.5466,1.1638,-0.0000,0.1878,0.1714,0.0030,8.0494
1786330919.50,34.023,32.265,34.523,0.8037,0.8100,0.8000,0.8013,0.7988,0.8013,1.5012,1.4988,1.8000,1.7963,3.3163,1.2000,1.1025,0.0025,0.8788,1.2025,1.4938,-1.7361,4.7547,0.1112,0.0753,0.1673,0.3686,1.5350,0.1102,0.1440,0.0144,0.0232,0.5490,1.1681,-0.0000,0.1911,0.1744,0.0037,7.6541
1786330920.50,33.726,32.414,34.523,0.8037,0.8100,0.7988,0.8013,0.7988,0.8013,1.5025,1.4988,1.8000,1.7975,3.3150,1.2000,1.1025,0.0037,0.8788,1.2025,1.4950,-1.6397,4.7507,0.1150,0.0753,0.1673,0.3658,1.5446,0.1102,0.1431,0.0126,0.0215,0.5472,1.1687,-0.0000,0.1878,0.1699,0.0022,7.7422
1786330921.50,33.710,32.468,34.523,0.8037,0.8100,0.7975,0.8013,0.8000,0.8000,1.5012,1.4988,1.8013,1.7963,3.3150,1.2000,1.1025,0.0037,0.8788,1.2025,1.4950,-1.7361,4.7507,0.1164,0.0753,0.1672,0.3708,1.5320,0.1094,0.1432,0.0126,0.0232,0.5466,1.1692,0.0000,0.1878,0.1699,0.0030,7.6412
1786330922.50,33.718,32.085,34.523,0.8025,0.8087,0.7988,0.8013,0.7988,0.8013,1.5025,1.4988,1.8013,1.7963,3.3150,1.2000,1.1013,0.0050,0.8788,1.2025,1.4938,-1.5167,4.7312,0.1142,0.0757,0.1673,0.3690,1.5356,0.1109,0.1432,0.0117,0.0249,0.5478,1.1668,-0.0000,0.1900,0.1714,0.0030,7.8459
1786330923.50,33.812,32.078,34.523,0.8025,0.8100,0.7988,0.8000,0.7988,0.8013,1.5025,1.5000,1.8013,1.7963,3.3138,1.2000,1.1025,0.0050,0.8775,1.2038,1.4950,-1.3482,4.7547,0.1154,0.0752,0.1673,0.3694,1.5476,0.1095,0.1432,0.0126,0.0215,0.5472,1.1681,-0.0000,0.1876,0.1700,0.0022,8.0433
1786330924.50,33.906,32.406,34.523,0.8037,0.8100,0.7988,0.8013,0.7988,0.8013,1.5025,1.4988,1.8013,1.7963,3.3150,1.1987,1.1025,0.0037,0.8775,1.2025,1.4950,-1.7602,4.7628,0.1138,0.0753,0.1673,0.3586,1.5363,0.1102,0.1432,0.0126,0.0215,0.5472,1.1675,-0.0000,0.1920,0.1699,0.0030,7.6210
1786330925.50,33.664,32.328,34.523,0.8025,0.8087,0.7988,0.8000,0.7988,0.8000,1.5038,1.5000,1.8013,1.7963,3.3150,1.2000,1.1025,0.0037,0.8788,1.2025,1.4950,-2.1186,4.7433,0.1110,0.0760,0.1669,0.3684,1.5459,0.1103,0.1432,0.0117,0.0249,0.5472,1.1687,-0.0000,0.1889,0.1684,0.0030,7.2590
1786330926.50,33.750,32.554,34.523,0.8037,0.8087,0.7988,0.8013,0.7988,0.8000,1.5025,1.5000,1.8013,1.7950,3.3150,1.1987,1.1013,0.0025,0.8775,1.2038,1.4938,-1.7602,4.7352,0.1110,0.0749,0.1673,0.3584,1.5431,0.1103,0.1441,0.0117,0.0249,0.5460,1.1668,-0.0000,0.1887,0.1685,0.0022,7.5929
1786330927.50,33.742,32.343,34.523,0.8063,0.8087,0.7988,0.8000,0.7988,0.8013,1.5025,1.5012,1.8000,1.7975,3.3150,1.2012,1.1013,0.0037,0.8788,1.2025,1.4925,-1.4754,4.7555,0.1154,0.0756,0.1673,0.3670,1.5363,0.1103,0.1440,0.0117,0.0232,0.5460,1.1662,-0.0000,0.1900,0.1714,0.0030,7.9074
1786330928.50,33.812,32.218,34.539,0.8037,0.8087,0.8000,0.8013,0.8000,0.8013,1.5038,1.4988,1.8013,1.7963,3.3138,1.2000,1.1000,0.0025,0.8788,1.2025,1.4950,-1.6155,4.7514,0.1140,0.0753,0.1672,0.3726,1.5489,0.1109,0.1441,0.0126,0.0232,0.5472,1.1660,-0.0000,0.1889,0.1714,0.0022,7.7803
1786330929.50,33.875,32.117,34.539,0.8037,0.8100,0.7988,0.8013,0.7988,0.8013,1.5025,1.5000,1.8013,1.7963,3.3138,1.2000,1.1013,0.0037,0.8788,1.2025,1.4950,-1.8084,4.7466,0.1110,0.0757,0.1669,0.3666,1.5356,0.1110,0.1432,0.0117,0.0232,0.5448,1.1673,-0.0000,0.1889,0.1714,0.0022,7.5577
1786330930.50,33.804,32.546,34.539,0.8037,0.8100,0.7988,0.8000,0.7988,0.8013,1.5012,1.5000,1.8013,1.7963,3.3150,1.2000,1.1013,0.0037,0.8775,1.2025,1.4950,-1.2297,4.7426,0.1162,0.0756,0.1669,0.3622,1.5343,0.1095,0.1432,0.0117,0.0232,0.5472,1.1668,-0.0000,0.1887,0.1714,0.0030,8.1326
1786330931.50,33.500,32.445,34.601,0.8025,0.8100,0.7988,0.8013,0.7988,0.8013,1.5025,1.5000,1.8000,1.7975,3.3150,1.2000,1.1000,0.0037,0.8788,1.2038,1.4938,-1.7575,4.7507,0.1098,0.0753,0.1681,0.3686,1.5371,0.1095,0.1440,0.0117,0.0232,0.5502,1.1638,-0.0000,0.1900,0.1715,0.0022,7.6183
1786330932.50,33.695,32.351,34.601,0.8037,0.8087,0.7988,0.8013,0.7988,0.8000,1.5025,1.4988,1.8013,1.7950,3.3150,1.2012,1.1025,0.0050,0.8788,1.2038,1.4950,-1.6397,4.7514,0.1150,0.0753,0.1669,0.3656,1.5378,0.1102,0.1432,0.0126,0.0215,0.5460,1.1675,-0.0000,0.1900,0.1715,0.0030,7.7380
1786330933.50,34.015,31.976,34.601,0.8050,0.8075,0.7988,0.8000,0.7988,0.8013,1.5038,1.5000,1.8000,1.7950,3.3163,1.2000,1.1000,0.0025,0.8788,1.2025,1.4938,-1.8113,4.7320,0.1126,0.0756,0.1665,0.3718,1.5391,0.1110,0.1431,0.0126,0.0216,0.5466,1.1660,-0.0000,0.1889,0.1714,0.0030,7.5504
1786330934.50,33.734,32.382,34.601,0.8037,0.8087,0.7988,0.8000,0.7988,0.8013,1.5012,1.5000,1.8000,1.7950,3.3150,1.2000,1.1000,0.0050,0.8788,1.2025,1.4950,-1.3021,4.7312,0.1146,0.0756,0.1673,0.3662,1.5418,0.1103,0.1449,0.0126,0.0232,0.5484,1.1643,-0.0000,0.1889,0.1699,0.0022,8.0593
1786330935.50,33.976,32.281,34.601,0.8037,0.8087,0.8000,0.8013,0.7975,0.8013,1.5025,1.4988,1.8013,1.7963,3.3150,1.2012,1.1013,0.0050,0.8775,1.2025,1.4938,-1.4468,4.7433,0.1156,0.0753,0.1671,0.3678,1.5468,0.1102,0.1432,0.0117,0.0249,0.5484,1.1668,0.0000,0.1887,0.1699,0.0022,7.9350
1786330936.50,33.921,32.250,34.632,0.8037,0.8075,0.8000,0.8000,0.7988,0.8013,1.5025,1.5000,1.8013,1.7963,3.3150,1.1987,1.1013,0.0037,0.8775,1.2025,1.4938,-0.9645,4.7320,0.1172,0.0752,0.1669,0.3678,1.5363,0.1095,0.1441,0.0126,0.0215,0.5472,1.1668,-0.0000,0.1898,0.1714,0.0030,8.3967
1786330937.50,33.648,32.578,34.632,0.8050,0.8100,0.8000,0.8000,0.7988,0.8013,1.5025,1.5012,1.8000,1.7963,3.3138,1.2012,1.1013,0.0037,0.8775,1.2038,1.4938,-2.2460,4.7547,0.1160,0.0752,0.1669,0.3714,1.5483,0.1111,0.1440,0.0126,0.0232,0.5472,1.1662,-0.0000,0.1898,0.1730,0.0030,7.1566
1786330938.50,33.656,32.414,34.632,0.8037,0.8100,0.8000,0.8000,0.8000,0.8000,1.5038,1.5000,1.8000,1.7963,3.3150,1.2000,1.1025,0.0050,0.8788,1.2038,1.4938,-1.0368,4.7345,0.1164,0.0756,0.1676,0.3772,1.5398,0.1095,0.1440,0.0126,0.0232,0.5478,1.1670,0.0000,0.1878,0.1715,0.0030,8.3407
1786330939.50,33.906,32.281,34.632,0.8037,0.8087,0.8000,0.8000,0.8000,0.8000,1.5012,1.5000,1.8000,1.7963,3.3163,1.2000,1.1025,0.0037,0.8775,1.2025,1.4938,-1.6638,4.7433,0.1148,0.0756,0.1672,0.3596,1.5365,0.1103,0.1440,0.0108,0.0232,0.5484,1.1687,-0.0000,0.1898,0.1684,0.0030,7.6997
1786330940.50,33.960,32.148,34.632,0.8037,0.8087,0.8000,0.8013,0.8000,0.8013,1.5025,1.4988,1.8000,1.7963,3.3150,1.2000,1.1013,0.0037,0.8788,1.2025,1.4938,-1.7361,4.7514,0.1144,0.0757,0.1676,0.3722,1.5461,0.1094,0.1449,0.0117,0.0232,0.5478,1.1662,-0.0000,0.1900,0.1714,0.0015,7.6574
1786330941.50,33.906,32.335,34.632,0.8037,0.8087,0.7988,0.8013,0.7988,0.8013,1.5025,1.5000,1.8000,1.7963,3.3150,1.2000,1.1013,0.0037,0.8775,1.2025,1.4938,-1.4950,4.7433,0.1138,0.0757,0.1665,0.3658,1.5371,0.1095,0.1440,0.0117,0.0232,0.5478,1.1668,0.0000,0.1876,0.1729,0.0030,7.8736
1786330942.50,34.000,32.171,34.632,0.8025,0.8100,0.7988,0.8000,0.8000,0.8013,1.5025,1.5012,1.8013,1.7963,3.3150,1.2000,1.1013,0.0025,0.8775,1.2025,1.4938,-1.5167,4.7588,0.1150,0.0756,0.1676,0.3674,1.5341,0.1118,0.1432,0.0135,0.0249,0.5460,1.1673,-0.0000,0.1898,0.1699,0.0030,7.8710
1786330943.50,33.687,32.195,34.656,0.8037,0.8100,0.7988,0.8013,0.8000,0.8025,1.5012,1.5000,1.8000,1.7963,3.3150,1.2000,1.1013,0.0050,0.8775,1.2025,1.4950,-1.4950,4.7547,0.1150,0.0749,0.1676,0.3675,1.5395,0.1103,0.1431,0.0126,0.0232,0.5472,1.1668,-0.0000,0.1909,0.1699,0.0022,7.8904
1786330944.50,33.835,32.281,34.656,0.8025,0.8087,0.7988,0.8013,0.8000,0.8025,1.5012,1.4988,1.8000,1.7950,3.3138,1.2012,1.1025,0.0025,0.8788,1.2025,1.4938,-1.7334,4.7514,0.1202,0.0761,0.1672,0.3720,1.5343,0.1102,0.1440,0.0126,0.0249,0.5472,1.1687,-0.0000,0.1900,0.1714,0.0030,7.6595
1786330945.50,33.867,32.093,34.726,0.8025,0.8100,0.7988,0.8000,0.7988,0.8013,1.5025,1.5000,1.8000,1.7963,3.3150,1.2000,1.1013,0.0037,0.8775,1.2038,1.4963,-1.3241,4.7628,0.1130,0.0756,0.1673,0.3722,1.5386,0.1110,0.1431,0.0126,0.0232,0.5472,1.1673,-0.0000,0.1887,0.1715,0.0022,8.0722
1786330946.50,33.585,32.023,34.726,0.8037,0.8087,0.7988,0.8000,0.7988,0.8025,1.5025,1.5000,1.8013,1.7963,3.3150,1.2000,1.1013,0.0050,0.8788,1.2038,1.4938,-1.3262,4.7595,0.1126,0.0756,0.1673,0.3683,1.5371,0.1103,0.1441,0.0108,0.0265,0.5478,1.1657,-0.0000,0.1900,0.1715,0.0030,8.0639
1786330947.50,33.882,32.539,34.726,0.8037,0.8113,0.8000,0.8000,0.7988,0.8013,1.5025,1.5000,1.8000,1.7963,3.3138,1.2000,1.1000,0.0037,0.8775,1.2025,1.4938,-1.6397,4.7580,0.1104,0.0756,0.1677,0.3674,1.5341,0.1118,0.1440,0.0126,0.0249,0.5466,1.1660,-0.0000,0.1920,0.1714,0.0030,7.7456
1786330948.50,34.187,32.429,34.726,0.8037,0.8100,0.8000,0.8013,0.8000,0.8013,1.5025,1.5000,1.8013,1.7963,3.3150,1.2000,1.1013,0.0050,0.8800,1.2025,1.4938,-1.4468,4.7547,0.1112,0.0757,0.1672,0.3666,1.5363,0.1095,0.1450,0.0126,0.0232,0.5490,1.1673,0.0000,0.1914,0.1714,0.0030,7.9373
1786330949.50,34.203,32.203,34.726,0.8037,0.8087,0.7988,0.8000,0.7988,0.8000,1.5025,1.5000,1.8013,1.7950,3.3138,1.2012,1.1013,0.0025,0.8788,1.2025,1.4938,-1.4226,4.7635,0.1102,0.0752,0.1673,0.3668,1.5483,0.1103,0.1441,0.0117,0.0249,0.5478,1.1668,-0.0000,0.1900,0.1714,0.0030,7.9786
1786330950.50,33.882,32.585,34.726,0.8037,0.8100,0.7988,0.8013,0.7988,0.8013,1.5025,1.5000,1.8025,1.7963,3.3150,1.2000,1.1013,0.0037,0.8788,1.2025,1.4938,-1.0610,4.7507,0.1158,0.0757,0.1673,0.3654,1.5356,0.1118,0.1442,0.0126,0.0249,0.5532,1.1662,-0.0000,0.1900,0.1714,0.0030,8.3267
1786330951.50,33.789,32.296,34.726,0.8037,0.8087,0.7975,0.8013,0.7988,0.8013,1.5012,1.5012,1.8013,1.7975,3.3150,1.2000,1.1013,0.0037,0.8775,1.2038,1.4938,-1.2538,4.7595,0.1109,0.0753,0.1673,0.3730,1.5403,0.1103,0.1450,0.0126,0.0232,0.5496,1.1662,-0.0000,0.1898,0.1715,0.0030,8.1436
1786330952.50,33.898,31.835,34.726,0.8050,0.8087,0.7988,0.8000,0.7988,0.8013,1.5012,1.5000,1.8000,1.7963,3.3125,1.2000,1.1013,0.0037,0.8788,1.2038,1.4950,-1.5215,4.7393,0.1138,0.0756,0.1673,0.3682,1.5433,0.1095,0.1449,0.0117,0.0232,0.5472,1.1673,-0.0000,0.1889,0.1715,0.0015,7.8518
1786330953.50,33.843,32.320,34.726,0.8037,0.8100,0.8000,0.8000,0.7988,0.8025,1.5012,1.5000,1.8013,1.7975,3.3150,1.1987,1.1025,0.0037,0.8762,1.2038,1.4950,-1.3985,4.7588,0.1088,0.0756,0.1673,0.3683,1.5350,0.1095,0.1441,0.0126,0.0232,0.5454,1.1681,-0.0000,0.1884,0.1700,0.0030,7.9797
1786330954.50,34.023,32.367,34.726,0.8025,0.8100,0.8000,0.8000,0.8000,0.8013,1.5012,1.5000,1.8013,1.7963,3.3150,1.2000,1.1013,0.0025,0.8775,1.2038,1.4938,-1.7816,4.7547,0.1144,0.0752,0.1672,0.3694,1.5440,0.1095,0.1441,0.0126,0.0249,0.5478,1.1673,-0.0000,0.1920,0.1700,0.0022,7.6137
1786330955.50,33.734,32.500,34.726,0.8037,0.8087,0.7988,0.8000,0.7988,0.8000,1.5012,1.4988,1.8013,1.7950,3.3138,1.1987,1.1025,0.0050,0.8788,1.2025,1.4938,-1.7120,4.7514,0.1122,0.0756,0.1673,0.3656,1.5388,0.1102,0.1450,0.0108,0.0232,0.5448,1.1687,-0.0000,0.1889,0.1714,0.0030,7.6648
1786330956.50,33.796,32.375,34.726,0.8037,0.8100,0.7988,0.8000,0.7988,0.8013,1.5025,1.5000,1.8013,1.7963,3.3150,1.2012,1.1000,0.0037,0.8788,1.2025,1.4950,-1.6879,4.7547,0.1170,0.0756,0.1673,0.3710,1.5333,0.1110,0.1450,0.0117,0.0249,0.5484,1.1638,-0.0000,0.1889,0.1699,0.0030,7.6975
1786330957.50,33.929,32.312,34.726,0.8025,0.8100,0.7988,0.8000,0.8000,0.8013,1.5025,1.4988,1.8013,1.7963,3.3150,1.2000,1.1025,0.0037,0.8775,1.2025,1.4938,-1.1797,4.7588,0.1182,0.0756,0.1680,0.3638,1.5476,0.1109,0.1450,0.0126,0.0215,0.5478,1.1687,-0.0000,0.1898,0.1699,0.0030,8.2213
1786330958.50,33.648,32.726,34.726,0.8037,0.8087,0.8000,0.8000,0.8000,0.8013,1.5025,1.5000,1.8013,1.7963,3.3138,1.2012,1.1013,0.0050,0.8788,1.2025,1.4938,-1.6397,4.7555,0.1152,0.0748,0.1676,0.3734,1.5363,0.1103,0.1432,0.0126,0.0232,0.5472,1.1679,-0.0000,0.1911,0.1714,0.0030,7.7528
1786330959.50,33.960,32.312,34.726,0.8037,0.8075,0.7988,0.8000,0.7988,0.8013,1.5038,1.4988,1.8013,1.7963,3.3150,1.2000,1.1013,0.0037,0.8788,1.2038,1.4938,-1.4709,4.7844,0.1110,0.0752,0.1673,0.4110,1.5338,0.1117,0.1441,0.0135,0.0249,0.5490,1.1673,-0.0000,0.1900,0.1700,0.0030,7.9855
1786330960.51,33.765,32.320,34.726,0.8037,0.8100,0.7988,0.8000,0.7988,0.8000,1.5025,1.4988,1.8000,1.7963,3.3150,1.2000,1.1025,0.0025,0.8788,1.2025,1.4950,-1.0851,4.7628,0.1154,0.0756,0.1673,0.3712,1.5333,0.1109,0.1440,0.0126,0.0265,0.5478,1.1681,-0.0000,0.1922,0.1699,0.0022,8.3148
1786330961.51,33.859,32.023,34.726,0.8037,0.8100,0.7988,0.8000,0.7988,0.8000,1.5025,1.5000,1.8000,1.7963,3.3138,1.2000,1.1013,0.0025,0.8775,1.2025,1.4938,-1.9772,4.7507,0.1174,0.0756,0.1673,0.3660,1.5363,0.1110,0.1449,0.0117,0.0232,0.5484,1.1673,-0.0000,0.1909,0.1714,0.0030,7.4078
1786330962.51,34.015,31.945,34.726,0.8037,0.8087,0.8000,0.8013,0.7988,0.8013,1.5012,1.5000,1.8025,1.7963,3.3150,1.2000,1.1013,0.0037,0.8788,1.2025,1.4938,-0.7234,4.7514,0.1164,0.0757,0.1669,0.3702,1.5343,0.1103,0.1433,0.0117,0.0232,0.5454,1.1668,-0.0000,0.1889,0.1729,0.0022,8.6562
1786330963.51,33.664,32.429,34.726,0.8037,0.8087,0.7988,0.8000,0.7988,0.8000,1.5025,1.4988,1.8000,1.7975,3.3150,1.2000,1.1025,0.0037,0.8788,1.2038,1.4938,-1.6397,4.7352,0.1146,0.0752,0.1673,0.3652,1.5348,0.1109,0.1440,0.0126,0.0249,0.5466,1.1687,-0.0000,0.1889,0.1715,0.0022,7.7230
1786330964.51,33.570,32.273,34.726,0.8037,0.8087,0.8000,0.8000,0.7988,0.8000,1.5012,1.5000,1.8013,1.7950,3.3150,1.2000,1.1025,0.0037,0.8788,1.2025,1.4938,-1.6879,4.7474,0.1096,0.0748,0.1673,0.3672,1.5388,0.1103,0.1441,0.0117,0.0232,0.5466,1.1675,-0.0000,0.1911,0.1714,0.0022,7.6853
1786330965.51,33.882,32.539,34.726,0.8050,0.8100,0.8000,0.8000,0.7988,0.8000,1.5012,1.4988,1.8013,1.7963,3.3150,1.2000,1.1013,0.0037,0.8775,1.2012,1.4950,-1.5698,4.7628,0.1104,0.0752,0.1673,0.3652,1.5455,0.1094,0.1450,0.0126,0.0232,0.5460,1.1657,-0.0000,0.1887,0.1727,0.0030,7.8229
1786330966.51,33.851,32.460,34.726,0.8037,0.8087,0.7988,0.8013,0.7988,0.8013,1.5025,1.5000,1.8013,1.7963,3.3150,1.2000,1.1013,0.0037,0.8788,1.2025,1.4938,-1.8084,4.7433,0.1122,0.0753,0.1669,0.3686,1.5378,0.1103,0.1432,0.0126,0.0265,0.5472,1.1662,-0.0000,0.1900,0.1729,0.0030,7.5676
1786330967.51,33.484,32.281,34.726,0.8037,0.8100,0.8000,0.8013,0.7988,0.8013,1.5025,1.5000,1.8000,1.7975,3.3150,1.2012,1.1013,0.0037,0.8775,1.2038,1.4938,-1.6155,4.7547,0.1156,0.0757,0.1673,0.3730,1.5468,0.1110,0.1431,0.0135,0.0232,0.5466,1.1662,-0.0000,0.1920,0.1715,0.0022,7.7869
1786330968.51,34.023,32.421,34.726,0.8037,0.8087,0.7975,0.8013,0.7988,0.8013,1.5012,1.5000,1.8025,1.7950,3.3150,1.2000,1.1000,0.0037,0.8775,1.2025,1.4938,-1.6638,4.7393,0.1117,0.0757,0.1669,0.3674,1.5403,0.1103,0.1433,0.0126,0.0249,0.5466,1.1649,-0.0000,0.1887,0.1729,0.0030,7.7045
1786330969.51,34.046,32.367,34.726,0.8037,0.8087,0.8000,0.8000,0.7975,0.8025,1.5038,1.5000,1.7988,1.7950,3.3138,1.2000,1.1013,0.0037,0.8788,1.2025,1.4938,-1.6879,4.7312,0.1164,0.0756,0.1667,0.3655,1.5353,0.1110,0.1430,0.0117,0.0265,0.5508,1.1662,-0.0000,0.1889,0.1699,0.0030,7.6738
1786330970.51,33.937,32.242,34.726,0.8037,0.8087,0.8000,0.8013,0.7988,0.8025,1.5025,1.5012,1.8000,1.7950,3.3138,1.2012,1.1013,0.0025,0.8775,1.2025,1.4938,-1.1092,4.7433,0.1132,0.0757,0.1677,0.3667,1.5468,0.1096,0.1440,0.0126,0.0232,0.5472,1.1668,-0.0000,0.1909,0.1699,0.0030,8.2714
1786330971.51,33.750,32.210,34.726,0.8037,0.8087,0.7988,0.8000,0.7975,0.8013,1.5025,1.5000,1.8000,1.7963,3.3150,1.2000,1.1025,0.0037,0.8788,1.2038,1.4938,-1.5673,4.7312,0.1082,0.0756,0.1667,0.3778,1.5363,0.1095,0.1440,0.0126,0.0232,0.5484,1.1681,-0.0000,0.1911,0.1715,0.0030,7.7999
1786330972.51,33.734,32.070,34.726,0.8037,0.8075,0.8000,0.8000,0.7988,0.8025,1.5012,1.5000,1.8000,1.7950,3.3150,1.2000,1.1013,0.0037,0.8775,1.2025,1.4950,-1.0851,4.7400,0.1136,0.0756,0.1673,0.3671,1.5313,0.1110,0.1431,0.0126,0.0232,0.5472,1.1673,-0.0000,0.1887,0.1699,0.0030,8.2758
1786330973.51,33.992,32.101,34.726,0.8037,0.8100,0.7988,0.8013,0.7988,0.8013,1.5038,1.5000,1.8000,1.7963,3.3150,1.2012,1.1013,0.0037,0.8788,1.2038,1.4950,-1.5191,4.7466,0.1146,0.0757,0.1669,0.3726,1.5436,0.1103,0.1431,0.0126,0.0232,0.5466,1.1662,-0.0000,0.1889,0.1730,0.0030,7.8678
1786330974.51,33.835,32.359,34.726,0.8037,0.8087,0.7988,0.8013,0.7988,0.8025,1.5038,1.5000,1.8000,1.7950,3.3163,1.2000,1.1013,0.0037,0.8775,1.2038,1.4938,-1.3503,4.7352,0.1158,0.0757,0.1669,0.3671,1.5368,0.1095,0.1431,0.0117,0.0232,0.5472,1.1673,0.0000,0.1898,0.1715,0.0030,8.0137
1786330975.51,34.007,32.304,34.726,0.8037,0.8100,0.7988,0.8013,0.7988,0.8025,1.5025,1.5012,1.8000,1.7963,3.3163,1.2000,1.1013,0.0037,0.8788,1.2038,1.4938,-0.7716,4.7628,0.1174,0.0757,0.1673,0.3679,1.5341,0.1111,0.1440,0.0126,0.0249,0.5460,1.1673,-0.0000,0.1889,0.1730,0.0030,8.6245
1786330976.51,33.914,32.304,34.726,0.8037,0.8100,0.8000,0.8013,0.7988,0.8013,1.5025,1.4988,1.8013,1.7975,3.3150,1.2012,1.1025,0.0050,0.8775,1.2025,1.4938,-0.9886,4.7466,0.1132,0.0753,0.1673,0.3590,1.5438,0.1109,0.1432,0.0126,0.0232,0.5478,1.1687,-0.0000,0.1887,0.1729,0.0030,8.3874
1786330977.51,33.445,32.210,34.726,0.8037,0.8087,0.7988,0.8013,0.8000,0.8013,1.5025,1.5000,1.8013,1.7963,3.3138,1.2000,1.1013,0.0037,0.8788,1.2025,1.4938,-1.9290,4.7474,0.1130,0.0753,0.1676,0.3714,1.5326,0.1095,0.1441,0.0126,0.0249,0.5472,1.1673,-0.0000,0.1900,0.1699,0.0015,7.4452
1786330978.51,33.914,32.101,34.726,0.8037,0.8100,0.7975,0.8013,0.7988,0.8000,1.5038,1.5000,1.8000,1.7963,3.3150,1.2000,1.1013,0.0037,0.8775,1.2025,1.4938,-2.0496,4.7588,0.1200,0.0753,0.1673,0.3712,1.5368,0.1110,0.1431,0.0126,0.0215,0.5454,1.1662,0.0000,0.1876,0.1729,0.0022,7.3424
1786330979.51,33.710,32.312,34.726,0.8037,0.8087,0.8000,0.8013,0.7988,0.8013,1.5025,1.5012,1.8013,1.7950,3.3138,1.2012,1.1013,0.0025,0.8788,1.2012,1.4938,-1.1333,4.7555,0.1136,0.0757,0.1673,0.3702,1.5446,0.1103,0.1432,0.0126,0.0215,0.5478,1.1668,-0.0000,0.1889,0.1712,0.0030,8.2589
1786330980.51,33.710,32.703,34.726,0.8037,0.8087,0.7988,0.8000,0.7988,0.8013,1.5012,1.5000,1.8013,1.7963,3.3138,1.2000,1.1013,0.0037,0.8775,1.2038,1.4938,-1.9049,4.7555,0.1110,0.0760,0.1669,0.3646,1.5328,0.1110,0.1441,0.0126,0.0249,0.5472,1.1668,-0.0000,0.1898,0.1700,0.0030,7.4711
1786330981.51,33.851,32.375,34.726,0.8037,0.8087,0.7988,0.8000,0.7988,0.8000,1.5038,1.5000,1.8025,1.7950,3.3150,1.2000,1.1013,0.0037,0.8788,1.2025,1.4950,-1.8084,4.7352,0.1126,0.0756,0.1673,0.3700,1.5413,0.1103,0.1442,0.0126,0.0232,0.5472,1.1668,-0.0000,0.1889,0.1714,0.0022,7.5604
1786330982.51,33.703,32.000,34.726,0.8037,0.8087,0.7988,0.8013,0.7988,0.8025,1.5025,1.5000,1.8013,1.7963,3.3138,1.1987,1.1013,0.0025,0.8788,1.2038,1.4950,-0.8439,4.7433,0.1154,0.0753,0.1669,0.3776,1.5453,0.1103,0.1432,0.0117,0.0232,0.5466,1.1668,-0.0000,0.1889,0.1715,0.0022,8.5444
1786330983.51,33.875,32.210,34.726,0.8050,0.8100,0.7988,0.8000,0.7988,0.8000,1.5025,1.5000,1.8013,1.7963,3.3150,1.2012,1.1013,0.0037,0.8788,1.2025,1.4950,-1.1109,4.7547,0.1126,0.0756,0.1669,0.3700,1.5356,0.1103,0.1441,0.0126,0.0249,0.5472,1.1668,-0.0000,0.1889,0.1714,0.0030,8.2735
1786330984.51,33.562,32.070,34.726,0.8037,0.8100,0.7988,0.8000,0.7988,0.8013,1.5012,1.5000,1.8000,1.7963,3.3150,1.2012,1.1000,0.0037,0.8788,1.2025,1.4950,-1.4950,4.7385,0.1150,0.0752,0.1673,0.3642,1.5448,0.1103,0.1449,0.0126,0.0249,0.5484,1.1649,-0.0000,0.1878,0.1729,0.0030,7.8796
1786330985.51,34.125,32.281,34.726,0.8037,0.8087,0.8000,0.8000,0.7975,0.8000,1.5012,1.5000,1.8000,1.7963,3.3150,1.1987,1.1013,0.0037,0.8788,1.2025,1.4938,-1.0127,4.7514,0.1152,0.0752,0.1671,0.3712,1.5350,0.1095,0.1431,0.0117,0.0265,0.5460,1.1673,0.0000,0.1911,0.1714,0.0022,8.3713
1786330986.51,33.671,32.210,34.726,0.8037,0.8087,0.7988,0.8013,0.7988,0.8013,1.5025,1.4988,1.8013,1.7950,3.3150,1.2000,1.1000,0.0050,0.8775,1.2025,1.4950,-1.5673,4.7474,0.1150,0.0757,0.1669,0.3662,1.5318,0.1094,0.1432,0.0126,0.0215,0.5460,1.1649,-0.0000,0.1898,0.1714,0.0022,7.7967
1786330987.51,33.765,32.289,34.726,0.8025,0.8087,0.7988,0.8013,0.7975,0.8013,1.5025,1.5000,1.8013,1.7963,3.3163,1.2000,1.1025,0.0037,0.8788,1.2025,1.4938,-1.3963,4.7352,0.1114,0.0753,0.1667,0.3686,1.5468,0.1110,0.1432,0.0126,0.0232,0.5466,1.1675,-0.0000,0.1911,0.1699,0.0030,7.9758
1786330988.51,33.554,32.273,34.726,0.8037,0.8087,0.8000,0.8000,0.7988,0.8025,1.5025,1.5000,1.8000,1.7963,3.3150,1.2000,1.1013,0.0037,0.8762,1.2025,1.4938,-1.8084,4.7555,0.1116,0.0760,0.1673,0.3679,1.5356,0.1095,0.1431,0.0126,0.0232,0.5466,1.1668,-0.0000,0.1884,0.1714,0.0030,7.5699
1786330989.51,33.867,32.132,34.726,0.8037,0.8087,0.7988,0.7988,0.7988,0.8013,1.5025,1.5000,1.8013,1.7963,3.3150,1.2000,1.1013,0.0037,0.8775,1.2025,1.4938,-1.6638,4.7635,0.1078,0.0759,0.1673,0.3738,1.5363,0.1110,0.1432,0.0117,0.0232,0.5454,1.1668,-0.0000,0.1887,0.1714,0.0022,7.7244
1786330990.51,33.687,32.132,34.726,0.8025,0.8100,0.8000,0.8000,0.7988,0.8000,1.5025,1.4988,1.8013,1.7963,3.3150,1.2000,1.1025,0.0037,0.8788,1.2025,1.4938,-1.2037,4.7547,0.1176,0.0756,0.1673,0.3740,1.5416,0.1109,0.1441,0.0126,0.0232,0.5478,1.1681,-0.0000,0.1889,0.1729,0.0030,8.1985
1786330991.51,33.539,32.375,34.726,0.8050,0.8087,0.8000,0.8013,0.7988,0.8013,1.5012,1.5000,1.8000,1.7963,3.3150,1.2012,1.1013,0.0037,0.8788,1.2038,1.4938,-1.3283,4.7555,0.1148,0.0761,0.1665,0.3722,1.5335,0.1103,0.1440,0.0135,0.0249,0.5484,1.1662,-0.0000,0.1900,0.1730,0.0022,8.0628
1786330992.51,33.687,32.312,34.726,0.8037,0.8087,0.7988,0.8000,0.7988,0.8000,1.5038,1.5000,1.8013,1.7963,3.3150,1.2000,1.1000,0.0037,0.8775,1.2025,1.4950,-1.8567,4.7474,0.1150,0.0756,0.1673,0.3712,1.5376,0.1125,0.1441,0.0126,0.0215,0.5478,1.1655,-0.0000,0.1898,0.1714,0.0030,7.5255
1786330993.51,33.710,32.390,34.726,0.8037,0.8100,0.7988,0.8013,0.7988,0.8025,1.5025,1.5000,1.8025,1.7950,3.3138,1.2012,1.1025,0.0037,0.8775,1.2038,1.4938,-1.3021,4.7628,0.1118,0.0757,0.1673,0.3732,1.5461,0.1110,0.1442,0.0126,0.0232,0.5502,1.1670,-0.0000,0.1887,0.1715,0.0037,8.1069
1786330994.51,33.789,32.078,34.726,0.8050,0.8087,0.8000,0.8013,0.7988,0.8013,1.5025,1.5000,1.8000,1.7963,3.3150,1.2000,1.1025,0.0037,0.8775,1.2038,1.4950,-1.8837,4.7514,0.1100,0.0753,0.1673,0.3678,1.5333,0.1103,0.1431,0.0135,0.0232,0.5460,1.1670,-0.0000,0.1876,0.1700,0.0030,7.4850
1786330995.51,34.039,32.375,34.726,0.8037,0.8087,0.7975,0.8000,0.8000,0.8000,1.5012,1.5000,1.8000,1.7963,3.3138,1.2000,1.1013,0.0037,0.8788,1.2012,1.4938,-1.9049,4.7393,0.1148,0.0752,0.1668,0.3688,1.5373,0.1110,0.1449,0.0117,0.0215,0.5460,1.1662,-0.0000,0.1911,0.1712,0.0022,7.4632
1786330996.51,33.843,32.265,34.726,0.8037,0.8087,0.7988,0.8013,0.8013,0.8013,1.5025,1.5000,1.8013,1.7963,3.3150,1.2000,1.1025,0.0037,0.8788,1.2025,1.4950,-1.4226,4.7474,0.1162,0.0753,0.1675,0.3722,1.5476,0.1095,0.1441,0.0117,0.0232,0.5478,1.1681,-0.0000,0.1878,0.1699,0.0037,7.9693
1786330997.51,33.515,32.687,34.726,0.8037,0.8100,0.7988,0.8013,0.8000,0.8013,1.5025,1.5012,1.8013,1.7950,3.3150,1.2000,1.1013,0.0037,0.8788,1.2038,1.4950,-1.5914,4.7426,0.1114,0.0753,0.1676,0.3762,1.5356,0.1103,0.1441,0.0126,0.0232,0.5490,1.1668,-0.0000,0.1900,0.1715,0.0022,7.7870
1786330998.51,34.226,32.101,34.726,0.8037,0.8100,0.8000,0.8000,0.7988,0.8000,1.5025,1.5000,1.8013,1.7963,3.3163,1.2012,1.1013,0.0050,0.8800,1.2012,1.4950,-1.1333,4.7669,0.1168,0.0756,0.1673,0.3632,1.5461,0.1095,0.1441,0.0126,0.0232,0.5472,1.1668,-0.0000,0.1892,0.1712,0.0022,8.2685
1786330999.51,33.593,32.085,34.726,0.8037,0.8087,0.7988,0.8013,0.8000,0.8013,1.5038,1.4988,1.8013,1.7975,3.3138,1.2000,1.1025,0.0025,0.8788,1.2025,1.4950,-1.4226,4.7474,0.1130,0.0757,0.1672,0.3662,1.5391,0.1094,0.1432,0.0126,0.0232,0.5472,1.1681,-0.0000,0.1889,0.1729,0.0030,7.9544
1786331000.51,33.734,32.140,34.726,0.8037,0.8075,0.7988,0.8013,0.7988,0.8013,1.5012,1.4988,1.8000,1.7963,3.3150,1.2000,1.1025,0.0037,0.8775,1.2025,1.4950,-1.3503,4.7360,0.1102,0.0757,0.1673,0.3662,1.5305,0.1109,0.1440,0.0126,0.0232,0.5526,1.1675,-0.0000,0.1887,0.1714,0.0030,8.0095
1786331001.51,33.601,32.289,34.726,0.8037,0.8087,0.7988,0.8013,0.7988,0.8013,1.5025,1.4988,1.8013,1.7963,3.3150,1.2000,1.1000,0.0025,0.8788,1.2012,1.4950,-0.9886,4.7555,0.1110,0.0761,0.1673,0.3670,1.5468,0.1109,0.1441,0.0126,0.0249,0.5472,1.1655,-0.0000,0.1922,0.1697,0.0030,8.4051
1786331002.51,33.875,32.335,34.726,0.8037,0.8087,0.8000,0.8000,0.8000,0.8025,1.5025,1.5000,1.8025,1.7963,3.3150,1.2000,1.1013,0.0050,0.8775,1.2038,1.4938,-1.3021,4.7352,0.1104,0.0756,0.1676,0.3671,1.5356,0.1103,0.1451,0.0126,0.0249,0.5484,1.1673,-0.0000,0.1876,0.1730,0.0030,8.0615
1786331003.51,33.867,32.132,34.726,0.8037,0.8087,0.7988,0.8000,0.7988,0.8000,1.5012,1.5000,1.8000,1.7963,3.3138,1.2000,1.1013,0.0025,0.8800,1.2038,1.4938,-1.5673,4.7352,0.1138,0.0756,0.1669,0.3748,1.5335,0.1118,0.1431,0.0126,0.0249,0.5472,1.1651,-0.0000,0.1892,0.1700,0.0030,7.7994
1786331004.51,33.773,32.507,34.726,0.8037,0.8087,0.8000,0.8000,0.7988,0.8013,1.5025,1.5000,1.8013,1.7963,3.3150,1.2000,1.1013,0.0050,0.8788,1.2025,1.4938,-1.5432,4.7393,0.1164,0.0760,0.1669,0.3774,1.5401,0.1118,0.1441,0.0126,0.0249,0.5460,1.1668,-0.0000,0.1889,0.1729,0.0030,7.8437
1786331005.51,33.992,32.093,34.726,0.8037,0.8087,0.7988,0.8013,0.7988,0.8013,1.5012,1.5000,1.8013,1.7950,3.3138,1.2012,1.1013,0.0025,0.8788,1.2038,1.4925,-2.0496,4.7514,0.1130,0.0757,0.1669,0.3682,1.5313,0.1103,0.1450,0.0117,0.0232,0.5496,1.1668,-0.0000,0.1889,0.1715,0.0030,7.3269
1786331006.51,33.906,32.039,34.726,0.8037,0.8100,0.7988,0.8000,0.7988,0.8013,1.5025,1.5000,1.8013,1.7963,3.3150,1.1987,1.1025,0.0050,0.8788,1.2025,1.4938,-1.3985,4.7507,0.1150,0.0752,0.1677,0.3674,1.5363,0.1110,0.1441,0.0126,0.0232,0.5454,1.1681,-0.0000,0.1900,0.1714,0.0030,7.9825
1786331007.51,33.257,32.187,34.726,0.8037,0.8087,0.8000,0.8013,0.7988,0.8025,1.5012,1.4988,1.8000,1.7963,3.3150,1.2012,1.1013,0.0037,0.8788,1.2038,1.4950,-1.5673,4.7635,0.1128,0.0757,0.1669,0.3675,1.5455,0.1109,0.1449,0.0117,0.0232,0.5478,1.1662,-0.0000,0.1900,0.1730,0.0030,7.8355
1786331008.51,33.703,32.437,34.726,0.8037,0.8100,0.7988,0.8013,0.7975,0.8025,1.5025,1.5012,1.8013,1.7963,3.3150,1.2000,1.1013,0.0050,0.8800,1.2025,1.4950,-1.7602,4.7588,0.1118,0.0753,0.1663,0.3720,1.5371,0.1081,0.1432,0.0126,0.0265,0.5472,1.1657,0.0000,0.1903,0.1729,0.0022,7.6296
1786331009.51,33.953,32.250,34.726,0.8025,0.8113,0.7988,0.8013,0.7988,0.8025,1.5038,1.5000,1.8000,1.7963,3.3150,1.2000,1.1013,0.0037,0.8788,1.2025,1.4950,-1.8778,4.7539,0.1118,0.0757,0.1673,0.3720,1.5421,0.1118,0.1422,0.0126,0.0249,0.5478,1.1673,-0.0000,0.1933,0.1714,0.0022,7.5184
1786331010.51,33.875,32.078,34.726,0.8025,0.8087,0.8000,0.8000,0.7988,0.8000,1.5025,1.5000,1.8013,1.7963,3.3150,1.2000,1.1013,0.0037,0.8788,1.2025,1.4950,-1.5649,4.7393,0.1068,0.0756,0.1669,0.3708,1.5461,0.1095,0.1450,0.0135,0.0215,0.5472,1.1668,-0.0000,0.1911,0.1729,0.0037,7.8118
1786331011.51,33.515,32.117,34.726,0.8037,0.8100,0.7988,0.8000,0.7988,0.8013,1.5025,1.5000,1.8013,1.7963,3.3150,1.2000,1.1013,0.0037,0.8800,1.2025,1.4925,-2.0737,4.7385,0.1178,0.0756,0.1673,0.3790,1.5363,0.1103,0.1432,0.0126,0.0249,0.5454,1.1673,-0.0000,0.1903,0.1714,0.0030,7.3091
1786331012.51,34.101,32.343,34.726,0.8037,0.8075,0.7988,0.8013,0.7988,0.8013,1.5025,1.4988,1.8013,1.7975,3.3138,1.2000,1.1013,0.0037,0.8775,1.2038,1.4938,-1.7361,4.7360,0.1134,0.0761,0.1673,0.3658,1.5446,0.1109,0.1441,0.0117,0.0232,0.7536,1.1668,-0.0000,0.1887,0.1730,0.0030,7.8420
1786331013.51,33.781,32.351,34.726,0.8025,0.8087,0.7988,0.8013,0.7988,0.8025,1.5025,1.5012,1.8000,1.7963,3.3150,1.2012,1.1025,0.0050,0.8775,1.2025,1.4938,-1.0111,4.7474,0.1122,0.0757,0.1669,0.3443,1.5341,0.1111,0.1440,0.0117,0.0249,0.5490,1.1681,0.0000,0.1887,0.1714,0.0030,8.3411
1786331014.51,33.710,32.054,34.726,0.8037,0.8087,0.8000,0.8000,0.7988,0.8013,1.5025,1.5000,1.8013,1.7963,3.3138,1.2000,1.1013,0.0037,0.8775,1.2025,1.4938,-1.9290,4.7312,0.1192,0.0752,0.1673,0.3666,1.5348,0.1103,0.1441,0.0126,0.0232,0.5466,1.1662,-0.0000,0.1876,0.1699,0.0022,7.4279
1786331015.51,33.671,32.125,34.726,0.8037,0.8087,0.8000,0.8013,0.8000,0.8013,1.5025,1.4988,1.8013,1.7963,3.3163,1.2000,1.1013,0.0037,0.8788,1.2025,1.4938,-1.1092,4.7514,0.1144,0.0757,0.1680,0.3698,1.5438,0.1109,0.1441,0.0117,0.0249,0.5466,1.1673,-0.0000,0.1889,0.1714,0.0030,8.2827
1786331016.51,33.453,32.414,34.726,0.8025,0.8087,0.7988,0.7988,0.7988,0.8013,1.5025,1.4988,1.8013,1.7963,3.3138,1.2000,1.1000,0.0037,0.8775,1.2025,1.4938,-2.1186,4.7514,0.1198,0.0755,0.1669,0.3646,1.5356,0.1102,0.1441,0.0117,0.0232,0.5478,1.1660,-0.0000,0.1898,0.1729,0.0030,7.2637
1786331017.51,33.617,32.398,34.726,0.8037,0.8087,0.7988,0.8013,0.7988,0.8013,1.5038,1.5012,1.8013,1.7963,3.3150,1.2000,1.1013,0.0037,0.8788,1.2025,1.4950,-1.7120,4.7474,0.1122,0.0757,0.1669,0.3734,1.5376,0.1111,0.1441,0.0126,0.0249,0.5478,1.1668,-0.0000,0.1911,0.1729,0.0022,7.6746
1786331018.51,33.867,31.734,34.726,0.8037,0.8087,0.7988,0.8000,0.7988,0.8013,1.5025,1.5000,1.8025,1.7950,3.3150,1.2000,1.1013,0.0037,0.8788,1.2025,1.4938,-1.3503,4.7514,0.1098,0.0760,0.1681,0.4291,1.5356,0.1103,0.1442,0.0135,0.0249,0.5880,1.1673,-0.0000,0.1900,0.1714,0.0030,8.1322
1786331019.51,33.554,31.890,34.726,0.8037,0.8100,0.8000,0.8013,0.7988,0.8013,1.5025,1.5000,1.8000,1.7963,3.3150,1.2000,1.1013,0.0025,0.8775,1.2025,1.4938,-1.4709,4.7588,0.1136,0.0753,0.1673,0.3658,1.5318,0.1110,0.1449,0.0126,0.0232,0.5460,1.1662,-0.0000,0.1887,0.1699,0.0022,7.9064
1786331020.51,33.578,31.835,34.726,0.8037,0.8087,0.8013,0.8013,0.8000,0.8013,1.5025,1.5000,1.8013,1.7963,3.3150,1.2000,1.1013,0.0037,0.8788,1.2025,1.4950,-1.3021,4.7474,0.1150,0.0757,0.1676,0.3674,1.5356,0.1110,0.1432,0.0117,0.0232,0.5454,1.1668,-0.0000,0.1889,0.1729,0.0030,8.0725
1786331021.51,33.195,31.789,34.726,0.8037,0.8087,0.8000,0.8013,0.8000,0.8013,1.5025,1.5000,1.8025,1.7963,3.3138,1.2000,1.1013,0.0037,0.8788,1.2038,1.4938,-0.6269,4.7474,0.1160,0.0753,0.1676,0.3658,1.5461,0.1103,0.1451,0.0126,0.0232,0.5466,1.1668,-0.0000,0.1900,0.1700,0.0030,8.7587
1786331022.51,33.531,32.515,34.726,0.8025,0.8087,0.8013,0.8000,0.7988,0.8013,1.5038,1.5012,1.8000,1.7975,3.3150,1.2000,1.1013,0.0037,0.8800,1.2025,1.4938,-1.6612,4.7393,0.1158,0.0752,0.1669,0.3674,1.5368,0.1096,0.1449,0.0117,0.0232,0.5460,1.1673,-0.0000,0.1892,0.1714,0.0030,7.7065
1786331023.51,33.593,31.843,34.726,0.8037,0.8100,0.7988,0.8013,0.7988,0.8013,1.5025,1.5000,1.8013,1.7963,3.3138,1.2012,1.1013,0.0025,0.8788,1.2025,1.4938,-1.0127,4.7466,0.1154,0.0753,0.1673,0.3562,1.5438,0.1110,0.1432,0.0117,0.0232,0.5466,1.1662,-0.0000,0.1933,0.1714,0.0037,8.3622
1786331024.51,33.648,32.093,34.726,0.8037,0.8087,0.8000,0.8000,0.7988,0.8025,1.5038,1.5000,1.8013,1.7975,3.3150,1.2012,1.1025,0.0037,0.8775,1.2038,1.4938,-1.6397,4.7433,0.1116,0.0756,0.1673,0.3716,1.5413,0.1103,0.1432,0.0126,0.0265,0.5490,1.1670,-0.0000,0.1887,0.1730,0.0022,7.7436
1786331025.51,33.546,31.945,34.726,0.8037,0.8087,0.8000,0.7988,0.7975,0.8013,1.5025,1.4988,1.8013,1.7963,3.3150,1.2000,1.1013,0.0025,0.8788,1.2038,1.4925,-1.1333,4.7433,0.1176,0.0755,0.1671,0.3710,1.5333,0.1102,0.1441,0.0135,0.0249,0.5472,1.1662,0.0000,0.1922,0.1700,0.0022,8.2450
1786331026.51,33.804,32.312,34.726,0.8050,0.8087,0.7988,0.8000,0.8000,0.8025,1.5025,1.4988,1.8013,1.7963,3.3138,1.2012,1.1013,0.0037,0.8788,1.2038,1.4950,-2.1494,4.7393,0.1158,0.0756,0.1672,0.3683,1.5461,0.1094,0.1441,0.0126,0.0249,0.5490,1.1668,-0.0000,0.1911,0.1730,0.0030,7.2368
1786331027.51,33.484,32.062,34.726,0.8037,0.8075,0.7988,0.8000,0.7988,0.8013,1.5025,1.5000,1.8013,1.7963,3.3163,1.2000,1.1000,0.0037,0.8788,1.2038,1.4938,-1.6879,4.7198,0.1178,0.0756,0.1673,0.3718,1.5356,0.1088,0.1432,0.0126,0.0232,0.5472,1.1649,-0.0000,0.1911,0.1730,0.0022,7.6663
1786331028.51,33.578,32.265,34.726,0.8050,0.8087,0.8000,0.8000,0.7988,0.8013,1.5025,1.4988,1.8025,1.7963,3.3150,1.2000,1.1013,0.0050,0.8788,1.2038,1.4950,-1.5939,4.7393,0.1160,0.0752,0.1673,0.3590,1.5341,0.1109,0.1442,0.0117,0.0232,0.5460,1.1668,-0.0000,0.1889,0.1715,0.0030,7.7631
1786331029.51,34.054,32.164,34.726,0.8037,0.8087,0.7988,0.8013,0.7988,0.8000,1.5025,1.5000,1.8013,1.7950,3.3150,1.2000,1.1013,0.0037,0.8775,1.2025,1.4950,-1.9772,4.7797,0.1122,0.0757,0.1673,0.3628,1.5326,0.1103,0.1441,0.0135,0.0249,0.5460,1.1668,-0.0000,0.1887,0.1729,0.0022,7.4223
1786331030.51,33.710,32.101,34.726,0.8050,0.8087,0.8000,0.8013,0.7988,0.8025,1.5025,1.5000,1.8013,1.7963,3.3150,1.2000,1.1000,0.0037,0.8788,1.2025,1.4950,-0.9177,4.7474,0.1104,0.0757,0.1673,0.3716,1.5363,0.1118,0.1450,0.0117,0.0249,0.5460,1.1655,-0.0000,0.1889,0.1699,0.0022,8.4567
1786331031.51,33.460,32.031,34.726,0.8037,0.8087,0.8000,0.8000,0.7988,0.8025,1.5025,1.5000,1.8000,1.7950,3.3150,1.2012,1.1013,0.0037,0.8788,1.2038,1.4950,-1.3262,4.7312,0.1144,0.0748,0.1669,0.3555,1.5461,0.1103,0.1440,0.0135,0.0232,0.5478,1.1668,-0.0000,0.1878,0.1700,0.0022,8.0283
1786331032.51,33.609,31.796,34.726,0.8037,0.8087,0.7988,0.8013,0.7988,0.8013,1.5038,1.4988,1.8013,1.7975,3.3150,1.2000,1.1000,0.0025,0.8775,1.2025,1.4938,-1.3503,4.7393,0.1150,0.0749,0.1669,0.3710,1.5346,0.1109,0.1441,0.0126,0.0249,0.5448,1.1643,0.0000,0.1909,0.1714,0.0037,8.0190
1786331033.51,33.546,31.867,34.726,0.8037,0.8100,0.8000,0.8013,0.7988,0.8013,1.5025,1.5000,1.8000,1.7963,3.3150,1.1987,1.1000,0.0025,0.8788,1.2012,1.4938,-2.0013,4.7507,0.1132,0.0753,0.1677,0.3670,1.5453,0.1103,0.1440,0.0126,0.0232,0.5442,1.1649,-0.0000,0.1889,0.1727,0.0022,7.3809
1786331034.51,33.546,32.007,34.726,0.8037,0.8087,0.7975,0.8025,0.8000,0.8025,1.5025,1.5000,1.8025,1.7963,3.3163,1.2000,1.1013,0.0025,0.8775,1.2038,1.4925,-2.2907,4.7312,0.1172,0.0758,0.1672,0.5947,1.5348,0.1103,0.1442,0.0117,0.0249,0.5928,1.1668,-0.0000,0.1931,0.1730,0.0037,7.3506
1786331035.51,33.632,32.437,34.726,0.8025,0.8100,0.7988,0.8000,0.7975,0.8013,1.5025,1.5000,1.8000,1.7963,3.3150,1.2000,1.1013,0.0037,0.8788,1.2038,1.4950,-1.8297,4.7507,0.1138,0.0752,0.1667,0.3437,1.5378,0.1103,0.1440,0.0126,0.0249,0.5460,1.1668,-0.0000,0.1889,0.1715,0.0030,7.5261
1786331036.51,33.562,32.140,34.726,0.8037,0.8087,0.7988,0.8013,0.7988,0.8000,1.5025,1.5012,1.8013,1.7963,3.3138,1.2000,1.1013,0.0037,0.8788,1.2038,1.4938,-2.0496,4.7555,0.1162,0.0757,0.1673,0.3596,1.5416,0.1103,0.1432,0.0117,0.0249,0.5466,1.1668,-0.0000,0.1878,0.1730,0.0030,7.3336
1786331037.51,33.343,32.117,34.726,0.8050,0.8087,0.8000,0.8000,0.7988,0.7988,1.5012,1.5012,1.8000,1.7950,3.3163,1.2000,1.1025,0.0025,0.8775,1.2025,1.4950,-2.1011,4.7433,0.1124,0.0756,0.1673,0.3606,1.5320,0.1103,0.1440,0.0126,0.0265,0.5460,1.1675,-0.0000,0.1887,0.1714,0.0030,7.2603
1786331038.51,33.617,32.015,34.726,0.8037,0.8100,0.8000,0.8000,0.7988,0.8000,1.5025,1.4988,1.8013,1.7963,3.3150,1.2000,1.1000,0.0037,0.8788,1.2025,1.4938,-1.4709,4.7426,0.1228,0.0756,0.1677,0.3668,1.5348,0.1102,0.1441,0.0126,0.0232,0.5484,1.1649,-0.0000,0.1911,0.1729,0.0030,7.9097
1786331039.51,33.648,32.187,34.726,0.8050,0.8087,0.8000,0.8013,0.7988,0.8000,1.5025,1.4988,1.8025,1.7963,3.3150,1.2000,1.1013,0.0037,0.8762,1.2025,1.4938,-1.8113,4.7393,0.1164,0.0757,0.1673,0.3680,1.5356,0.1102,0.1442,0.0126,0.0232,0.5490,1.1668,-0.0000,0.1884,0.1714,0.0015,7.5582
1786331040.51,33.523,32.367,34.726,0.8037,0.8087,0.7975,0.8013,0.7988,0.8013,1.5038,1.5000,1.8013,1.7950,3.3138,1.2000,1.1013,0.0050,0.8788,1.2038,1.4950,-1.4226,4.7514,0.1148,0.0757,0.1677,0.3658,1.5338,0.1088,0.1450,0.0126,0.0249,0.5454,1.1651,0.0000,0.1900,0.1715,0.0030,7.9529
1786331041.51,33.609,31.976,34.726,0.8050,0.8087,0.8000,0.8000,0.7975,0.8000,1.5025,1.5000,1.8013,1.7963,3.3138,1.2000,1.1013,0.0037,0.8788,1.2025,1.4938,-1.7871,4.7474,0.1088,0.0756,0.1671,0.3764,1.5386,0.1118,0.1432,0.0117,0.0249,0.5460,1.1657,0.0000,0.1867,0.1729,0.0022,7.5917
1786331042.51,33.421,31.835,34.726,0.8037,0.8087,0.7988,0.8013,0.8000,0.8000,1.5025,1.5000,1.8000,1.7963,3.3138,1.2000,1.1013,0.0025,0.8775,1.2038,1.4950,-1.3985,4.7393,0.1138,0.0757,0.1672,0.3736,1.5333,0.1110,0.1422,0.0126,0.0232,0.5478,1.1662,-0.0000,0.1876,0.1715,0.0030,7.9695
1786331043.51,33.343,31.671,34.726,0.8050,0.8087,0.8000,0.8000,0.7975,0.8013,1.5025,1.5000,1.8013,1.7963,3.3150,1.2012,1.1025,0.0037,0.8775,1.2025,1.4950,-2.0528,4.7474,0.1148,0.0760,0.1667,0.3690,1.5348,0.1095,0.1423,0.0126,0.0249,0.5472,1.1687,-0.0000,0.1876,0.1744,0.0030,7.3258
1786331044.51,33.539,31.921,34.726,0.8037,0.8100,0.8000,0.8013,0.7988,0.8013,1.5025,1.5000,1.8000,1.7963,3.3150,1.2000,1.1013,0.0037,0.8788,1.2025,1.4938,-1.6638,4.7466,0.1116,0.0753,0.1669,0.3642,1.5453,0.1103,0.1440,0.0117,0.0249,0.5454,1.1668,-0.0000,0.1889,0.1699,0.0030,7.7109
1786331045.51,33.554,32.070,34.726,0.8025,0.8087,0.8000,0.8000,0.7975,0.7988,1.5012,1.5012,1.8013,1.7950,3.3150,1.2000,1.1025,0.0037,0.8788,1.2025,1.4950,-1.9501,4.7271,0.1148,0.0752,0.1671,0.3634,1.5350,0.1103,0.1441,0.0117,0.0232,0.5502,1.1670,-0.0000,0.1889,0.1714,0.0030,7.4024
1786331046.51,33.656,32.226,34.726,0.8050,0.8087,0.7975,0.8000,0.7988,0.8013,1.5012,1.5012,1.8000,1.7937,3.3150,1.2000,1.1000,0.0025,0.8775,1.2025,1.4938,-1.8354,4.7514,0.1160,0.0756,0.1669,0.3722,1.5425,0.1096,0.1440,0.0126,0.0232,0.5460,1.1655,-0.0000,0.1887,0.1714,0.0022,7.5524
1786331047.51,33.546,31.992,34.726,0.8037,0.8100,0.7988,0.8000,0.7975,0.8000,1.5025,1.5000,1.8025,1.7963,3.3150,1.2000,1.1013,0.0037,0.8788,1.2025,1.4950,-1.1333,4.7466,0.1146,0.0756,0.1667,0.3432,1.5318,0.1103,0.1442,0.0126,0.0249,0.5466,1.1662,-0.0000,0.1889,0.1699,0.0037,8.2124
1786331048.51,33.773,31.742,34.726,0.8037,0.8087,0.7988,0.8000,0.8000,0.8013,1.5025,1.5000,1.8013,1.7950,3.3138,1.2012,1.1013,0.0025,0.8775,1.2025,1.4938,-1.6397,4.7433,0.1138,0.0756,0.1672,0.3734,1.5318,0.1103,0.1432,0.0126,0.0249,0.5478,1.1651,-0.0000,0.1898,0.1714,0.0030,7.7333
1786331049.51,33.500,31.953,34.726,0.8037,0.8100,0.8000,0.8013,0.7988,0.8013,1.5025,1.5000,1.8013,1.7950,3.3138,1.2000,1.1013,0.0037,0.8788,1.2038,1.4938,-2.0737,4.7426,0.1140,0.0757,0.1673,0.3445,1.5341,0.1110,0.1432,0.0126,0.0232,0.5472,1.1668,0.0000,0.1867,0.1715,0.0037,7.2705
1786331050.51,33.335,32.000,34.726,0.8050,0.8087,0.7988,0.8013,0.7988,0.8013,1.5025,1.5000,1.8013,1.7975,3.3138,1.2000,1.1013,0.0025,0.8800,1.2038,1.4950,-1.2075,4.7312,0.1162,0.0757,0.1673,0.3678,1.5348,0.1095,0.1441,0.0117,0.0232,0.5472,1.1679,-0.0000,0.1892,0.1715,0.0030,8.1528
1786331051.51,33.617,31.851,34.726,0.8037,0.8087,0.7988,0.8000,0.7988,0.8013,1.5025,1.5000,1.8013,1.7975,3.3150,1.2000,1.1013,0.0025,0.8775,1.2025,1.4950,-1.1815,4.7352,0.1122,0.0752,0.1665,0.3690,1.5363,0.1095,0.1423,0.0117,0.0232,0.5454,1.1662,-0.0000,0.1887,0.1714,0.0030,8.1743
1786331052.51,33.585,31.781,34.726,0.8037,0.8075,0.7988,0.8013,0.7988,0.8013,1.5012,1.5000,1.8013,1.7975,3.3150,1.2000,1.1013,0.0037,0.8775,1.2025,1.4938,-1.4709,4.7360,0.1222,0.0757,0.1677,0.3670,1.5418,0.1110,0.1432,0.0126,0.0249,0.5472,1.1673,-0.0000,0.1887,0.1714,0.0022,7.9080
1786331053.52,33.265,31.781,34.726,0.8037,0.8087,0.7988,0.8000,0.7988,0.8000,1.5025,1.4988,1.8013,1.7963,3.3125,1.2012,1.1013,0.0037,0.8775,1.2025,1.4925,-1.6638,4.7312,0.1106,0.0744,0.1669,0.3660,1.5310,0.1102,0.1450,0.0126,0.0232,0.5472,1.1662,-0.0000,0.1909,0.1699,0.0037,7.6852
1786331054.52,33.281,31.867,34.726,0.8037,0.8100,0.8000,0.8013,0.7975,0.8000,1.5025,1.5000,1.8013,1.7950,3.3163,1.2000,1.1013,0.0025,0.8775,1.2025,1.4938,-1.9049,4.7547,0.1176,0.0753,0.1671,0.3652,1.5371,0.1110,0.1432,0.0126,0.0265,0.5460,1.1657,-0.0000,0.1887,0.1714,0.0022,7.4793
1786331055.52,33.507,31.875,34.726,0.8037,0.8087,0.7988,0.8025,0.7988,0.8025,1.5025,1.5000,1.8013,1.7950,3.3150,1.2000,1.1013,0.0037,0.8788,1.2025,1.4938,-1.4709,4.7433,0.1138,0.0758,0.1673,0.3716,1.5423,0.1095,0.1432,0.0126,0.0232,0.5460,1.1662,-0.0000,0.1878,0.1699,0.0030,7.9047
1786331056.52,33.546,32.000,34.726,0.8037,0.8087,0.8000,0.8000,0.8000,0.8013,1.5025,1.5000,1.8025,1.7963,3.3163,1.2000,1.1013,0.0037,0.8775,1.2025,1.4938,-2.0737,4.7757,0.1140,0.0752,0.1676,0.5296,1.5423,0.1095,0.1433,0.0126,0.0232,0.5490,1.1668,-0.0000,0.1898,0.1714,0.0030,7.4992
1786331057.52,33.484,32.070,34.726,0.8037,0.8087,0.7988,0.8013,0.7988,0.8025,1.5025,1.5000,1.8000,1.7963,3.3138,1.1987,1.1013,0.0037,0.8788,1.2025,1.4950,-1.3503,4.7433,0.1122,0.0757,0.1673,0.3583,1.5438,0.1118,0.1440,0.0117,0.0249,0.5706,1.1673,-0.0000,0.1911,0.1714,0.0030,8.0461
1786331058.52,33.382,31.914,34.726,0.8037,0.8100,0.8000,0.8013,0.7988,0.8013,1.5025,1.4988,1.8025,1.7975,3.3150,1.2000,1.1013,0.0037,0.8775,1.2025,1.4950,-1.4950,4.7507,0.1104,0.0757,0.1669,0.3678,1.5341,0.1094,0.1433,0.0126,0.0215,0.5472,1.1668,-0.0000,0.1898,0.1699,0.0030,7.8740
1786331059.52,33.812,31.945,34.726,0.8025,0.8100,0.7988,0.8000,0.8000,0.8000,1.5025,1.4988,1.8025,1.7975,3.3150,1.2000,1.1013,0.0037,0.8788,1.2025,1.4938,-1.4204,4.7507,0.1154,0.0752,0.1676,0.3656,1.5341,0.1109,0.1442,0.0126,0.0232,0.5472,1.1673,-0.0000,0.1889,0.1699,0.0030,7.9553
1786331060.52,33.546,31.898,34.726,0.8025,0.8100,0.7975,0.8013,0.7988,0.8013,1.5012,1.5000,1.8000,1.7963,3.3150,1.1987,1.1013,0.0025,0.8788,1.2025,1.4950,-1.7093,4.7304,0.1144,0.0753,0.1673,0.3694,1.5358,0.1110,0.1431,0.0126,0.0265,0.5466,1.1668,0.0000,0.1900,0.1714,0.0030,7.6543
1786331061.52,33.500,32.007,34.726,0.8037,0.8087,0.8000,0.8000,0.8000,0.8013,1.5025,1.4988,1.8013,1.7963,3.3163,1.2000,1.1013,0.0037,0.8775,1.2038,1.4950,-1.6879,4.7514,0.1088,0.0756,0.1672,0.3642,1.5310,0.1102,0.1432,0.0126,0.0265,0.5460,1.1651,-0.0000,0.1887,0.1700,0.0030,7.6756
1786331062.52,33.593,32.125,34.726,0.8025,0.8100,0.7988,0.8000,0.7988,0.8000,1.5012,1.4988,1.8013,1.7950,3.3163,1.1987,1.1000,0.0050,0.8775,1.2025,1.4938,-1.4204,4.7507,0.1142,0.0752,0.1669,0.3736,1.5320,0.1102,0.1432,0.0126,0.0232,0.5460,1.1649,-0.0000,0.1887,0.1729,0.0015,7.9553
1786331063.52,33.398,31.734,34.726,0.8037,0.8100,0.8000,0.8013,0.7988,0.8013,1.5025,1.5000,1.8013,1.7963,3.3138,1.2000,1.1013,0.0025,0.8788,1.2025,1.4938,-1.3985,4.7507,0.1116,0.0757,0.1665,0.3722,1.5333,0.1110,0.1432,0.0126,0.0249,0.5472,1.1668,-0.0000,0.1889,0.1699,0.0022,7.9781
1786331064.52,33.593,32.007,34.726,0.8037,0.8087,0.8000,0.8013,0.7988,0.8013,1.5025,1.5012,1.8013,1.7963,3.3150,1.2000,1.1000,0.0037,0.8775,1.2025,1.4938,-1.5432,4.7514,0.1132,0.0757,0.1669,0.3702,1.5356,0.1111,0.1432,0.0135,0.0232,0.5466,1.1638,-0.0000,0.1887,0.1714,0.0030,7.8342
1786331065.52,33.242,31.976,34.726,0.8037,0.8100,0.7988,0.8013,0.7988,0.8013,1.5012,1.5000,1.8000,1.7963,3.3150,1.2012,1.1000,0.0037,0.8775,1.2025,1.4950,-1.8567,4.7426,0.1074,0.0757,0.1669,0.3722,1.5433,0.1110,0.1440,0.0117,0.0249,0.5478,1.1660,-0.0000,0.1887,0.1714,0.0015,7.5183
1786331066.52,33.296,31.843,34.726,0.8037,0.8087,0.7988,0.8000,0.7988,0.8025,1.5012,1.4988,1.8013,1.7963,3.3150,1.2000,1.1025,0.0025,0.8788,1.2038,1.4938,-2.0254,4.7514,0.1102,0.0756,0.1673,0.3463,1.5433,0.1109,0.1441,0.0126,0.0265,0.5502,1.1670,-0.0000,0.1889,0.1715,0.0030,7.3434
1786331067.52,33.585,31.945,34.726,0.8037,0.8075,0.7988,0.8000,0.8000,0.8013,1.5025,1.5000,1.8025,1.7950,3.3138,1.2000,1.1013,0.0037,0.8788,1.2038,1.4950,-1.6879,4.7279,0.1206,0.0756,0.1672,0.3469,1.5356,0.1110,0.1433,0.0126,0.0232,0.5526,1.1662,-0.0000,0.1911,0.1715,0.0030,7.6605
1786331068.52,33.257,31.789,34.726,0.8037,0.8100,0.7988,0.8013,0.8000,0.8013,1.5025,1.5000,1.8013,1.7963,3.3150,1.2000,1.1025,0.0037,0.8788,1.2025,1.4938,-1.3021,4.7466,0.1162,0.0765,0.1676,0.3465,1.5303,0.1103,0.1441,0.0126,0.0249,0.5472,1.1681,-0.0000,0.1911,0.1729,0.0037,8.0565
1786331069.52,33.734,31.820,34.726,0.8037,0.8100,0.7988,0.8013,0.7988,0.8000,1.5025,1.5000,1.8013,1.7975,3.3150,1.2000,1.1013,0.0025,0.8788,1.2038,1.4938,-0.8198,4.7426,0.1106,0.0753,0.1669,0.3732,1.5326,0.1103,0.1450,0.0108,0.0232,0.5478,1.1662,-0.0000,0.1911,0.1700,0.0030,8.5488
1786331070.52,33.390,32.039,34.726,0.8037,0.8100,0.7988,0.8000,0.7988,0.8013,1.5012,1.5000,1.8025,1.7963,3.3150,1.2012,1.1013,0.0037,0.8788,1.2025,1.4938,-1.7843,4.7466,0.1126,0.0752,0.1673,0.3730,1.5425,0.1110,0.1442,0.0126,0.0232,0.5472,1.1657,-0.0000,0.1889,0.1729,0.0030,7.6015
1786331071.52,33.312,31.906,34.726,0.8037,0.8100,0.7988,0.8013,0.7988,0.8000,1.5012,1.5000,1.8025,1.7963,3.3150,1.2012,1.1013,0.0037,0.8775,1.2038,1.4938,-1.5673,4.7426,0.1078,0.0757,0.1673,0.3672,1.5328,0.1103,0.1433,0.0117,0.0232,0.5490,1.1668,-0.0000,0.1887,0.1715,0.0030,7.7935
1786331072.52,33.484,31.664,34.726,0.8050,0.8087,0.7988,0.8000,0.7988,0.8013,1.5025,1.5012,1.8013,1.7963,3.3150,1.2000,1.1013,0.0025,0.8788,1.2038,1.4938,-2.6324,4.7312,0.1094,0.0756,0.1669,0.3686,1.5348,0.1111,0.1441,0.0117,0.0249,0.5496,1.1662,-0.0000,0.1889,0.1700,0.0030,6.7237
1786331073.52,33.195,31.992,34.726,0.8037,0.8087,0.8000,0.8000,0.7988,0.8000,1.5012,1.5000,1.8000,1.7963,3.3150,1.1987,1.1000,0.0050,0.8788,1.2038,1.4938,-0.7475,4.7433,0.1116,0.0752,0.1669,0.3680,1.5328,0.1110,0.1431,0.0117,0.0249,0.5478,1.1643,-0.0000,0.1889,0.1715,0.0037,8.6174
1786331074.52,33.609,31.726,34.726,0.8050,0.8087,0.7988,0.8013,0.7988,0.8025,1.5038,1.5000,1.8000,1.7950,3.3163,1.2000,1.1000,0.0025,0.8775,1.2025,1.4925,-1.7388,4.7312,0.1086,0.0757,0.1665,0.3736,1.5323,0.1095,0.1431,0.0126,0.0232,0.5520,1.1660,-0.0000,0.1887,0.1699,0.0030,7.6170
1786331075.52,33.234,31.570,34.726,0.8037,0.8087,0.8000,0.7988,0.7988,0.8000,1.5025,1.5000,1.8000,1.7963,3.3138,1.2000,1.1013,0.0037,0.8788,1.2025,1.4950,-1.7361,4.7312,0.1108,0.0751,0.1669,0.3720,1.5378,0.1103,0.1440,0.0126,0.0249,0.5484,1.1673,-0.0000,0.1900,0.1699,0.0022,7.6272
1786331076.52,33.335,31.617,34.726,0.8050,0.8100,0.7975,0.8000,0.7988,0.8013,1.5025,1.4988,1.8000,1.7963,3.3150,1.2000,1.1000,0.0025,0.8775,1.2025,1.4950,-1.8354,4.7507,0.1168,0.0752,0.1673,0.3602,1.5416,0.1117,0.1449,0.0126,0.0232,0.5478,1.1655,-0.0000,0.1876,0.1729,0.0030,7.5453
1786331077.52,33.320,32.070,34.726,0.8037,0.8087,0.7988,0.8000,0.7988,0.8013,1.5025,1.5012,1.8000,1.7963,3.3138,1.2000,1.1013,0.0037,0.8788,1.2038,1.4950,-1.2056,4.7352,0.1138,0.0756,0.1673,0.3730,1.5326,0.1111,0.1431,0.0126,0.0249,0.5478,1.1662,-0.0000,0.1889,0.1715,0.0030,8.1610
1786331078.52,33.726,31.976,34.726,0.8025,0.8087,0.7988,0.8000,0.7988,0.8000,1.5025,1.5012,1.8000,1.7963,3.3150,1.2012,1.1013,0.0037,0.8788,1.2025,1.4938,-1.4686,4.7474,0.1106,0.0756,0.1673,0.3604,1.5468,0.1118,0.1440,0.0117,0.0249,0.5466,1.1662,-0.0000,0.1900,0.1714,0.0022,7.9084
1786331079.52,33.000,31.921,34.726,0.8050,0.8100,0.7988,0.8013,0.7975,0.8013,1.5012,1.5000,1.8013,1.7963,3.3150,1.2000,1.1013,0.0037,0.8775,1.2025,1.4950,-1.7871,4.7507,0.1102,0.0757,0.1663,0.3734,1.5328,0.1095,0.1441,0.0126,0.0249,0.5478,1.1662,-0.0000,0.1898,0.1714,0.0022,7.5903
1786331080.52,33.429,31.796,34.726,0.8025,0.8087,0.7988,0.8013,0.7975,0.8013,1.5025,1.5000,1.8025,1.7963,3.3150,1.2012,1.1013,0.0025,0.8788,1.2025,1.4938,-1.6853,4.7393,0.1170,0.0753,0.1667,0.3762,1.5446,0.1103,0.1442,0.0126,0.0232,0.5472,1.1668,-0.0000,0.1889,0.1714,0.0030,7.7012
1786331081.52,33.109,32.015,34.726,0.8025,0.8087,0.8000,0.8000,0.7988,0.8013,1.5025,1.5000,1.8013,1.7950,3.3138,1.2000,1.1013,0.0037,0.8762,1.2025,1.4938,-1.3241,4.7352,0.1132,0.0752,0.1673,0.3698,1.5333,0.1095,0.1441,0.0126,0.0249,0.5478,1.1657,-0.0000,0.1873,0.1714,0.0022,8.0353
1786331082.52,33.437,31.867,34.726,0.8025,0.8087,0.7988,0.8013,0.7988,0.8025,1.5012,1.5000,1.8013,1.7963,3.3150,1.2012,1.1013,0.0025,0.8788,1.2025,1.4938,-1.6371,4.7352,0.1138,0.0753,0.1677,0.5124,1.5448,0.1095,0.1450,0.0117,0.0232,0.7346,1.1657,-0.0000,0.1878,0.1714,0.0030,8.0640
1786331083.52,33.406,31.601,34.726,0.8037,0.8100,0.7988,0.8000,0.7988,0.8025,1.5012,1.4988,1.8000,1.7963,3.3150,1.2000,1.1000,0.0037,0.8788,1.2025,1.4938,-1.5914,4.7426,0.1158,0.0752,0.1669,0.3463,1.5290,0.1094,0.1431,0.0126,0.0232,0.5454,1.1643,-0.0000,0.1889,0.1714,0.0022,7.7449
1786331084.52,32.953,31.757,34.726,0.8037,0.8100,0.7988,0.8000,0.7988,0.8013,1.5025,1.4988,1.8013,1.7963,3.3150,1.2000,1.1013,0.0037,0.8788,1.2025,1.4938,-1.6155,4.7345,0.1114,0.0756,0.1673,0.3678,1.5295,0.1102,0.1441,0.0135,0.0232,0.5472,1.1651,-0.0000,0.1878,0.1714,0.0030,7.7360
1786331085.52,33.429,31.937,34.726,0.8037,0.8087,0.8000,0.8000,0.7988,0.8013,1.5012,1.5000,1.8013,1.7950,3.3138,1.2000,1.1000,0.0037,0.8788,1.2038,1.4938,-1.7361,4.7352,0.1132,0.0756,0.1673,0.3670,1.5298,0.1110,0.1432,0.0126,0.0249,0.5484,1.1643,-0.0000,0.1878,0.1715,0.0030,7.6187
1786331086.52,33.304,32.078,34.726,0.8037,0.8087,0.7988,0.8013,0.7988,0.8013,1.5025,1.4988,1.8013,1.7963,3.3150,1.1987,1.1013,0.0025,0.8788,1.2025,1.4938,-1.8084,4.7312,0.1162,0.0757,0.1673,0.3718,1.5446,0.1109,0.1441,0.0126,0.0249,0.5478,1.1668,-0.0000,0.1900,0.1699,0.0030,7.5683
1786331087.52,33.242,31.585,34.726,0.8037,0.8075,0.8000,0.8013,0.7988,0.8013,1.5012,1.5000,1.8013,1.7963,3.3150,1.2012,1.1013,0.0025,0.8788,1.2025,1.4938,-1.5673,4.7320,0.1132,0.0757,0.1669,0.3718,1.5320,0.1088,0.1441,0.0135,0.0249,0.5466,1.1651,-0.0000,0.1900,0.1729,0.0030,7.7930
1786331088.52,33.367,31.429,34.726,0.8037,0.8075,0.7975,0.8013,0.7988,0.8000,1.5025,1.5000,1.8025,1.7963,3.3150,1.2000,1.1013,0.0037,0.8788,1.2025,1.4925,-2.0496,4.7320,0.1097,0.0753,0.1665,0.3644,1.5423,0.1110,0.1433,0.0135,0.0232,0.5478,1.1651,-0.0000,0.1900,0.1714,0.0030,7.3089
1786331089.52,33.250,31.593,34.726,0.8025,0.8087,0.7975,0.8000,0.7988,0.8013,1.5025,1.5000,1.7988,1.7963,3.3150,1.2000,1.1013,0.0037,0.8788,1.2038,1.4938,-1.5890,4.7191,0.1085,0.0752,0.1673,0.3706,1.5318,0.1110,0.1430,0.0126,0.0249,0.5466,1.1673,-0.0000,0.1889,0.1715,0.0030,7.7523
1786331090.52,33.578,31.804,34.726,0.8037,0.8087,0.7988,0.8000,0.7988,0.8013,1.5025,1.5000,1.8000,1.7963,3.3150,1.2000,1.1013,0.0025,0.8788,1.2038,1.4938,-2.1219,4.7352,0.1122,0.0756,0.1669,0.3638,1.5393,0.1103,0.1440,0.0117,0.0232,0.5496,1.1662,-0.0000,0.1878,0.1715,0.0037,7.2392
1786331091.52,33.250,31.742,34.726,0.8037,0.8087,0.7988,0.8013,0.7988,0.8013,1.5025,1.4988,1.8025,1.7950,3.3150,1.2012,1.1013,0.0025,0.8788,1.2038,1.4950,-1.4226,4.7433,0.1142,0.0749,0.1665,0.3638,1.5371,0.1109,0.1442,0.0126,0.0215,0.5472,1.1657,-0.0000,0.1900,0.1715,0.0022,7.9430
1786331092.52,33.226,31.679,34.726,0.8037,0.8087,0.7988,0.8000,0.7988,0.8013,1.5025,1.5000,1.8000,1.7963,3.3138,1.2000,1.1025,0.0025,0.8788,1.2025,1.4938,-1.5432,4.7393,0.1162,0.0752,0.1665,0.3658,1.5303,0.1103,0.1449,0.0126,0.0249,0.5478,1.1670,-0.0000,0.1889,0.1714,0.0030,7.8207
1786331093.52,33.320,31.929,34.726,0.8037,0.8087,0.7988,0.8013,0.7988,0.8000,1.5025,1.5000,1.8025,1.7963,3.3163,1.2000,1.1000,0.0037,0.8775,1.2012,1.4938,-1.7843,4.7514,0.1162,0.0757,0.1673,0.3684,1.5318,0.1110,0.1442,0.0135,0.0249,0.5478,1.1660,-0.0000,0.1887,0.1712,0.0030,7.5967
1786331094.53,33.617,31.664,34.726,0.8050,0.8087,0.8000,0.8013,0.8000,0.8013,1.5012,1.4988,1.8013,1.7975,3.3150,1.1987,1.1013,0.0037,0.8788,1.2025,1.4938,-2.2701,4.7312,0.1144,0.0753,0.1672,0.3710,1.5313,0.1109,0.1441,0.0126,0.0249,0.5460,1.1651,-0.0000,0.1889,0.1699,0.0037,7.0864
1786331095.53,33.593,31.796,34.726,0.8037,0.8075,0.7988,0.8013,0.7988,0.8013,1.5025,1.5012,1.8013,1.7963,3.3150,1.2000,1.1000,0.0050,0.8775,1.2025,1.4938,-2.0013,4.7320,0.1150,0.0757,0.1677,0.3630,1.5318,0.1096,0.1441,0.0117,0.0249,0.5484,1.1649,-0.0000,0.1876,0.1714,0.0030,7.3493
1786331096.53,33.421,31.539,34.726,0.8037,0.8087,0.7988,0.8013,0.7988,0.8013,1.5025,1.5000,1.8013,1.7963,3.3150,1.2012,1.1013,0.0037,0.8775,1.2025,1.4938,-1.8326,4.7271,0.1202,0.0757,0.1669,0.3706,1.5446,0.1110,0.1441,0.0126,0.0232,0.5466,1.1662,-0.0000,0.1865,0.1714,0.0022,7.5363
1786331097.53,32.859,31.750,34.726,0.8050,0.8087,0.7988,0.8013,0.7988,0.8013,1.5025,1.4988,1.8025,1.7963,3.3150,1.2000,1.1013,0.0037,0.8788,1.2025,1.4938,-2.0286,4.7433,0.1122,0.0753,0.1669,0.3662,1.5326,0.1109,0.1433,0.0126,0.0232,0.5460,1.1662,-0.0000,0.1878,0.1729,0.0015,7.3323
1786331098.53,33.304,31.492,34.726,0.8037,0.8087,0.7988,0.8000,0.8000,0.8013,1.5025,1.5000,1.8013,1.7963,3.3150,1.2012,1.1025,0.0037,0.8788,1.2025,1.4938,-1.9049,4.7352,0.1122,0.0752,0.1676,0.3710,1.5408,0.1110,0.1450,0.0126,0.0232,0.5496,1.1675,-0.0000,0.1889,0.1699,0.0015,7.4663
1786331099.53,33.148,31.312,34.726,0.8025,0.8087,0.7988,0.8013,0.7988,0.8000,1.5025,1.4988,1.8013,1.7950,3.3150,1.2000,1.1013,0.0050,0.8775,1.2025,1.4938,-1.3723,4.7474,0.1086,0.0757,0.1673,0.3680,1.5341,0.1109,0.1441,0.0126,0.0249,0.5460,1.1662,-0.0000,0.1887,0.1714,0.0030,7.9965
1786331100.53,33.281,31.523,34.726,0.8037,0.8087,0.8000,0.8013,0.8000,0.8013,1.5025,1.5000,1.8013,1.7950,3.3150,1.2000,1.1013,0.0037,0.8788,1.2025,1.4938,-2.1460,4.7393,0.1192,0.0757,0.1676,0.3626,1.5378,0.1103,0.1432,0.0126,0.0249,0.5454,1.1668,-0.0000,0.1911,0.1729,0.0030,7.2262
1786331101.53,33.609,31.570,34.726,0.8037,0.8087,0.7988,0.8000,0.7988,0.8013,1.5025,1.5000,1.8000,1.7963,3.3138,1.2012,1.1025,0.0037,0.8788,1.2025,1.4938,-1.6879,4.7271,0.1142,0.0752,0.1669,0.3678,1.5416,0.1095,0.1431,0.0126,0.0249,0.5472,1.1681,-0.0000,0.1911,0.1729,0.0030,7.6772
1786331102.53,33.234,31.578,34.726,0.8050,0.8100,0.7988,0.8000,0.7988,0.8000,1.5025,1.5000,1.7988,1.7963,3.3150,1.2000,1.1013,0.0037,0.8788,1.2025,1.4950,-1.3766,4.7426,0.1170,0.0756,0.1673,0.3456,1.5333,0.1103,0.1430,0.0126,0.0232,0.5448,1.1673,-0.0000,0.1922,0.1714,0.0030,7.9726
1786331103.53,33.117,31.640,34.726,0.8050,0.8087,0.8000,0.8013,0.8000,0.8013,1.5012,1.5000,1.8000,1.7950,3.3150,1.2000,1.1025,0.0037,0.8775,1.2025,1.4938,-1.9562,4.7312,0.1152,0.0753,0.1672,0.3469,1.5305,0.1103,0.1440,0.0117,0.0249,0.5490,1.1675,-0.0000,0.1887,0.1714,0.0030,7.3805
1786331104.53,33.203,31.703,34.726,0.8025,0.8100,0.7988,0.8000,0.8000,0.8025,1.5025,1.5000,1.8000,1.7963,3.3150,1.2000,1.1013,0.0050,0.8775,1.2025,1.4950,-1.9982,4.7345,0.1166,0.0756,0.1676,0.3507,1.5341,0.1095,0.1431,0.0126,0.0232,0.5472,1.1662,-0.0000,0.1887,0.1714,0.0030,7.3456
1786331105.53,33.234,31.726,34.726,0.8050,0.8087,0.8000,0.8000,0.7975,0.8013,1.5025,1.4988,1.8013,1.7963,3.3150,1.2000,1.1013,0.0037,0.8788,1.2038,1.4938,-1.3283,4.7231,0.1140,0.0752,0.1671,0.3477,1.5438,0.1102,0.1432,0.0126,0.0232,0.5454,1.1651,-0.0000,0.1900,0.1700,0.0022,8.0046
1786331106.53,33.195,31.453,34.726,0.8037,0.8100,0.7988,0.8013,0.7988,0.8013,1.5025,1.5000,1.8000,1.7963,3.3150,1.2000,1.1013,0.0037,0.8775,1.2025,1.4938,-1.9290,4.7345,0.1118,0.0749,0.1677,0.3778,1.5431,0.1095,0.1431,0.0117,0.0232,0.5460,1.1673,-0.0000,0.1898,0.1729,0.0030,7.4472
1786331107.53,33.312,31.398,34.726,0.8037,0.8087,0.7988,0.8000,0.7988,0.8013,1.5025,1.5000,1.8013,1.7950,3.3150,1.1987,1.1013,0.0050,0.8762,1.2025,1.4950,-1.6879,4.7271,0.1106,0.0752,0.1665,0.3654,1.5310,0.1110,0.1450,0.0117,0.0232,0.5454,1.1668,-0.0000,0.1895,0.1699,0.0030,7.6535
1786331108.53,33.156,31.968,34.726,0.8037,0.8087,0.7988,0.8000,0.7988,0.8013,1.5012,1.5000,1.8013,1.7963,3.3138,1.2000,1.1000,0.0037,0.8788,1.2025,1.4938,-1.9290,4.7393,0.1094,0.0752,0.1665,0.3694,1.5373,0.1110,0.1432,0.0117,0.0232,0.5466,1.1655,-0.0000,0.1867,0.1699,0.0030,7.4288
1786331109.53,33.164,31.429,34.726,0.8037,0.8087,0.8000,0.8000,0.7988,0.8013,1.5025,1.5012,1.8013,1.7963,3.3138,1.2000,1.1013,0.0037,0.8775,1.2038,1.4950,-1.4468,4.7231,0.1212,0.0752,0.1673,0.3646,1.5371,0.1111,0.1432,0.0126,0.0232,0.5460,1.1662,-0.0000,0.1876,0.1715,0.0022,7.9053
1786331110.53,32.914,31.382,34.726,0.8037,0.8100,0.8000,0.7988,0.7988,0.8013,1.5012,1.5000,1.8013,1.7975,3.3138,1.2000,1.1013,0.0037,0.8775,1.2025,1.4950,-1.7602,4.7466,0.1164,0.0751,0.1669,0.3718,1.5343,0.1103,0.1441,0.0126,0.0249,0.5460,1.1657,-0.0000,0.1887,0.1699,0.0030,7.6158
1786331111.53,33.312,31.656,34.726,0.8050,0.8087,0.8000,0.8000,0.8000,0.8000,1.5025,1.4988,1.8000,1.7975,3.3150,1.2012,1.1025,0.0037,0.8788,1.2038,1.4938,-1.7630,4.7393,0.1144,0.0752,0.1672,0.3728,1.5401,0.1102,0.1431,0.0135,0.0232,0.5490,1.1664,-0.0000,0.1867,0.1730,0.0037,7.6148
1786331112.53,33.429,31.625,34.726,0.8037,0.8100,0.8000,0.8000,0.7975,0.8013,1.5012,1.5000,1.8000,1.7950,3.3163,1.2000,1.1000,0.0037,0.8762,1.2038,1.4938,-1.5191,4.7426,0.1140,0.0752,0.1671,0.3566,1.5305,0.1110,0.1440,0.0126,0.0232,0.5448,1.1655,-0.0000,0.1862,0.1715,0.0022,7.8278
1786331113.53,33.093,31.890,34.726,0.8037,0.8087,0.8000,0.8000,0.8000,0.8013,1.5012,1.5012,1.8000,1.7963,3.3150,1.2000,1.1013,0.0037,0.8775,1.2038,1.4950,-1.3985,4.7231,0.1128,0.0756,0.1668,0.3730,1.5313,0.1103,0.1449,0.0117,0.0232,0.5460,1.1673,-0.0000,0.1876,0.1700,0.0037,7.9488
1786331114.53,33.179,31.390,34.726,0.8037,0.8075,0.7988,0.8000,0.7988,0.8025,1.5025,1.5000,1.8000,1.7963,3.3138,1.2000,1.1000,0.0037,0.8788,1.2025,1.4938,-0.9886,4.7441,0.1202,0.0752,0.1673,0.3655,1.5318,0.1095,0.1440,0.0126,0.0249,0.5478,1.1643,-0.0000,0.1889,0.1714,0.0030,8.3819
1786331115.53,33.250,31.632,34.726,0.8037,0.8063,0.7975,0.8013,0.8000,0.8013,1.5025,1.5000,1.8000,1.7963,3.3138,1.2000,1.1013,0.0037,0.8788,1.2012,1.4950,-1.9531,4.7327,0.1148,0.0757,0.1672,0.3742,1.5318,0.1103,0.1440,0.0126,0.0232,0.5460,1.1673,-0.0000,0.1878,0.1727,0.0030,7.4102
1786331116.53,32.945,31.640,34.726,0.8037,0.8100,0.8000,0.8013,0.7988,0.8013,1.5012,1.5000,1.8025,1.7963,3.3150,1.2012,1.1013,0.0037,0.8775,1.2038,1.4950,-1.5673,4.7385,0.1168,0.0757,0.1669,0.3678,1.5410,0.1110,0.1433,0.0126,0.0249,0.5496,1.1662,-0.0000,0.1920,0.1700,0.0015,7.8105
1786331117.53,33.140,31.601,34.726,0.8037,0.8087,0.8000,0.8000,0.7988,0.8000,1.5012,1.5000,1.8000,1.7950,3.3138,1.2000,1.1013,0.0037,0.8775,1.2038,1.4938,-1.6155,4.7191,0.1108,0.0756,0.1669,0.3696,1.5313,0.1103,0.1440,0.0126,0.0232,0.5466,1.1657,-0.0000,0.1898,0.1715,0.0022,7.7235
1786331118.53,33.140,31.468,34.726,0.8037,0.8087,0.7988,0.8013,0.7988,0.8013,1.5025,1.5012,1.8013,1.7963,3.3150,1.2000,1.1013,0.0037,0.8788,1.2025,1.4950,-1.4950,4.7433,0.1162,0.0757,0.1673,0.3730,1.5401,0.1096,0.1450,0.0117,0.0215,0.5472,1.1668,-0.0000,0.1889,0.1699,0.0030,7.8842
1786331119.53,33.218,31.679,34.726,0.8025,0.8087,0.8000,0.7988,0.8000,0.8000,1.5025,1.5000,1.8000,1.7963,3.3150,1.2000,1.1000,0.0037,0.8788,1.2038,1.4950,-1.6853,4.7271,0.1128,0.0755,0.1676,0.3668,1.5341,0.1103,0.1431,0.0135,0.0232,0.5484,1.1638,-0.0000,0.1911,0.1700,0.0030,7.6650
1786331120.53,33.460,31.367,34.726,0.8037,0.8100,0.7988,0.8013,0.7975,0.8025,1.5025,1.4988,1.8013,1.7950,3.3150,1.2000,1.1013,0.0037,0.8788,1.2025,1.4938,-1.6155,4.7547,0.1102,0.0753,0.1663,0.3692,1.5356,0.1117,0.1432,0.0126,0.0249,0.5454,1.1662,-0.0000,0.1867,0.1714,0.0030,7.7607
1786331121.53,33.093,31.664,34.726,0.8037,0.8100,0.8000,0.8000,0.7988,0.8000,1.5012,1.5012,1.8013,1.7963,3.3150,1.1987,1.1000,0.0037,0.8788,1.2038,1.4938,-1.8326,4.7426,0.1172,0.0748,0.1669,0.3668,1.5388,0.1096,0.1450,0.0126,0.0249,0.5466,1.1643,-0.0000,0.1878,0.1715,0.0030,7.5399
1786331122.53,33.132,31.656,34.726,0.8037,0.8087,0.8000,0.8000,0.8000,0.8013,1.5025,1.5000,1.8000,1.7963,3.3150,1.2000,1.1000,0.0037,0.8788,1.2038,1.4950,-2.0013,4.7393,0.1180,0.0760,0.1680,0.3730,1.5326,0.1110,0.1431,0.0126,0.0249,0.5466,1.1655,-0.0000,0.1878,0.1700,0.0030,7.3699
1786331123.53,32.945,31.742,34.726,0.8037,0.8087,0.7975,0.8013,0.7988,0.8013,1.5025,1.5000,1.8025,1.7963,3.3150,1.2012,1.1013,0.0037,0.8775,1.2025,1.4938,-1.3021,4.7312,0.1172,0.0753,0.1673,0.3694,1.5326,0.1110,0.1442,0.0126,0.0232,0.5466,1.1657,-0.0000,0.1854,0.1714,0.0022,8.0531
1786331124.53,33.390,31.640,34.726,0.8037,0.8087,0.8000,0.8000,0.7988,0.8013,1.5025,1.5000,1.8013,1.7950,3.3150,1.2012,1.1013,0.0050,0.8788,1.2025,1.4938,-1.3262,4.7271,0.1156,0.0756,0.1673,0.5244,1.5393,0.1103,0.1441,0.0126,0.0232,0.7628,1.1668,-0.0000,0.1889,0.1699,0.0030,8.4047
1786331125.53,32.890,31.437,34.726,0.8037,0.8087,0.7988,0.8000,0.7988,0.8013,1.5025,1.4988,1.8025,1.7963,3.3138,1.2000,1.1013,0.0037,0.8775,1.2038,1.4938,-1.5673,4.7312,0.1130,0.0752,0.1665,0.3726,1.5333,0.1102,0.1442,0.0126,0.0249,0.5478,1.1668,-0.0000,0.1876,0.1700,0.0030,7.7915
1786331126.53,33.093,31.632,34.726,0.8037,0.8087,0.7988,0.8013,0.7988,0.8000,1.5025,1.5000,1.8013,1.7963,3.3138,1.2012,1.1013,0.0037,0.8788,1.2025,1.4950,-1.4468,4.7393,0.1174,0.0753,0.1669,0.3812,1.5438,0.1095,0.1441,0.0117,0.0232,0.5466,1.1657,-0.0000,0.1889,0.1714,0.0030,7.9412
1786331127.53,33.406,31.359,34.726,0.8037,0.8100,0.7988,0.7988,0.7988,0.8000,1.5025,1.5000,1.8000,1.7963,3.3163,1.1987,1.1025,0.0025,0.8788,1.2025,1.4938,-1.7602,4.7345,0.1162,0.0755,0.1669,0.3616,1.5326,0.1103,0.1440,0.0126,0.0249,0.5478,1.1670,0.0000,0.1889,0.1714,0.0015,7.5953
1786331128.53,33.460,31.265,34.726,0.8037,0.8087,0.8000,0.8013,0.8000,0.8013,1.5025,1.5000,1.7988,1.7963,3.3150,1.2012,1.1013,0.0025,0.8788,1.2038,1.4950,-1.6638,4.7393,0.1144,0.0757,0.1676,0.3762,1.5416,0.1103,0.1439,0.0126,0.0249,0.5484,1.1657,-0.0000,0.1889,0.1715,0.0037,7.7208
1786331129.53,33.328,31.414,34.726,0.8037,0.8075,0.8000,0.8000,0.7988,0.8013,1.5012,1.5000,1.8000,1.7963,3.3138,1.2000,1.1013,0.0050,0.8788,1.2038,1.4938,-1.1815,4.7279,0.1128,0.0748,0.1673,0.3686,1.5313,0.1103,0.1449,0.0135,0.0215,0.5484,1.1662,-0.0000,0.1900,0.1715,0.0037,8.1713
1786331130.53,32.976,31.460,34.726,0.8037,0.8087,0.7988,0.8013,0.7988,0.8013,1.5025,1.4988,1.7988,1.7963,3.3138,1.2000,1.1013,0.0050,0.8788,1.2025,1.4938,-0.9645,4.7393,0.1162,0.0753,0.1673,0.3682,1.5393,0.1109,0.1430,0.0135,0.0232,0.5556,1.1657,-0.0000,0.1889,0.1729,0.0022,8.4170
1786331131.53,33.070,31.585,34.726,0.8025,0.8087,0.8000,0.7988,0.7975,0.8013,1.5025,1.5000,1.8025,1.7975,3.3150,1.2000,1.1013,0.0037,0.8788,1.2038,1.4938,-1.5890,4.7231,0.1260,0.0751,0.1667,0.3674,1.5371,0.1103,0.1433,0.0117,0.0249,0.5460,1.1662,-0.0000,0.1900,0.1685,0.0030,7.7702
1786331132.53,33.054,31.773,34.726,0.8050,0.8075,0.8000,0.8013,0.7988,0.8013,1.5025,1.5000,1.8000,1.7963,3.3138,1.2012,1.1013,0.0037,0.8775,1.2038,1.4938,-1.3041,4.7118,0.1144,0.0753,0.1677,0.3682,1.5303,0.1110,0.1431,0.0117,0.0232,0.5472,1.1662,-0.0000,0.1887,0.1700,0.0030,8.0276
1786331133.53,33.062,31.640,34.726,0.8037,0.8100,0.8000,0.8013,0.7988,0.8025,1.5025,1.4988,1.8013,1.7950,3.3138,1.2000,1.1025,0.0037,0.8788,1.2012,1.4950,-2.0254,4.7345,0.1164,0.0757,0.1673,0.3575,1.5333,0.1109,0.1441,0.0117,0.0232,0.5466,1.1670,0.0000,0.1889,0.1712,0.0030,7.3258
1786331134.53,33.179,31.773,34.726,0.8050,0.8087,0.8000,0.8013,0.7988,0.8013,1.5025,1.5000,1.8000,1.7975,3.3150,1.2000,1.1000,0.0050,0.8775,1.2038,1.4950,-1.1351,4.7271,0.1136,0.0757,0.1673,0.3706,1.5333,0.1088,0.1449,0.0126,0.0232,0.5466,1.1649,-0.0000,0.1876,0.1700,0.0030,8.2141
1786331135.53,33.171,31.460,34.726,0.8037,0.8100,0.7988,0.8013,0.8000,0.8000,1.5025,1.5000,1.8013,1.7975,3.3163,1.2000,1.1013,0.0037,0.8800,1.2025,1.4950,-1.6638,4.7507,0.1114,0.0757,0.1672,0.3776,1.5333,0.1103,0.1441,0.0126,0.0249,0.5472,1.1662,-0.0000,0.1892,0.1699,0.0030,7.7194
1786331136.53,33.140,31.320,34.726,0.8025,0.8087,0.8000,0.8013,0.7988,0.8013,1.5025,1.4988,1.8013,1.7963,3.3150,1.2000,1.1013,0.0037,0.8775,1.2038,1.4938,-1.4445,4.7474,0.1116,0.0749,0.1669,0.3678,1.5431,0.1102,0.1450,0.0117,0.0232,0.5466,1.1662,-0.0000,0.1887,0.1700,0.0030,7.9317
1786331137.53,32.781,31.484,34.726,0.8037,0.8087,0.7988,0.8013,0.7975,0.8000,1.5025,1.5000,1.8013,1.7963,3.3138,1.2000,1.1000,0.0037,0.8788,1.2025,1.4925,-1.7843,4.7271,0.1154,0.0753,0.1667,0.3672,1.5326,0.1118,0.1441,0.0126,0.0249,0.5460,1.1638,-0.0000,0.1889,0.1699,0.0022,7.5641
1786331138.53,32.976,31.437,34.726,0.8037,0.8087,0.8000,0.8000,0.7988,0.8013,1.5025,1.5000,1.8025,1.7963,3.3150,1.2000,1.1025,0.0037,0.8775,1.2025,1.4925,-1.9772,4.7271,0.1152,0.0756,0.1669,0.3670,1.5431,0.1118,0.1442,0.0126,0.0232,0.5460,1.1670,0.0000,0.1887,0.1729,0.0022,7.3862
1786331139.53,33.351,31.648,34.726,0.8037,0.8087,0.8000,0.8013,0.7988,0.8013,1.5012,1.5000,1.8013,1.7963,3.3150,1.2012,1.1013,0.0037,0.8788,1.2038,1.4925,-1.6155,4.7231,0.1164,0.0757,0.1669,0.3698,1.5328,0.1110,0.1441,0.0126,0.0232,0.6715,1.1657,-0.0000,0.1878,0.1700,0.0030,7.8581
1786331140.53,33.101,31.476,34.726,0.8025,0.8087,0.7988,0.8013,0.7988,0.8013,1.5025,1.4988,1.8000,1.7975,3.3150,1.2012,1.1000,0.0037,0.8788,1.2025,1.4938,-1.8538,4.7312,0.1114,0.0753,0.1673,0.3698,1.5408,0.1109,0.1440,0.0117,0.0249,0.5466,1.1643,0.0000,0.1878,0.1714,0.0030,7.5066
1786331141.53,33.679,31.640,34.726,0.8037,0.8087,0.7988,0.8000,0.7988,0.8013,1.5025,1.5000,1.8013,1.7950,3.3138,1.2012,1.1025,0.0037,0.8788,1.2025,1.4938,-2.3389,4.7312,0.1098,0.0756,0.1665,0.3694,1.5341,0.1110,0.1450,0.0135,0.0249,0.5478,1.1675,-0.0000,0.1900,0.1714,0.0022,7.0209
1786331142.53,32.828,31.281,34.726,0.8025,0.8075,0.7988,0.8000,0.7988,0.8013,1.5025,1.5000,1.8013,1.7975,3.3138,1.2012,1.1013,0.0025,0.8788,1.2025,1.4938,-1.8297,4.7239,0.1114,0.0752,0.1665,0.3654,1.5288,0.1095,0.1441,0.0126,0.0232,0.5472,1.1651,-0.0000,0.1878,0.1729,0.0030,7.5068
1786331143.53,33.375,31.562,34.726,0.8037,0.8087,0.7988,0.8013,0.8000,0.8013,1.5025,1.5000,1.8013,1.7963,3.3163,1.2000,1.1013,0.0025,0.8775,1.2025,1.4938,-1.7602,4.7352,0.1126,0.0749,0.1680,0.3682,1.5333,0.1110,0.1441,0.0135,0.0232,0.5460,1.1657,0.0000,0.1887,0.1714,0.0030,7.5985
1786331144.53,33.242,31.320,34.726,0.8037,0.8100,0.7988,0.8013,0.7975,0.8013,1.5025,1.4988,1.8013,1.7950,3.3150,1.2000,1.1013,0.0037,0.8788,1.2025,1.4938,-1.7361,4.7466,0.1186,0.0753,0.1671,0.3686,1.5295,0.1094,0.1441,0.0126,0.0232,0.5460,1.1657,0.0000,0.1878,0.1714,0.0030,7.6328
1786331145.53,32.960,31.554,34.726,0.8037,0.8100,0.7988,0.7988,0.7988,0.8000,1.5025,1.5000,1.8000,1.7950,3.3138,1.2012,1.1013,0.0037,0.8788,1.2038,1.4950,-2.3871,4.7466,0.1086,0.0755,0.1665,0.3664,1.5333,0.1110,0.1440,0.0126,0.0249,0.5478,1.1657,-0.0000,0.1867,0.1715,0.0037,6.9777
1786331146.53,33.304,31.578,34.726,0.8037,0.8087,0.8000,0.8013,0.7988,0.8013,1.5025,1.5000,1.7988,1.7963,3.3150,1.2000,1.1025,0.0037,0.8788,1.2012,1.4938,-1.6879,4.7231,0.1108,0.0757,0.1673,0.3646,1.5431,0.1110,0.1448,0.0126,0.0232,0.5484,1.1670,0.0000,0.1867,0.1712,0.0022,7.6638
1786331147.53,33.296,31.601,34.726,0.8037,0.8087,0.7988,0.8000,0.7988,0.8000,1.5025,1.5000,1.8013,1.7963,3.3150,1.2000,1.1013,0.0037,0.8788,1.2025,1.4938,-2.1219,4.7393,0.1178,0.0756,0.1665,0.3720,1.5310,0.1110,0.1432,0.0117,0.0265,0.5472,1.1657,-0.0000,0.1900,0.1729,0.0022,7.2508
1786331148.53,33.101,31.664,34.726,0.8025,0.8087,0.8000,0.8013,0.7988,0.8013,1.5025,1.5012,1.8000,1.7975,3.3150,1.2012,1.1025,0.0050,0.8775,1.2050,1.4938,-1.7093,4.7595,0.1156,0.0753,0.1669,0.3650,1.5438,0.1111,0.1440,0.0117,0.0232,0.5466,1.1670,-0.0000,0.1887,0.1717,0.0022,7.6830
1786331149.53,33.257,31.328,34.726,0.8025,0.8075,0.8000,0.8013,0.7988,0.8013,1.5012,1.5012,1.8025,1.7950,3.3150,1.2012,1.1025,0.0037,0.8775,1.2025,1.4950,-1.8778,4.7198,0.1152,0.0757,0.1669,0.3738,1.5313,0.1096,0.1442,0.0126,0.0232,0.5466,1.1692,-0.0000,0.1865,0.1699,0.0030,7.4695
1786331150.53,33.125,31.585,34.726,0.8037,0.8087,0.8000,0.8013,0.7988,0.8013,1.5025,1.5000,1.8013,1.7963,3.3138,1.2000,1.1025,0.0037,0.8788,1.2038,1.4938,-1.3503,4.7271,0.1144,0.0749,0.1673,0.3702,1.5438,0.1103,0.1441,0.0126,0.0232,0.5460,1.1659,-0.0000,0.1889,0.1700,0.0022,8.0107
1786331151.53,33.000,31.664,34.726,0.8025,0.8075,0.8000,0.8000,0.7988,0.8000,1.5025,1.5012,1.8000,1.7963,3.3163,1.2012,1.1025,0.0025,0.8775,1.2025,1.4950,-2.0945,4.7239,0.1100,0.0760,0.1673,0.3748,1.5333,0.1096,0.1431,0.0135,0.0232,0.5472,1.1675,-0.0000,0.1876,0.1699,0.0022,7.2545
1786331152.53,32.882,31.562,34.726,0.8037,0.8087,0.7988,0.8000,0.7988,0.8013,1.5025,1.5000,1.8013,1.7950,3.3150,1.2000,1.1013,0.0050,0.8775,1.2038,1.4925,-2.0496,4.7271,0.1166,0.0752,0.1669,0.3734,1.5326,0.1110,0.1441,0.0126,0.0249,0.5466,1.1668,-0.0000,0.1887,0.1700,0.0030,7.3098
1786331153.53,32.976,31.804,34.726,0.8037,0.8087,0.7988,0.8013,0.8000,0.8013,1.5012,1.5000,1.8000,1.7963,3.3150,1.2000,1.1013,0.0025,0.8788,1.2038,1.4950,-1.7361,4.7352,0.1086,0.0753,0.1672,0.3670,1.5305,0.1110,0.1431,0.0126,0.0249,0.5460,1.1657,-0.0000,0.1878,0.1715,0.0022,7.6126
1786331154.53,33.046,31.367,34.726,0.8037,0.8100,0.8000,0.8000,0.8000,0.8000,1.5025,1.5000,1.8013,1.7975,3.3150,1.2000,1.1013,0.0025,0.8775,1.2038,1.4938,-2.1460,4.7385,0.1104,0.0752,0.1676,0.3588,1.5295,0.1110,0.1432,0.0126,0.0249,0.5466,1.1662,-0.0000,0.1876,0.1715,0.0022,7.1998
1786331155.53,33.132,31.421,34.726,0.8037,0.8100,0.7988,0.7988,0.8000,0.8013,1.5025,1.5000,1.8000,1.7963,3.3150,1.2000,1.1013,0.0037,0.8788,1.2038,1.4938,-1.4226,4.7466,0.1118,0.0751,0.1668,0.3674,1.5401,0.1103,0.1440,0.0126,0.0249,0.5466,1.1662,0.0000,0.1889,0.1715,0.0030,7.9531
1786331156.53,32.960,31.476,34.726,0.8037,0.8075,0.8000,0.8013,0.7975,0.8025,1.5025,1.5000,1.8013,1.7963,3.3163,1.2000,1.1025,0.0037,0.8788,1.2025,1.4938,-1.9531,4.7320,0.1132,0.0753,0.1671,0.3692,1.5363,0.1103,0.1432,0.0126,0.0249,0.5454,1.1670,-0.0000,0.1878,0.1714,0.0022,7.4046
1786331157.53,32.726,31.265,34.726,0.8025,0.8087,0.8000,0.8000,0.7988,0.8013,1.5025,1.5012,1.8000,1.7963,3.3150,1.2000,1.1013,0.0050,0.8775,1.2025,1.4938,-1.7334,4.7514,0.1132,0.0752,0.1669,0.3674,1.5356,0.1103,0.1440,0.0126,0.0232,0.5472,1.1662,0.0000,0.1876,0.1699,0.0030,7.6402
1786331158.53,32.968,31.570,34.726,0.8025,0.8100,0.7988,0.8000,0.7988,0.8025,1.5025,1.4988,1.8000,1.7963,3.3163,1.2012,1.1013,0.0037,0.8788,1.2025,1.4950,-1.5890,4.7426,0.1166,0.0748,0.1669,0.3667,1.5393,0.1109,0.1440,0.0126,0.0249,0.5466,1.1657,-0.0000,0.1889,0.1699,0.0037,7.7851
1786331159.53,33.093,31.351,34.726,0.8037,0.8087,0.7988,0.8000,0.7988,0.8013,1.5025,1.5000,1.8013,1.7963,3.3150,1.2012,1.1025,0.0037,0.8788,1.2038,1.4950,-1.8808,4.7393,0.1110,0.0752,0.1669,0.3614,1.5318,0.1103,0.1441,0.0126,0.0232,0.5472,1.1681,-0.0000,0.1867,0.1715,0.0030,7.4715
1786331160.53,32.992,31.546,34.726,0.8037,0.8075,0.7988,0.8013,0.7988,0.8013,1.5025,1.5000,1.8013,1.7963,3.3138,1.2000,1.1013,0.0037,0.8788,1.2038,1.4938,-1.9049,4.7279,0.1098,0.0757,0.1669,0.3682,1.5431,0.1110,0.1441,0.0126,0.0249,0.5466,1.1657,-0.0000,0.1867,0.1715,0.0037,7.4535
1786331161.53,32.843,31.242,34.726,0.8037,0.8087,0.7988,0.8000,0.7988,0.8013,1.5025,1.5000,1.8025,1.7950,3.3138,1.2012,1.1013,0.0050,0.8775,1.2025,1.4938,-1.9290,4.7271,0.1138,0.0756,0.1673,0.3694,1.5326,0.1118,0.1442,0.0126,0.0232,0.5466,1.1668,-0.0000,0.1865,0.1714,0.0030,7.4227
1786331162.53,32.851,31.453,34.726,0.8037,0.8087,0.8000,0.8013,0.7988,0.8013,1.5025,1.5000,1.8025,1.7963,3.3138,1.2000,1.1025,0.0037,0.8788,1.2025,1.4950,-1.8808,4.7393,0.1200,0.0753,0.1665,0.3674,1.5318,0.1110,0.1433,0.0117,0.0232,0.5472,1.1670,-0.0000,0.1900,0.1714,0.0022,7.4865
1786331163.53,32.804,31.234,34.726,0.8037,0.8087,0.8000,0.8013,0.7988,0.8013,1.5025,1.5000,1.8013,1.7950,3.3150,1.2000,1.1013,0.0037,0.8788,1.2025,1.4938,-2.0978,4.7352,0.1208,0.0757,0.1669,0.3746,1.5341,0.1118,0.1432,0.0126,0.0249,0.5454,1.1662,-0.0000,0.1889,0.1729,0.0037,7.2791
1786331164.53,33.132,31.609,34.726,0.8037,0.8087,0.8000,0.8013,0.7988,0.8013,1.5025,1.5000,1.8025,1.7963,3.3138,1.2000,1.1013,0.0037,0.8788,1.2038,1.4925,-1.5914,4.7231,0.1160,0.0753,0.1673,0.3754,1.5318,0.1110,0.1442,0.0126,0.0249,0.5460,1.1657,-0.0000,0.1900,0.1715,0.0037,7.7671
1786331165.53,33.148,31.445,34.726,0.8037,0.8087,0.7988,0.8000,0.7988,0.8013,1.5025,1.4988,1.8013,1.7963,3.3150,1.2000,1.1013,0.0025,0.8762,1.2038,1.4938,-2.0254,4.7271,0.1134,0.0756,0.1673,0.3702,1.5416,0.1109,0.1441,0.0126,0.0249,0.5484,1.1657,-0.0000,0.1873,0.1700,0.0030,7.3366
1786331166.53,33.000,31.375,34.726,0.8025,0.8087,0.8000,0.8013,0.7988,0.8025,1.5025,1.5000,1.8025,1.7950,3.3125,1.2000,1.1000,0.0037,0.8775,1.2012,1.4938,-2.1427,4.7433,0.1140,0.0757,0.1673,0.3732,1.5326,0.1103,0.1442,0.0126,0.0232,0.5460,1.1649,-0.0000,0.1887,0.1697,0.0015,7.2243
1786331167.53,33.132,31.343,34.726,0.8037,0.8087,0.8000,0.8000,0.7988,0.8025,1.5025,1.5000,1.8013,1.7963,3.3150,1.2012,1.1000,0.0037,0.8775,1.2038,1.4938,-2.0013,4.7352,0.1092,0.0752,0.1673,0.3675,1.5423,0.1103,0.1432,0.0126,0.0249,0.5478,1.1638,-0.0000,0.1898,0.1700,0.0037,7.3615
1786331168.53,33.101,31.328,34.726,0.8050,0.8087,0.8000,0.8000,0.7988,0.8013,1.5025,1.5000,1.8013,1.7950,3.3138,1.2012,1.1013,0.0037,0.8775,1.2025,1.4938,-1.9079,4.7393,0.1148,0.0752,0.1669,0.3658,1.5341,0.1110,0.1441,0.0126,0.0249,0.5460,1.1662,-0.0000,0.1909,0.1699,0.0022,7.4558
1786331169.53,33.140,31.273,34.726,0.8037,0.8087,0.7988,0.8013,0.7988,0.8013,1.5025,1.5000,1.8013,1.7950,3.3150,1.2000,1.1013,0.0037,0.8775,1.2025,1.4938,-1.2780,4.7352,0.1166,0.0753,0.1669,0.3682,1.5295,0.1095,0.1450,0.0126,0.0249,0.5466,1.1662,-0.0000,0.1876,0.1714,0.0030,8.0805
1786331170.53,32.757,31.359,34.726,0.8037,0.8087,0.8000,0.8000,0.7988,0.8013,1.5025,1.5000,1.8025,1.7963,3.3163,1.2012,1.1025,0.0037,0.8775,1.2038,1.4938,-1.7843,4.7393,0.1156,0.0756,0.1673,0.3690,1.5371,0.1103,0.1433,0.0135,0.0232,0.5484,1.1687,0.0000,0.1876,0.1715,0.0030,7.5889
1786331171.53,33.312,31.414,34.726,0.8037,0.8113,0.7988,0.8000,0.8000,0.8013,1.5025,1.5000,1.8013,1.7963,3.3138,1.2000,1.1013,0.0037,0.8775,1.2025,1.4938,-1.6397,4.7580,0.1174,0.0752,0.1676,0.3718,1.5288,0.1110,0.1432,0.0126,0.0249,0.5478,1.1673,-0.0000,0.1909,0.1714,0.0015,7.7496
1786331172.53,32.882,31.234,34.726,0.8037,0.8100,0.8013,0.8000,0.7988,0.8000,1.5012,1.5012,1.8013,1.7963,3.3150,1.2000,1.1025,0.0037,0.8775,1.2025,1.4950,-2.2425,4.7466,0.1122,0.0748,0.1669,0.3672,1.5335,0.1096,0.1441,0.0126,0.0215,0.5478,1.1670,-0.0000,0.1865,0.1729,0.0037,7.1244
1786331173.53,32.820,31.195,34.726,0.8037,0.8087,0.7988,0.8013,0.7988,0.8013,1.5025,1.5000,1.8025,1.7963,3.3138,1.2000,1.1013,0.0037,0.8788,1.2025,1.4950,-1.4226,4.7393,0.1150,0.0753,0.1673,0.3598,1.5318,0.1125,0.1451,0.0135,0.0232,0.5832,1.1662,-0.0000,0.1867,0.1714,0.0037,7.9714
1786331174.53,32.921,31.781,34.726,0.8037,0.8087,0.7988,0.8000,0.7988,0.8013,1.5025,1.5000,1.8000,1.7963,3.3150,1.2000,1.1025,0.0050,0.8788,1.2038,1.4938,-1.2538,4.7393,0.1130,0.0752,0.1673,0.3582,1.5303,0.1103,0.1440,0.0126,0.0232,0.5448,1.1670,-0.0000,0.1878,0.1730,0.0030,8.0951
1786331175.53,33.125,31.382,34.726,0.8025,0.8075,0.7988,0.8013,0.7988,0.8000,1.5012,1.5000,1.8000,1.7950,3.3150,1.2000,1.1013,0.0037,0.8775,1.2025,1.4925,-1.5890,4.7360,0.1158,0.0753,0.1673,0.3736,1.5410,0.1095,0.1431,0.0126,0.0249,0.5454,1.1662,-0.0000,0.1909,0.1729,0.0030,7.7885
1786331176.53,32.851,31.210,34.726,0.8037,0.8087,0.7988,0.8000,0.8000,0.8000,1.5025,1.4988,1.8013,1.7950,3.3138,1.2000,1.1013,0.0050,0.8775,1.2025,1.4950,-1.5914,4.7433,0.1138,0.0756,0.1668,0.3680,1.5326,0.1109,0.1441,0.0117,0.0249,0.5484,1.1662,-0.0000,0.1865,0.1714,0.0030,7.7756
1786331177.53,32.835,31.335,34.726,0.8025,0.8087,0.7975,0.8000,0.7988,0.8013,1.5012,1.5000,1.8013,1.7975,3.3150,1.2012,1.1013,0.0050,0.8788,1.2025,1.4950,-1.3963,4.7352,0.1140,0.0748,0.1673,0.3686,1.5418,0.1095,0.1441,0.0117,0.0232,0.5472,1.1668,-0.0000,0.1878,0.1714,0.0030,7.9700
1786331178.53,33.007,31.507,34.726,0.8050,0.8087,0.7988,0.8013,0.7988,0.8013,1.5012,1.5000,1.8025,1.7950,3.3150,1.2000,1.1025,0.0037,0.8788,1.2038,1.4938,-1.2800,4.7271,0.1166,0.0749,0.1669,0.3686,1.5305,0.1118,0.1442,0.0126,0.0249,0.5466,1.1675,0.0000,0.1878,0.1715,0.0037,8.0754
1786331179.53,32.960,31.484,34.726,0.8050,0.8087,0.7988,0.8000,0.7988,0.8000,1.5025,1.5000,1.8013,1.7963,3.3150,1.2000,1.1000,0.0050,0.8788,1.2025,1.4938,-1.7388,4.7393,0.1134,0.0752,0.1673,0.3592,1.5303,0.1110,0.1441,0.0108,0.0249,0.5478,1.1643,-0.0000,0.1878,0.1714,0.0022,7.6102
1786331180.53,32.898,31.328,34.726,0.8037,0.8087,0.7988,0.8000,0.7988,0.8013,1.5025,1.5000,1.8000,1.7963,3.3138,1.2000,1.1013,0.0037,0.8788,1.2038,1.4938,-1.9290,4.7474,0.1150,0.0752,0.1669,0.3646,1.5318,0.1103,0.1449,0.0108,0.0249,0.5472,1.1668,-0.0000,0.1911,0.1715,0.0022,7.4415
1786331181.53,32.945,31.359,34.726,0.8037,0.8087,0.8000,0.8000,0.7975,0.7988,1.5025,1.5000,1.8000,1.7950,3.3138,1.2000,1.1013,0.0037,0.8775,1.2038,1.4938,-1.7843,4.7271,0.1120,0.0756,0.1667,0.3710,1.5310,0.1103,0.1440,0.0117,0.0249,0.5502,1.1668,-0.0000,0.1887,0.1715,0.0022,7.5693
1786331182.53,33.218,31.546,34.726,0.8025,0.8075,0.7988,0.8000,0.7988,0.8013,1.5012,1.5000,1.7988,1.7963,3.3138,1.2012,1.1000,0.0037,0.8775,1.2025,1.4938,-1.7093,4.7441,0.1094,0.0756,0.1673,0.3690,1.5395,0.1103,0.1439,0.0117,0.0232,0.5502,1.1649,-0.0000,0.1887,0.1714,0.0030,7.6627
1786331183.53,33.250,31.453,34.726,0.8025,0.8087,0.7988,0.8000,0.7988,0.8000,1.5012,1.5000,1.8013,1.7963,3.3138,1.2000,1.1013,0.0037,0.8775,1.2025,1.4938,-1.9501,4.7352,0.1166,0.0752,0.1669,0.3736,1.5298,0.1110,0.1441,0.0117,0.0232,0.5478,1.1657,-0.0000,0.1898,0.1714,0.0030,7.4148
1786331184.53,33.367,31.195,34.726,0.8037,0.8087,0.7988,0.8013,0.7988,0.8013,1.5012,1.5000,1.7988,1.7963,3.3138,1.2000,1.1025,0.0037,0.8788,1.2038,1.4950,-1.6397,4.7271,0.1094,0.0757,0.1665,0.3674,1.5365,0.1088,0.1439,0.0126,0.0249,0.5472,1.1675,-0.0000,0.1878,0.1700,0.0037,7.7095
1786331185.53,32.671,31.382,34.726,0.8037,0.8100,0.7988,0.8000,0.7988,0.8013,1.5012,1.5000,1.8000,1.7963,3.3150,1.2000,1.1013,0.0037,0.8775,1.2025,1.4938,-1.7602,4.7264,0.1150,0.0752,0.1669,0.3710,1.5313,0.1103,0.1431,0.0117,0.0249,0.5460,1.1651,-0.0000,0.1876,0.1714,0.0030,7.5885
1786331186.53,32.835,31.640,34.726,0.8025,0.8087,0.7988,0.8000,0.7988,0.8013,1.5025,1.4988,1.8025,1.7950,3.3150,1.2000,1.1013,0.0037,0.8788,1.2025,1.4938,-1.5890,4.7433,0.1122,0.0756,0.1673,0.3578,1.5386,0.1094,0.1442,0.0135,0.0215,0.5460,1.1662,-0.0000,0.1889,0.1714,0.0022,7.7692
1786331187.53,32.984,31.218,34.726,0.8037,0.8100,0.8000,0.8000,0.7988,0.8013,1.5025,1.5000,1.7988,1.7963,3.3150,1.2000,1.1013,0.0037,0.8788,1.2025,1.4938,-1.8084,4.7426,0.1160,0.0756,0.1669,0.3730,1.5356,0.1110,0.1439,0.0126,0.0249,0.5514,1.1657,-0.0000,0.1900,0.1729,0.0030,7.5765
1786331188.53,32.687,31.281,34.726,0.8037,0.8100,0.8000,0.8000,0.7975,0.8025,1.5025,1.4988,1.8013,1.7963,3.3150,1.2000,1.1013,0.0037,0.8788,1.2025,1.4950,-1.8808,4.7304,0.1104,0.0756,0.1671,0.5674,1.5363,0.1102,0.1432,0.0126,0.0249,0.5592,1.1657,-0.0000,0.1878,0.1729,0.0022,7.6850
1786331189.53,33.359,31.554,34.726,0.8037,0.8087,0.7988,0.8013,0.7988,0.8013,1.5038,1.5000,1.8013,1.7963,3.3163,1.1987,1.1013,0.0050,0.8788,1.2025,1.4938,-1.2297,4.7312,0.1114,0.0757,0.1669,0.5396,1.5308,0.1103,0.1432,0.0117,0.0265,0.5466,1.1657,-0.0000,0.1856,0.1729,0.0037,8.2922
1786331190.53,33.000,31.335,34.726,0.8037,0.8100,0.7975,0.8000,0.7988,0.8013,1.5025,1.4988,1.8013,1.7963,3.3138,1.2000,1.1000,0.0037,0.8788,1.2025,1.4938,-1.2538,4.7304,0.1148,0.0752,0.1669,0.3730,1.5295,0.1109,0.1450,0.0117,0.0232,0.5454,1.1643,-0.0000,0.1889,0.1714,0.0022,8.0991
1786331191.53,32.984,31.476,34.726,0.8037,0.8087,0.8000,0.8000,0.8000,0.8025,1.5025,1.4988,1.8013,1.7963,3.3138,1.2000,1.1000,0.0037,0.8788,1.2050,1.4950,-2.1701,4.7231,0.1136,0.0752,0.1672,0.3663,1.5341,0.1102,0.1441,0.0126,0.0232,0.5460,1.1643,-0.0000,0.1889,0.1732,0.0022,7.1741
1786331192.53,32.757,31.531,34.726,0.8037,0.8087,0.7988,0.8000,0.7988,0.8013,1.5025,1.4988,1.8025,1.7950,3.3138,1.2000,1.1000,0.0025,0.8775,1.2038,1.4938,-1.8808,4.7474,0.1130,0.0752,0.1673,0.3714,1.5393,0.1109,0.1424,0.0126,0.0249,0.5478,1.1655,0.0000,0.1865,0.1715,0.0022,7.4971
1786331193.53,33.023,31.484,34.726,0.8037,0.8100,0.8000,0.8013,0.7988,0.8013,1.5025,1.5000,1.8013,1.7963,3.3150,1.2012,1.1013,0.0025,0.8788,1.2025,1.4950,-2.3148,4.7385,0.1144,0.0753,0.1665,0.3706,1.5326,0.1103,0.1441,0.0126,0.0232,0.5484,1.1662,-0.0000,0.1878,0.1714,0.0037,7.0507
1786331194.53,33.062,31.625,34.726,0.8037,0.8087,0.7988,0.8000,0.7988,0.8013,1.5025,1.5000,1.8013,1.7950,3.3138,1.2000,1.1013,0.0050,0.8775,1.2025,1.4938,-1.3021,4.7191,0.1162,0.0752,0.1665,0.3550,1.5416,0.1095,0.1441,0.0126,0.0249,0.5472,1.1651,-0.0000,0.1865,0.1714,0.0037,8.0364
1786331195.53,32.695,31.570,34.726,0.8037,0.8100,0.8000,0.8013,0.7988,0.8013,1.5025,1.5000,1.8013,1.7963,3.3150,1.2012,1.1013,0.0037,0.8788,1.2025,1.4938,-1.4468,4.7588,0.1112,0.0753,0.1673,0.3710,1.5326,0.1103,0.1432,0.0126,0.0249,0.5466,1.1651,-0.0000,0.1856,0.1714,0.0030,7.9319
1786331196.53,32.960,31.507,34.726,0.8037,0.8087,0.7988,0.8000,0.7988,0.8000,1.5025,1.4988,1.8000,1.7963,3.3150,1.2000,1.1013,0.0037,0.8775,1.2025,1.4938,-1.4468,4.7271,0.1102,0.0748,0.1669,0.3624,1.5438,0.1094,0.1440,0.0126,0.0265,0.5454,1.1657,-0.0000,0.1865,0.1714,0.0030,7.9030
1786331197.53,32.765,31.460,34.726,0.8037,0.8087,0.7988,0.7988,0.8000,0.8013,1.5025,1.5000,1.8000,1.7950,3.3138,1.2000,1.1025,0.0025,0.8775,1.2025,1.4938,-1.0610,4.7312,0.1106,0.0751,0.1672,0.3602,1.5310,0.1103,0.1431,0.0117,0.0249,0.5484,1.1681,-0.0000,0.1887,0.1714,0.0022,8.2830
1786331198.53,33.195,31.601,34.726,0.8025,0.8100,0.7988,0.8000,0.7988,0.8013,1.5038,1.4988,1.8000,1.7963,3.3150,1.2000,1.1013,0.0037,0.8788,1.2025,1.4938,-2.0223,4.7385,0.1158,0.0748,0.1673,0.3730,1.5338,0.1102,0.1431,0.0126,0.0232,0.5466,1.1657,-0.0000,0.1878,0.1699,0.0022,7.3422
1786331199.53,32.679,31.609,34.726,0.8037,0.8087,0.7988,0.8000,0.7988,0.8013,1.5025,1.5012,1.8000,1.7963,3.3163,1.2012,1.1013,0.0037,0.8788,1.2038,1.4938,-2.4836,4.7312,0.1098,0.0752,0.1673,0.3582,1.5310,0.1111,0.1440,0.0126,0.0249,0.5460,1.1662,-0.0000,0.1856,0.1685,0.0037,6.8518
1786331200.53,33.132,31.132,34.726,0.8037,0.8075,0.7988,0.7988,0.7988,0.8000,1.5025,1.5000,1.8013,1.7950,3.3150,1.2000,1.1013,0.0050,0.8800,1.2038,1.4950,-1.2538,4.7158,0.1118,0.0751,0.1673,0.3432,1.5431,0.1103,0.1441,0.0126,0.0232,0.5484,1.1662,-0.0000,0.1881,0.1700,0.0030,8.0683
1786331201.53,33.078,31.445,34.726,0.8037,0.8087,0.8000,0.8000,0.7988,0.8013,1.5025,1.5000,1.8000,1.7963,3.3138,1.1987,1.1025,0.0037,0.8788,1.2025,1.4950,-1.2056,4.7312,0.1172,0.0752,0.1673,0.3437,1.5333,0.1118,0.1440,0.0126,0.0232,0.5454,1.1670,-0.0000,0.1856,0.1714,0.0037,8.1270
1786331202.53,32.898,31.460,34.726,0.8037,0.8087,0.7988,0.8000,0.7975,0.8013,1.5025,1.5012,1.8000,1.7963,3.3150,1.2000,1.1013,0.0037,0.8788,1.2025,1.4950,-1.5191,4.7393,0.1138,0.0752,0.1671,0.3445,1.5438,0.1103,0.1440,0.0126,0.0232,0.5466,1.1662,-0.0000,0.1867,0.1729,0.0037,7.8309
1786331203.53,32.953,31.351,34.726,0.8025,0.8087,0.7988,0.8000,0.7988,0.8013,1.5025,1.5000,1.8000,1.7950,3.3150,1.2012,1.1013,0.0037,0.8788,1.2038,1.4938,-1.4926,4.7312,0.1114,0.0756,0.1673,0.3766,1.5423,0.1095,0.1440,0.0126,0.0215,0.5478,1.1673,-0.0000,0.1878,0.1715,0.0030,7.8769
1786331204.53,32.789,31.250,34.726,0.8050,0.8087,0.7988,0.8000,0.8000,0.8013,1.5025,1.5000,1.8013,1.7963,3.3150,1.2012,1.1013,0.0050,0.8775,1.2038,1.4938,-1.8596,4.7352,0.1122,0.0752,0.1668,0.3578,1.5318,0.1110,0.1450,0.0126,0.0232,0.5466,1.1651,-0.0000,0.1865,0.1745,0.0037,7.4877
1786331205.53,33.062,31.390,34.726,0.8037,0.8100,0.7988,0.8013,0.7975,0.8013,1.5025,1.5000,1.8000,1.7963,3.3138,1.2000,1.1025,0.0050,0.8788,1.2025,1.4938,-2.0496,4.7345,0.1102,0.0753,0.1667,0.3730,1.5318,0.1095,0.1440,0.0126,0.0249,0.5472,1.1670,-0.0000,0.1889,0.1714,0.0030,7.3103
1786331206.53,33.515,31.375,34.726,0.8025,0.8087,0.8013,0.8000,0.7988,0.8013,1.5025,1.5000,1.8013,1.7963,3.3150,1.2012,1.1013,0.0037,0.8800,1.2038,1.4938,-2.0223,4.7231,0.1090,0.0756,0.1665,0.3670,1.5310,0.1110,0.1432,0.0126,0.0249,0.5472,1.1662,-0.0000,0.1881,0.1730,0.0030,7.3191
1786331207.53,32.976,31.304,34.726,0.8037,0.8087,0.8000,0.8000,0.7988,0.8013,1.5025,1.5012,1.8013,1.7950,3.3150,1.2000,1.1025,0.0037,0.8788,1.2025,1.4938,-2.1219,4.7150,0.1160,0.0752,0.1673,0.3746,1.5318,0.1111,0.1450,0.0117,0.0249,0.5466,1.1670,-0.0000,0.1878,0.1714,0.0030,7.2264
1786331208.53,32.695,31.187,34.726,0.8037,0.8075,0.7988,0.8000,0.7988,0.8013,1.5012,1.5012,1.8000,1.7963,3.3150,1.2000,1.1013,0.0050,0.8775,1.2038,1.4938,-1.7602,4.7279,0.1146,0.0756,0.1669,0.3441,1.5298,0.1118,0.1440,0.0126,0.0232,0.5478,1.1668,-0.0000,0.1876,0.1700,0.0022,7.5648
1786331209.53,33.023,30.976,34.726,0.8037,0.8087,0.7988,0.8013,0.7988,0.8013,1.5025,1.5000,1.8000,1.7963,3.3150,1.2000,1.1025,0.0050,0.8775,1.2025,1.4938,-1.5673,4.7312,0.1154,0.0765,0.1669,0.3433,1.5416,0.1103,0.1431,0.0126,0.0215,0.5478,1.1675,-0.0000,0.1876,0.1714,0.0030,7.7724
1786331210.53,33.195,31.203,34.726,0.8037,0.8087,0.8000,0.8000,0.7988,0.8000,1.5025,1.4988,1.8000,1.7950,3.3150,1.2012,1.1038,0.0037,0.8775,1.2025,1.4938,-1.2297,4.7150,0.1152,0.0752,0.1669,0.3724,1.5401,0.1102,0.1440,0.0135,0.0232,0.5472,1.1683,-0.0000,0.1887,0.1714,0.0037,8.1251
1786331211.53,32.921,31.257,34.726,0.8050,0.8100,0.7988,0.8013,0.7975,0.8013,1.5012,1.5000,1.8025,1.7963,3.3138,1.1987,1.1013,0.0050,0.8775,1.2025,1.4938,-0.8936,4.7183,0.1150,0.0757,0.1667,0.3670,1.5298,0.1110,0.1442,0.0126,0.0232,0.5442,1.1662,-0.0000,0.1865,0.1714,0.0022,8.4403
1786331212.53,32.867,31.203,34.726,0.8037,0.8087,0.8000,0.7988,0.8000,0.8013,1.5025,1.4975,1.8013,1.7963,3.3150,1.2000,1.1013,0.0037,0.8788,1.2025,1.4938,-1.2780,4.7271,0.1160,0.0747,0.1672,0.3698,1.5416,0.1101,0.1432,0.0126,0.0249,0.5472,1.1662,-0.0000,0.1889,0.1714,0.0037,8.0865
1786331213.53,32.804,31.382,34.726,0.8037,0.8087,0.8000,0.8000,0.7988,0.8025,1.5025,1.5000,1.8013,1.7963,3.3150,1.2000,1.1025,0.0037,0.8800,1.2025,1.4938,-1.2538,4.7312,0.1160,0.0756,0.1665,0.3671,1.5326,0.1095,0.1432,0.0117,0.0232,0.5448,1.1670,-0.0000,0.1870,0.1714,0.0037,8.0966
1786331214.53,32.828,31.289,34.726,0.8037,0.8113,0.8000,0.8013,0.7988,0.8000,1.5025,1.5012,1.8000,1.7950,3.3138,1.2000,1.1013,0.0037,0.8788,1.2025,1.4938,-1.3744,4.7377,0.1100,0.0757,0.1673,0.3424,1.5326,0.1096,0.1440,0.0126,0.0215,0.5478,1.1668,-0.0000,0.1867,0.1729,0.0030,7.9561
1786331215.54,33.132,31.476,34.726,0.8037,0.8100,0.7988,0.8000,0.7988,0.8013,1.5025,1.5000,1.8000,1.7950,3.3150,1.1987,1.1025,0.0025,0.8788,1.2038,1.4925,-1.6638,4.7426,0.1154,0.0752,0.1665,0.3437,1.5295,0.1103,0.1449,0.0126,0.0265,0.5472,1.1675,-0.0000,0.1878,0.1715,0.0022,7.6798
1786331216.54,32.812,31.523,34.726,0.8025,0.8100,0.8000,0.8013,0.7988,0.8025,1.5038,1.5000,1.8000,1.7963,3.3150,1.2000,1.1000,0.0037,0.8788,1.2025,1.4950,-1.6612,4.7345,0.1164,0.0753,0.1669,0.3435,1.5391,0.1110,0.1431,0.0126,0.0232,0.5472,1.1655,-0.0000,0.1889,0.1699,0.0030,7.6788
1786331217.54,32.765,31.367,34.726,0.8025,0.8087,0.7988,0.8013,0.7988,0.8000,1.5025,1.4988,1.8000,1.7963,3.3138,1.2000,1.1013,0.0037,0.8775,1.2012,1.4938,-1.8056,4.7191,0.1150,0.0753,0.1673,0.3680,1.5356,0.1109,0.1440,0.0126,0.0232,0.5496,1.1657,-0.0000,0.1876,0.1712,0.0030,7.5423
1786331218.54,32.804,31.507,34.726,0.8037,0.8087,0.7988,0.8013,0.7988,0.8013,1.5038,1.4988,1.8013,1.7950,3.3150,1.2000,1.1025,0.0037,0.8775,1.2025,1.4938,-1.6879,4.7312,0.1102,0.0753,0.1669,0.3702,1.5286,0.1109,0.1432,0.0108,0.0232,0.5472,1.1675,-0.0000,0.1854,0.1699,0.0030,7.6556
1786331219.54,32.921,31.312,34.726,0.8037,0.8100,0.7988,0.8013,0.7988,0.8013,1.5025,1.5012,1.8000,1.7963,3.3138,1.2000,1.1013,0.0037,0.8775,1.2025,1.4938,-1.4950,4.7264,0.1082,0.0753,0.1669,0.3674,1.5341,0.1111,0.1449,0.0126,0.0249,0.5460,1.1668,-0.0000,0.1898,0.1714,0.0030,7.8536
1786331220.54,32.804,30.984,34.726,0.8037,0.8087,0.8000,0.8000,0.7988,0.8013,1.5038,1.5000,1.8013,1.7963,3.3150,1.2012,1.1013,0.0025,0.8788,1.2025,1.4938,-1.8326,4.7312,0.1132,0.0748,0.1673,0.3606,1.5391,0.1110,0.1441,0.0117,0.0249,0.5478,1.1657,0.0000,0.1878,0.1699,0.0030,7.5194
1786331221.54,32.609,31.437,34.726,0.8037,0.8087,0.8000,0.8000,0.7988,0.8025,1.5025,1.5000,1.8000,1.7963,3.3138,1.2000,1.1025,0.0037,0.8775,1.2025,1.4938,-1.2780,4.7191,0.1160,0.0756,0.1669,0.3575,1.5341,0.1110,0.1440,0.0117,0.0249,0.5466,1.1670,-0.0000,0.1887,0.1729,0.0030,8.0608
1786331222.54,33.312,31.234,34.726,0.8037,0.8100,0.8000,0.8000,0.7988,0.8013,1.5038,1.5000,1.8025,1.7950,3.3150,1.2000,1.1000,0.0050,0.8775,1.2025,1.4950,-1.6879,4.7304,0.1136,0.0752,0.1673,0.3670,1.5383,0.1103,0.1442,0.0126,0.0249,0.5454,1.1638,-0.0000,0.1876,0.1714,0.0022,7.6662
1786331223.54,32.851,31.257,34.726,0.8037,0.8075,0.8000,0.8000,0.7988,0.8025,1.5025,1.5000,1.8025,1.7963,3.3138,1.2012,1.1013,0.0037,0.8788,1.2025,1.4938,-1.6879,4.7360,0.1108,0.0752,0.1665,0.3675,1.5280,0.1095,0.1442,0.0117,0.0232,0.5472,1.1662,-0.0000,0.1867,0.1714,0.0030,7.6593
1786331224.54,32.750,31.054,34.726,0.8037,0.8087,0.8000,0.8000,0.7988,0.8013,1.5025,1.4988,1.8013,1.7963,3.3138,1.2000,1.1013,0.0037,0.8788,1.2025,1.4938,-2.5077,4.7393,0.1196,0.0756,0.1665,0.3702,1.5326,0.1109,0.1432,0.0126,0.0249,0.5466,1.1662,-0.0000,0.1878,0.1714,0.0037,6.8633
1786331225.54,32.750,31.296,34.726,0.8037,0.8063,0.8000,0.8000,0.7988,0.8013,1.5012,1.4988,1.8013,1.7963,3.3138,1.2000,1.1013,0.0037,0.8788,1.2038,1.4938,-1.4709,4.7246,0.1128,0.0752,0.1669,0.3473,1.5335,0.1117,0.1432,0.0126,0.0232,0.5460,1.1668,-0.0000,0.1889,0.1730,0.0030,7.8579
1786331226.54,32.664,31.289,34.726,0.8050,0.8087,0.7988,0.8000,0.7988,0.8013,1.5025,1.5000,1.8013,1.7963,3.3163,1.2000,1.1013,0.0050,0.8762,1.2025,1.4938,-1.8354,4.7312,0.1158,0.0752,0.1669,0.3445,1.5393,0.1103,0.1441,0.0117,0.0249,0.5574,1.1657,-0.0000,0.1873,0.1714,0.0022,7.5124
1786331227.54,32.656,31.390,34.726,0.8037,0.8087,0.7988,0.8000,0.7988,0.8013,1.5025,1.5000,1.8013,1.7963,3.3150,1.2000,1.1013,0.0037,0.8775,1.2025,1.4925,-1.3262,4.7352,0.1114,0.0748,0.1669,0.3465,1.5348,0.1118,0.1432,0.0126,0.0215,0.5478,1.1662,-0.0000,0.1865,0.1699,0.0037,8.0067
1786331228.54,32.593,31.390,34.726,0.8037,0.8087,0.7988,0.8013,0.7988,0.8013,1.5025,1.5000,1.8013,1.7950,3.3150,1.2012,1.1013,0.0050,0.8788,1.2038,1.4938,-1.7361,4.7150,0.1118,0.0753,0.1665,0.3758,1.5310,0.1103,0.1450,0.0126,0.0249,0.5484,1.1651,0.0000,0.1867,0.1700,0.0030,7.6054
1786331229.54,32.765,31.250,34.726,0.8037,0.8100,0.7988,0.8013,0.7975,0.8013,1.5025,1.4988,1.8013,1.7963,3.3150,1.2012,1.1025,0.0025,0.8788,1.2025,1.4938,-1.3503,4.7304,0.1114,0.0749,0.1671,0.3694,1.5408,0.1102,0.1441,0.0126,0.0232,0.5454,1.1675,-0.0000,0.1878,0.1714,0.0030,8.0088
1786331230.54,32.648,31.078,34.726,0.8025,0.8087,0.7988,0.8000,0.7988,0.8013,1.5025,1.5000,1.8000,1.7963,3.3150,1.2012,1.1013,0.0037,0.8775,1.2025,1.4938,-1.3963,4.7393,0.1146,0.0752,0.1669,0.3734,1.5310,0.1103,0.1431,0.0126,0.0232,0.5454,1.1657,-0.0000,0.1887,0.1699,0.0037,7.9665
1786331231.54,32.960,31.476,34.726,0.8037,0.8087,0.7988,0.7988,0.7988,0.8013,1.5012,1.5000,1.8013,1.7963,3.3150,1.2000,1.1013,0.0050,0.8788,1.2025,1.4938,-2.0496,4.7271,0.1098,0.0755,0.1665,0.3618,1.5395,0.1110,0.1450,0.0117,0.0232,0.5460,1.1662,-0.0000,0.1878,0.1714,0.0030,7.2960
1786331232.54,32.664,31.203,34.726,0.8037,0.8100,0.7975,0.8013,0.8000,0.8013,1.5025,1.4988,1.8000,1.7963,3.3150,1.2000,1.1013,0.0037,0.8788,1.2038,1.4938,-2.0978,4.7345,0.1148,0.0753,0.1672,0.3690,1.5288,0.1102,0.1440,0.0126,0.0232,0.5460,1.1657,-0.0000,0.1878,0.1715,0.0030,7.2557
1786331233.54,32.765,31.242,34.726,0.8037,0.8075,0.7975,0.8000,0.7988,0.8013,1.5025,1.5000,1.8013,1.7950,3.3150,1.2012,1.1013,0.0037,0.8800,1.2025,1.4950,-1.4950,4.7279,0.1172,0.0748,0.1665,0.3646,1.5303,0.1103,0.1441,0.0117,0.0249,0.5472,1.1662,-0.0000,0.1881,0.1714,0.0030,7.8531
1786331234.54,32.773,31.156,34.726,0.8037,0.8087,0.8000,0.8000,0.7988,0.8025,1.5025,1.5000,1.8000,1.7950,3.3138,1.1987,1.1025,0.0050,0.8788,1.2038,1.4938,-1.8326,4.7312,0.1184,0.0752,0.1669,0.3659,1.5318,0.1088,0.1440,0.0126,0.0215,0.5454,1.1681,-0.0000,0.1867,0.1700,0.0030,7.5170
1786331235.54,32.804,30.968,34.726,0.8037,0.8100,0.7988,0.8000,0.7988,0.8013,1.5025,1.5000,1.8025,1.7963,3.3163,1.2000,1.1025,0.0025,0.8775,1.2038,1.4925,-2.0013,4.7345,0.1146,0.0748,0.1669,0.3586,1.5318,0.1103,0.1442,0.0117,0.0232,0.5466,1.1675,-0.0000,0.1876,0.1715,0.0030,7.3454
1786331236.54,32.781,31.312,34.726,0.8037,0.8100,0.8000,0.8013,0.8000,0.8013,1.5038,1.5000,1.8000,1.7950,3.3138,1.2000,1.1013,0.0025,0.8788,1.2025,1.4938,-1.6397,4.7426,0.1132,0.0753,0.1672,0.3674,1.5421,0.1110,0.1440,0.0126,0.0232,0.5484,1.1651,-0.0000,0.1867,0.1714,0.0030,7.7334
1786331237.54,32.570,31.257,34.726,0.8025,0.8087,0.8000,0.8000,0.8000,0.8013,1.5025,1.4988,1.8013,1.7963,3.3125,1.2012,1.1025,0.0037,0.8788,1.2025,1.4938,-1.2760,4.7393,0.1180,0.0748,0.1668,0.3686,1.5310,0.1109,0.1432,0.0126,0.0248,0.5466,1.1670,-0.0000,0.1867,0.1729,0.0030,8.0902
1786331238.54,33.000,31.531,34.726,0.8037,0.8100,0.7988,0.8013,0.7988,0.8013,1.5025,1.5000,1.8000,1.7963,3.3150,1.2000,1.1013,0.0037,0.8788,1.2038,1.4938,-1.8084,4.7264,0.1130,0.0753,0.1665,0.3670,1.5408,0.1110,0.1440,0.0126,0.0249,0.5532,1.1662,-0.0000,0.1878,0.1715,0.0030,7.5548
1786331239.54,33.062,31.070,34.726,0.8037,0.8087,0.7988,0.8000,0.7988,0.8013,1.5012,1.5000,1.8000,1.7963,3.3163,1.2012,1.1025,0.0037,0.8788,1.2025,1.4938,-0.9163,4.7352,0.1190,0.0756,0.1669,0.3726,1.5283,0.1103,0.1440,0.0126,0.0232,0.5472,1.1675,-0.0000,0.1878,0.1714,0.0030,8.4483
1786331240.54,33.031,30.953,34.726,0.8037,0.8075,0.8000,0.8000,0.8000,0.8013,1.5012,1.5000,1.8000,1.7950,3.3138,1.2000,1.1000,0.0037,0.8800,1.2038,1.4938,-1.2538,4.7198,0.1120,0.0760,0.1672,0.3718,1.5290,0.1110,0.1431,0.0126,0.0249,0.5466,1.1649,-0.0000,0.1870,0.1715,0.0022,8.0858
1786331241.54,32.539,31.546,34.726,0.8037,0.8087,0.7975,0.8000,0.7988,0.8013,1.5038,1.5000,1.8013,1.7950,3.3138,1.2000,1.1013,0.0025,0.8788,1.2038,1.4938,-2.0254,4.7352,0.1156,0.0752,0.1669,0.3670,1.5338,0.1103,0.1441,0.0126,0.0249,0.5460,1.1657,-0.0000,0.1889,0.1715,0.0037,7.3360
1786331242.54,32.875,31.453,34.726,0.8037,0.8100,0.8000,0.8000,0.7988,0.8013,1.5025,1.5000,1.8000,1.7963,3.3150,1.1987,1.1013,0.0037,0.8788,1.2038,1.4938,-2.0013,4.7426,0.1148,0.0752,0.1673,0.3686,1.5318,0.1110,0.1431,0.0126,0.0249,0.5454,1.1657,0.0000,0.1878,0.1715,0.0030,7.3639
1786331243.54,32.742,30.968,34.726,0.8037,0.8100,0.8000,0.8000,0.7988,0.8000,1.5025,1.5000,1.8013,1.7963,3.3138,1.2000,1.1013,0.0025,0.8788,1.2025,1.4938,-1.8567,4.7264,0.1212,0.0752,0.1669,0.3664,1.5423,0.1110,0.1432,0.0126,0.0232,0.5454,1.1651,-0.0000,0.1867,0.1699,0.0037,7.5026
1786331244.54,32.718,31.359,34.726,0.8037,0.8100,0.8000,0.8000,0.7988,0.8013,1.5025,1.4988,1.8013,1.7950,3.3150,1.2000,1.1025,0.0037,0.8788,1.2038,1.4938,-1.7361,4.7466,0.1156,0.0752,0.1665,0.3674,1.5295,0.1109,0.1441,0.0126,0.0232,0.5466,1.1675,-0.0000,0.1878,0.1715,0.0030,7.6320
1786331245.54,33.171,31.226,34.726,0.8050,0.8075,0.7988,0.8013,0.7988,0.8013,1.5012,1.5012,1.7988,1.7963,3.3150,1.2012,1.1013,0.0037,0.8775,1.2025,1.4938,-1.2558,4.7118,0.1150,0.0757,0.1673,0.3710,1.5425,0.1111,0.1430,0.0117,0.0232,0.5478,1.1662,-0.0000,0.1876,0.1714,0.0037,8.0932
1786331246.54,32.671,31.078,34.726,0.8037,0.8087,0.8000,0.8013,0.7988,0.8013,1.5025,1.5012,1.8013,1.7975,3.3138,1.1987,1.1000,0.0037,0.8775,1.2038,1.4938,-1.7120,4.7271,0.1164,0.0753,0.1669,0.3690,1.5333,0.1111,0.1441,0.0126,0.0232,0.5448,1.1643,-0.0000,0.1865,0.1685,0.0030,7.6342
1786331247.54,32.757,31.437,34.726,0.8037,0.8075,0.7988,0.8000,0.7988,0.8013,1.5025,1.5000,1.8000,1.7950,3.3138,1.2000,1.1013,0.0037,0.8788,1.2025,1.4938,-1.8326,4.7158,0.1166,0.0748,0.1673,0.3722,1.5453,0.1110,0.1440,0.0117,0.0232,0.5466,1.1657,-0.0000,0.1856,0.1714,0.0022,7.5209
1786331248.54,32.570,31.195,34.726,0.8037,0.8087,0.7988,0.8000,0.8000,0.8013,1.5012,1.4988,1.8000,1.7963,3.3138,1.2000,1.1013,0.0050,0.8788,1.2038,1.4950,-2.0496,4.7352,0.1134,0.0752,0.1672,0.3678,1.5313,0.1102,0.1431,0.0126,0.0232,0.5466,1.1657,-0.0000,0.1878,0.1715,0.0022,7.3034
1786331249.54,32.609,31.140,34.726,0.8037,0.8100,0.8000,0.8000,0.7975,0.8013,1.5012,1.5000,1.8000,1.7963,3.3150,1.2000,1.1013,0.0025,0.8788,1.2025,1.4938,-1.6638,4.7345,0.1152,0.0752,0.1667,0.3710,1.5305,0.1103,0.1431,0.0126,0.0232,0.5478,1.1657,-0.0000,0.1878,0.1714,0.0022,7.6933
1786331250.54,33.085,31.273,34.726,0.8037,0.8087,0.7988,0.8000,0.7988,0.8013,1.5025,1.5000,1.8013,1.7963,3.3163,1.2012,1.1013,0.0025,0.8775,1.2025,1.4938,-1.7361,4.7231,0.1126,0.0752,0.1669,0.3666,1.5318,0.1103,0.1432,0.0126,0.0216,0.5466,1.1662,-0.0000,0.1854,0.1699,0.0022,7.5980
1786331251.54,32.570,31.031,34.726,0.8037,0.8087,0.8000,0.8000,0.7988,0.8013,1.5025,1.4988,1.8013,1.7963,3.3150,1.2000,1.1025,0.0025,0.8788,1.2025,1.4938,-2.0496,4.7312,0.1144,0.0756,0.1673,0.3686,1.5310,0.1109,0.1441,0.0126,0.0232,0.5454,1.1675,0.0000,0.1867,0.1714,0.0030,7.3034
1786331252.54,32.617,31.195,34.726,0.8037,0.8087,0.7988,0.8013,0.8000,0.8000,1.5012,1.5000,1.8000,1.7963,3.3163,1.2000,1.1013,0.0050,0.8788,1.2025,1.4950,-1.6879,4.7312,0.1146,0.0753,0.1672,0.3692,1.5403,0.1110,0.1449,0.0126,0.0249,0.5478,1.1662,-0.0000,0.1867,0.1729,0.0030,7.6799
1786331253.54,32.679,31.000,34.726,0.8025,0.8075,0.8000,0.8000,0.7988,0.8000,1.5025,1.4988,1.8013,1.7963,3.3138,1.2012,1.1000,0.0037,0.8775,1.2025,1.4950,-2.1667,4.7158,0.1132,0.0748,0.1669,0.3640,1.5303,0.1094,0.1432,0.0135,0.0232,0.5466,1.1655,-0.0000,0.1876,0.1699,0.0030,7.1600
1786331254.54,32.812,31.156,34.726,0.8037,0.8087,0.7988,0.8000,0.7988,0.8013,1.5025,1.5000,1.8025,1.7975,3.3150,1.2012,1.1013,0.0037,0.8788,1.2038,1.4938,-2.0013,4.7231,0.1186,0.0752,0.1673,0.3678,1.5408,0.1110,0.1433,0.0117,0.0232,0.5472,1.1662,-0.0000,0.1878,0.1700,0.0030,7.3549
1786331255.54,32.992,30.937,34.726,0.8037,0.8087,0.8000,0.8000,0.8000,0.8013,1.5025,1.5000,1.8025,1.7963,3.3138,1.2000,1.1013,0.0037,0.8788,1.2025,1.4950,-1.8326,4.7312,0.1100,0.0744,0.1672,0.3670,1.5310,0.1103,0.1442,0.0126,0.0215,0.5454,1.1662,-0.0000,0.1856,0.1699,0.0030,7.5069
1786331256.54,32.390,31.148,34.726,0.8037,0.8087,0.7988,0.7988,0.7988,0.8013,1.5050,1.4988,1.8025,1.7963,3.3138,1.2000,1.1025,0.0025,0.8775,1.2025,1.4950,-1.8567,4.7271,0.1146,0.0751,0.1665,0.3694,1.5328,0.1094,0.1442,0.0126,0.0232,0.5454,1.1670,-0.0000,0.1865,0.1699,0.0037,7.4908
1786331257.54,32.671,31.023,34.726,0.8050,0.8087,0.8000,0.8013,0.8000,0.8000,1.5025,1.5000,1.7988,1.7963,3.3150,1.2012,1.1000,0.0025,0.8788,1.2025,1.4938,-1.4973,4.7352,0.1140,0.0749,0.1672,0.3668,1.5318,0.1103,0.1430,0.0108,0.0249,0.5502,1.1649,-0.0000,0.1878,0.1714,0.0030,7.8588
1786331258.54,32.898,31.398,34.726,0.8037,0.8087,0.8000,0.8013,0.8000,0.8000,1.5025,1.5000,1.8013,1.7963,3.3150,1.2000,1.1013,0.0025,0.8788,1.2025,1.4925,-1.5432,4.7635,0.1124,0.0753,0.1676,0.3676,1.5310,0.1095,0.1450,0.0126,0.0249,0.5568,1.1651,-0.0000,0.1878,0.1729,0.0030,7.8518
1786331259.54,32.617,31.140,34.726,0.8037,0.8087,0.7988,0.8000,0.7975,0.8013,1.5025,1.5000,1.8013,1.7963,3.3150,1.2000,1.1013,0.0050,0.8788,1.2025,1.4938,-1.5191,4.7312,0.1138,0.0752,0.1671,0.3686,1.5318,0.1110,0.1432,0.0135,0.0232,0.5508,1.1662,-0.0000,0.1878,0.1699,0.0030,7.8371
1786331260.54,32.632,31.039,34.726,0.8037,0.8087,0.7988,0.8000,0.8000,0.8013,1.5025,1.5000,1.8025,1.7963,3.3150,1.2000,1.1013,0.0037,0.8788,1.2038,1.4950,-2.3389,4.7110,0.1118,0.0752,0.1668,0.5224,1.5318,0.1103,0.1433,0.0117,0.0232,0.5634,1.1657,-0.0000,0.1878,0.1715,0.0022,7.1592
1786331261.54,32.968,30.742,34.726,0.8025,0.8087,0.7988,0.8000,0.7988,0.8013,1.5025,1.4988,1.8013,1.7963,3.3150,1.2000,1.1013,0.0050,0.8775,1.2038,1.4938,-1.4204,4.7433,0.1130,0.0748,0.1665,0.3670,1.5423,0.1102,0.1450,0.0126,0.0249,0.5466,1.1657,-0.0000,0.1887,0.1700,0.0022,7.9523
1786331262.54,32.906,31.445,34.726,0.8037,0.8075,0.8000,0.8000,0.7963,0.8025,1.5025,1.5000,1.8013,1.7975,3.3138,1.2000,1.1000,0.0037,0.8775,1.2025,1.4938,-1.5914,4.7198,0.1144,0.0752,0.1660,0.3736,1.5303,0.1103,0.1423,0.0126,0.0232,0.5478,1.1649,-0.0000,0.1876,0.1714,0.0022,7.7501
1786331263.54,32.671,31.054,34.726,0.8037,0.8087,0.7988,0.8000,0.7988,0.8025,1.5038,1.4988,1.8000,1.7963,3.3150,1.2000,1.1013,0.0037,0.8775,1.2025,1.4950,-1.5914,4.7352,0.1098,0.0752,0.1673,0.3740,1.5444,0.1109,0.1440,0.0126,0.0232,0.5508,1.1662,0.0000,0.1887,0.1714,0.0045,7.7867
1786331264.54,32.789,31.257,34.726,0.8037,0.8087,0.8000,0.8000,0.8000,0.8025,1.5012,1.4988,1.8013,1.7963,3.3150,1.2012,1.1000,0.0037,0.8800,1.2025,1.4925,-2.0013,4.7231,0.1140,0.0756,0.1672,0.3675,1.5290,0.1109,0.1450,0.0135,0.0249,0.5514,1.1643,-0.0000,0.1881,0.1699,0.0030,7.3460
1786331265.54,32.578,31.312,34.726,0.8037,0.8087,0.7988,0.8013,0.7988,0.8013,1.5025,1.5000,1.8025,1.7950,3.3150,1.2000,1.1025,0.0037,0.8788,1.2025,1.4938,-1.3744,4.7271,0.1098,0.0757,0.1669,0.3706,1.5416,0.1103,0.1442,0.0126,0.0249,0.5466,1.1670,-0.0000,0.1878,0.1714,0.0037,7.9858
1786331266.54,32.609,31.101,34.726,0.8037,0.8087,0.7988,0.8013,0.7988,0.8013,1.5025,1.4988,1.8000,1.7963,3.3150,1.2012,1.1025,0.0037,0.8775,1.2025,1.4938,-2.1942,4.7231,0.1150,0.0753,0.1665,0.3674,1.5303,0.1109,0.1440,0.0117,0.0232,0.5466,1.1681,-0.0000,0.1865,0.1699,0.0037,7.1479
1786331267.54,32.625,30.976,34.726,0.8025,0.8100,0.8000,0.8013,0.7988,0.8013,1.5012,1.5000,1.8013,1.7950,3.3150,1.2000,1.1025,0.0037,0.8788,1.2025,1.4950,-1.5649,4.7304,0.1144,0.0757,0.1665,0.3722,1.5290,0.1110,0.1432,0.0126,0.0232,0.5454,1.1675,-0.0000,0.1867,0.1729,0.0030,7.7889
1786331268.54,32.562,31.039,34.726,0.8037,0.8075,0.7988,0.8000,0.7988,0.8013,1.5025,1.5000,1.8013,1.7963,3.3138,1.2000,1.1013,0.0025,0.8775,1.2025,1.4950,-1.5432,4.7279,0.1126,0.0752,0.1665,0.3686,1.5393,0.1103,0.1441,0.0135,0.0232,0.5484,1.1668,-0.0000,0.1865,0.1699,0.0030,7.8125
1786331269.54,32.664,31.648,34.726,0.8037,0.8087,0.7988,0.8013,0.7988,0.8013,1.5025,1.5000,1.8000,1.7963,3.3138,1.2000,1.1013,0.0050,0.8788,1.2025,1.4950,-1.5432,4.7312,0.1170,0.0753,0.1677,0.3662,1.5295,0.1095,0.1440,0.0108,0.0249,0.5466,1.1657,-0.0000,0.1878,0.1714,0.0030,7.8074
1786331270.54,32.570,31.070,34.726,0.8025,0.8087,0.7988,0.8013,0.7988,0.8013,1.5025,1.5000,1.8000,1.7963,3.3163,1.2000,1.1013,0.0037,0.8788,1.2038,1.4938,-1.9260,4.7312,0.1174,0.0749,0.1665,0.3694,1.5401,0.1110,0.1431,0.0117,0.0249,0.5496,1.1657,-0.0000,0.1878,0.1715,0.0030,7.4418
1786331271.54,32.734,31.203,34.726,0.8037,0.8087,0.8000,0.8013,0.7988,0.8013,1.5012,1.5000,1.8013,1.7963,3.3150,1.2000,1.1013,0.0037,0.8800,1.2025,1.4938,-2.1701,4.7231,0.1108,0.0753,0.1669,0.3670,1.5305,0.1110,0.1450,0.0126,0.0232,0.5460,1.1662,-0.0000,0.1892,0.1714,0.0030,7.1711
1786331272.54,32.648,30.953,34.726,0.8037,0.8087,0.7988,0.8013,0.7988,0.8013,1.5012,1.5000,1.8013,1.7963,3.3138,1.2012,1.1013,0.0037,0.8800,1.2025,1.4938,-2.2425,4.7271,0.1082,0.0753,0.1669,0.3758,1.5395,0.1103,0.1441,0.0117,0.0249,0.5478,1.1668,0.0000,0.1870,0.1714,0.0022,7.1165
1786331273.54,32.859,30.835,34.726,0.8037,0.8100,0.8000,0.8000,0.7988,0.8013,1.5012,1.5000,1.8013,1.7963,3.3163,1.2000,1.1013,0.0037,0.8788,1.2025,1.4950,-1.8808,4.7183,0.1148,0.0752,0.1665,0.3670,1.5313,0.1110,0.1441,0.0126,0.0232,0.5454,1.1657,-0.0000,0.1878,0.1714,0.0030,7.4564
1786331274.54,32.703,31.304,34.726,0.8037,0.8087,0.8000,0.8013,0.7988,0.8013,1.5012,1.5012,1.8013,1.7963,3.3138,1.2012,1.1025,0.0037,0.8788,1.2038,1.4938,-1.7120,4.7352,0.1152,0.0749,0.1665,0.3606,1.5290,0.1103,0.1450,0.0135,0.0232,0.5466,1.1670,-0.0000,0.1867,0.1700,0.0022,7.6341
1786331275.54,32.796,31.242,34.726,0.8037,0.8087,0.8000,0.8013,0.7988,0.8000,1.5012,1.5000,1.8013,1.7950,3.3163,1.2012,1.1013,0.0037,0.8788,1.2038,1.4938,-1.3744,4.7433,0.1144,0.0753,0.1665,0.3624,1.5305,0.1118,0.1432,0.0126,0.0232,0.5460,1.1668,-0.0000,0.1878,0.1715,0.0022,7.9832
1786331276.54,32.875,31.109,34.726,0.8037,0.8087,0.8000,0.8013,0.7988,0.8013,1.5025,1.5000,1.8000,1.7963,3.3150,1.2000,1.1013,0.0037,0.8788,1.2025,1.4925,-1.3985,4.7231,0.1132,0.0749,0.1669,0.3670,1.5310,0.1095,0.1440,0.0126,0.0249,0.5478,1.1662,-0.0000,0.1867,0.1729,0.0022,7.9444
1786331277.54,32.781,31.031,34.726,0.8037,0.8100,0.7988,0.8000,0.7988,0.8013,1.5025,1.5000,1.8013,1.7963,3.3150,1.2000,1.1013,0.0037,0.8788,1.2025,1.4925,-1.5191,4.7183,0.1098,0.0756,0.1673,0.3662,1.5416,0.1110,0.1432,0.0126,0.0232,0.5460,1.1657,-0.0000,0.1878,0.1714,0.0030,7.8235
1786331278.54,32.593,30.953,34.726,0.8037,0.8100,0.7988,0.8000,0.7988,0.8013,1.5025,1.5000,1.8013,1.7963,3.3150,1.2000,1.1000,0.0037,0.8788,1.2025,1.4938,-1.7602,4.7304,0.1130,0.0756,0.1673,0.3666,1.5295,0.1095,0.1441,0.0126,0.0232,0.5508,1.1649,-0.0000,0.1878,0.1699,0.0030,7.5880
1786331279.54,32.734,31.046,34.726,0.8025,0.8100,0.7988,0.8000,0.8000,0.8013,1.5025,1.4988,1.8000,1.7963,3.3138,1.2000,1.1013,0.0037,0.8775,1.2038,1.4950,-2.0464,4.7385,0.1162,0.0756,0.1672,0.3686,1.5423,0.1102,0.1440,0.0117,0.0232,0.5466,1.1662,-0.0000,0.1876,0.1715,0.0030,7.3260
1786331280.54,32.859,31.312,34.726,0.8037,0.8100,0.7988,0.8013,0.8000,0.8000,1.5025,1.5000,1.8000,1.7963,3.3138,1.2000,1.1025,0.0037,0.8788,1.2025,1.4950,-1.3021,4.7831,0.1126,0.0757,0.1672,0.5160,1.5416,0.1103,0.1431,0.0117,0.0232,0.5466,1.1664,-0.0000,0.1889,0.1714,0.0022,8.2579
1786331281.54,32.765,31.132,34.726,0.8037,0.8087,0.7988,0.8013,0.7988,0.8013,1.5025,1.5000,1.8000,1.7963,3.3150,1.2012,1.1025,0.0050,0.8775,1.2038,1.4938,-1.6879,4.7271,0.1158,0.0757,0.1665,0.3610,1.5303,0.1110,0.1449,0.0117,0.0199,0.5484,1.1670,-0.0000,0.1865,0.1700,0.0037,7.6517
1786331282.54,32.515,30.906,34.726,0.8050,0.8087,0.7988,0.8000,0.7988,0.8000,1.5012,1.4988,1.8000,1.7963,3.3150,1.2000,1.1013,0.0037,0.8775,1.2025,1.4950,-1.6905,4.7191,0.1182,0.0752,0.1669,0.3720,1.5283,0.1094,0.1449,0.0117,0.0249,0.5478,1.1651,-0.0000,0.1876,0.1714,0.0030,7.6549
1786331283.54,32.851,30.835,34.726,0.8037,0.8100,0.8000,0.8000,0.7988,0.8013,1.5025,1.5000,1.8013,1.7963,3.3150,1.2000,1.1013,0.0037,0.8775,1.2025,1.4938,-1.0610,4.7264,0.1148,0.0752,0.1673,0.3714,1.5401,0.1103,0.1450,0.0135,0.0232,0.5478,1.1673,0.0000,0.1854,0.1729,0.0030,8.3025
1786331284.54,33.335,31.179,34.726,0.8037,0.8087,0.7988,0.8013,0.7988,0.8000,1.5038,1.5000,1.8000,1.7975,3.3138,1.2012,1.1013,0.0025,0.8775,1.2025,1.4938,-1.5191,4.7474,0.1170,0.0753,0.1677,0.5224,1.5406,0.1110,0.1440,0.0126,0.0249,1.1472,1.1662,-0.0000,0.1876,0.1714,0.0030,8.6191
1786331285.54,33.617,31.453,34.726,0.8025,0.8087,0.7988,0.8013,0.8000,0.8025,1.5038,1.5000,1.8013,1.7963,3.3150,1.2000,1.1013,0.0037,0.8788,1.2025,1.4938,-1.2519,4.7393,0.1142,0.0757,0.1676,0.5874,1.5316,0.1118,0.1441,0.0117,0.0215,0.5490,1.1662,-0.0000,0.1900,0.1699,0.0015,8.3296
1786331286.54,32.796,31.070,34.726,0.8025,0.8087,0.8000,0.8013,0.7975,0.8013,1.5025,1.5000,1.8025,1.7963,3.3150,1.2000,1.1013,0.0037,0.8775,1.2038,1.4938,-1.6612,4.7231,0.1152,0.0753,0.1667,0.3654,1.5295,0.1110,0.1442,0.0126,0.0232,0.5460,1.1651,-0.0000,0.1876,0.1715,0.0022,7.6775
1786331287.54,32.515,31.015,34.726,0.8037,0.8087,0.7988,0.8000,0.7988,0.8013,1.5025,1.4988,1.8025,1.7975,3.3163,1.2000,1.1013,0.0037,0.8800,1.2025,1.4938,-1.5432,4.7271,0.1130,0.0752,0.1669,0.3718,1.5401,0.1109,0.1451,0.0126,0.0232,0.5460,1.1662,-0.0000,0.1870,0.1714,0.0022,7.8156
1786331288.54,32.812,31.281,34.726,0.8037,0.8087,0.8000,0.8013,0.7988,0.8013,1.5025,1.4988,1.8000,1.7963,3.3150,1.2000,1.1013,0.0037,0.8788,1.2025,1.4925,-1.7602,4.7271,0.1188,0.0753,0.1669,0.3433,1.5295,0.1109,0.1440,0.0126,0.0232,0.5466,1.1657,-0.0000,0.1878,0.1714,0.0030,7.5660
1786331289.54,32.734,31.132,34.726,0.8037,0.8100,0.8000,0.7988,0.7988,0.8013,1.5025,1.5000,1.8013,1.7963,3.3163,1.2000,1.1013,0.0037,0.8788,1.2038,1.4950,-1.5914,4.7507,0.1108,0.0751,0.1665,0.3429,1.5265,0.1110,0.1441,0.0126,0.0232,0.5454,1.1662,0.0000,0.1878,0.1715,0.0030,7.7460
1786331290.54,32.468,31.117,34.726,0.8037,0.8087,0.8013,0.8000,0.8000,0.8013,1.5025,1.5012,1.8013,1.7963,3.3150,1.2000,1.1013,0.0037,0.8788,1.2025,1.4950,-1.3262,4.7231,0.1154,0.0756,0.1672,0.3686,1.5280,0.1096,0.1441,0.0126,0.0232,0.5694,1.1662,-0.0000,0.1878,0.1699,0.0030,8.0375
1786331291.55,32.757,31.281,34.726,0.8025,0.8075,0.7988,0.8000,0.7988,0.8013,1.5025,1.5000,1.8013,1.7963,3.3150,1.2012,1.1013,0.0037,0.8788,1.2025,1.4938,-1.0834,4.7198,0.1142,0.0752,0.1669,0.3710,1.5310,0.1110,0.1486,0.0126,0.0232,0.5676,1.1657,-0.0000,0.1900,0.1729,0.0030,8.2894
1786331292.55,32.992,30.953,34.726,0.8037,0.8087,0.7988,0.8000,0.7988,0.8000,1.5025,1.4988,1.8000,1.7963,3.3150,1.2000,1.1013,0.0037,0.8788,1.2025,1.4950,-2.3630,4.7271,0.1126,0.0752,0.1669,0.3564,1.5386,0.1102,0.1440,0.0126,0.0232,0.5460,1.1668,-0.0000,0.1878,0.1714,0.0030,6.9787
1786331293.55,32.500,31.078,34.726,0.8037,0.8100,0.7988,0.8000,0.7988,0.8000,1.5025,1.5000,1.8025,1.7963,3.3138,1.2000,1.1013,0.0037,0.8800,1.2025,1.4938,-1.6638,4.7304,0.1174,0.0752,0.1669,0.1680,1.5303,0.1118,0.1433,0.0126,0.0215,0.5466,1.1668,-0.0000,0.1892,0.1714,0.0030,7.4906
1786331294.55,32.515,31.156,34.726,0.8025,0.8100,0.8000,0.8013,0.8000,0.8013,1.5025,1.5012,1.8013,1.7963,3.3150,1.2012,1.1013,0.0037,0.8775,1.2038,1.4938,-1.3001,4.7304,0.1092,0.0753,0.1676,0.1623,1.5356,0.1103,0.1432,0.0135,0.0232,0.5472,1.1657,-0.0000,0.1865,0.1715,0.0022,7.8436
1786331295.55,32.460,31.218,34.726,0.8025,0.8087,0.8000,0.8000,0.7988,0.8000,1.5025,1.5000,1.8013,1.7963,3.3150,1.2000,1.1013,0.0037,0.8775,1.2025,1.4938,-1.6371,4.7110,0.1092,0.0756,0.1669,0.1656,1.5258,0.1103,0.1432,0.0117,0.0249,0.5490,1.1668,-0.0000,0.1865,0.1699,0.0030,7.4821
1786331296.55,32.328,31.445,34.726,0.8037,0.8087,0.7988,0.8000,0.7975,0.8013,1.5025,1.5000,1.8013,1.7963,3.3150,1.2012,1.1025,0.0037,0.8788,1.2025,1.4938,-1.7602,4.7231,0.1154,0.0752,0.1667,0.1635,1.5363,0.1110,0.1486,0.0126,0.0232,0.5466,1.1675,-0.0000,0.1878,0.1714,0.0030,7.3916
1786331297.55,32.453,31.195,34.726,0.8037,0.8087,0.7988,0.8000,0.7988,0.8013,1.5025,1.4988,1.8013,1.7963,3.3150,1.2012,1.1013,0.0025,0.8775,1.2038,1.4938,-1.4950,4.7312,0.1150,0.0752,0.1665,0.1470,1.5273,0.1102,0.1441,0.0126,0.0232,0.6072,1.1657,-0.0000,0.1876,0.1715,0.0022,7.6916
